<?xml version="1.0" encoding="UTF-8"?><magicdraw><property classType="Property" humanType="Property" icon="ripples_files/icon_property_932503272.png" id="_17_0_5_1_43701b0_1461923350201_122336_3716"><aggregation humanName="Aggregation" mode="s,e">none</aggregation><association classType="Association" humanName="Association" humanType="Association" icon="ripples_files/icon_association_399155742.png" isRelationship="true" name="Association[AnnotatedElement -&gt; declaredAnnotations:Annotation]" refid="_17_0_5_1_43701b0_1461923350103_533751_3402"/><classifier classType="Interface" humanName="Classifier" humanType="Interface" icon="ripples_files/icon_interface_753692748.png" name="AnnotatedElement" refid="_17_0_5_1_43701b0_1461923350095_531597_3375"/><featuringClassifier classType="Interface" humanName="Featuring Classifier" humanType="Interface" icon="ripples_files/icon_interface_753692748.png" name="AnnotatedElement" refid="_17_0_5_1_43701b0_1461923350095_531597_3375"/><interface classType="Interface" humanName="Interface" humanType="Interface" icon="ripples_files/icon_interface_753692748.png" name="AnnotatedElement" refid="_17_0_5_1_43701b0_1461923350095_531597_3375"/><isComposite humanName="Is Composite">false</isComposite><isDerived humanName="Is Derived" mode="s,e">false</isDerived><isDerivedUnion humanName="Is Derived Union" mode="s,e">false</isDerivedUnion><isID humanName="Is ID" mode="e">false</isID><isLeaf humanName="Is Leaf" mode="s,e">false</isLeaf><isOrdered humanName="Is Ordered" mode="s,e">false</isOrdered><isReadOnly humanName="Is Read Only" mode="s,e">false</isReadOnly><isStatic humanName="Is Static" mode="s,e">false</isStatic><isUnique humanName="Is Unique" mode="e">true</isUnique><lower humanName="Lower">0</lower><lowerValue classType="LiteralUnlimitedNatural" humanName="Lower Value" humanType="Literal Unlimited Natural" icon="ripples_files/icon_literalunlimitednatural_1874326541.png" name="0" refid="_17_0_5_1_43701b0_1461923350252_916381_3997" text="0"/><multiplicity humanName="Multiplicity" mode="s,e">*</multiplicity><multiplicity humanName="Multiplicity" mode="s,e">*</multiplicity><name humanName="Name" mode="s,e">declaredAnnotations</name><namespace classType="Interface" humanName="Namespace" humanType="Interface" icon="ripples_files/icon_interface_753692748.png" name="AnnotatedElement" refid="_17_0_5_1_43701b0_1461923350095_531597_3375"/><navigable humanName="Navigable">true</navigable><opposite classType="Property" humanName="Opposite" humanType="Property" icon="ripples_files/icon_property_932503272.png" name=" : AnnotatedElement" refid="_17_0_5_1_43701b0_1461923350216_131054_3816"/><ownedBy classType="Interface" humanName="Owned By" humanType="Interface" icon="ripples_files/icon_interface_753692748.png" name="AnnotatedElement" refid="_17_0_5_1_43701b0_1461923350095_531597_3375"/><ownedElement humanName="Owned Element"><literalunlimitednatural classType="LiteralUnlimitedNatural" humanType="Literal Unlimited Natural" icon="ripples_files/icon_literalunlimitednatural_1874326541.png" name="*" refid="_17_0_5_1_43701b0_1461923350252_840760_3996" text="*"/><literalunlimitednatural classType="LiteralUnlimitedNatural" humanType="Literal Unlimited Natural" icon="ripples_files/icon_literalunlimitednatural_1874326541.png" name="0" refid="_17_0_5_1_43701b0_1461923350252_916381_3997" text="0"/></ownedElement><owner classType="Interface" humanName="Owner" humanType="Interface" icon="ripples_files/icon_interface_753692748.png" mode="s,e" name="AnnotatedElement" refid="_17_0_5_1_43701b0_1461923350095_531597_3375"/><qualifiedName humanName="Qualified Name" mode="e">Java Reflection::AnnotatedElement::declaredAnnotations</qualifiedName><redefinitionContext humanName="Redefinition Context"><interface classType="Interface" humanType="Interface" icon="ripples_files/icon_interface_753692748.png" name="AnnotatedElement" refid="_17_0_5_1_43701b0_1461923350095_531597_3375"/></redefinitionContext><TO_DO humanName="To Do" mode="s,e"/><type classType="Interface" humanName="Type" humanType="Interface" icon="ripples_files/icon_interface_753692748.png" mode="s,e" name="Annotation" refid="_17_0_5_1_43701b0_1461923350102_794940_3397"/><TYPE_MODIFIER humanName="Type Modifier" mode="e"/><upper humanName="Upper">-1</upper><upperValue classType="LiteralUnlimitedNatural" humanName="Upper Value" humanType="Literal Unlimited Natural" icon="ripples_files/icon_literalunlimitednatural_1874326541.png" name="*" refid="_17_0_5_1_43701b0_1461923350252_840760_3996" text="*"/><visibility humanName="Visibility" mode="s,e">public</visibility></property></magicdraw>