<?xml version="1.0" encoding="UTF-8"?><magicdraw><literalunlimitednatural classType="LiteralUnlimitedNatural" humanType="Literal Unlimited Natural" icon="ripples_files/icon_literalunlimitednatural_1874326541.png" id="_17_0_5_1_43701b0_1461923350253_442938_4006"><name humanName="Name"/><owner classType="Property" humanName="Owner" humanType="Property" icon="ripples_files/icon_property_932503272.png" mode="e" name="annotatedBounds" refid="_17_0_5_1_43701b0_1461923350203_920797_3725"/><owningLower classType="Property" humanName="Owning Lower" humanType="Property" icon="ripples_files/icon_property_932503272.png" name="annotatedBounds" refid="_17_0_5_1_43701b0_1461923350203_920797_3725"/><qualifiedName humanName="Qualified Name">Java Reflection::AnnotatedTypeVariable::annotatedBounds::</qualifiedName><text humanName="Text" mode="standard">0</text><TO_DO humanName="To Do"/><TYPE_MODIFIER humanName="Type Modifier"/><value humanName="Value" mode="s,e">0</value><visibility humanName="Visibility">public</visibility></literalunlimitednatural></magicdraw>