<?xml version="1.0" encoding="UTF-8"?><magicdraw><literalinteger classType="LiteralInteger" humanType="Literal Integer" icon="ripples_files/icon_literalinteger_182673449.png" id="_17_0_5_1_43701b0_1461923350251_460259_3981"><name humanName="Name"/><owner classType="Property" humanName="Owner" humanType="Property" icon="ripples_files/icon_property_932503272.png" mode="e" name="annotatedSuperclass" refid="_17_0_5_1_43701b0_1461923350200_564761_3704"/><owningLower classType="Property" humanName="Owning Lower" humanType="Property" icon="ripples_files/icon_property_932503272.png" name="annotatedSuperclass" refid="_17_0_5_1_43701b0_1461923350200_564761_3704"/><qualifiedName humanName="Qualified Name">Java Reflection::Class::annotatedSuperclass::</qualifiedName><text humanName="Text" mode="standard">1</text><TO_DO humanName="To Do"/><TYPE_MODIFIER humanName="Type Modifier"/><value humanName="Value" mode="s,e">1</value><visibility humanName="Visibility">public</visibility></literalinteger></magicdraw>