<?xml version="1.0" encoding="UTF-8"?><magicdraw><class classType="Class" humanType="Class" icon="ripples_files/icon_class_1403380247.png" id="_17_0_5_1_43701b0_1461923350099_228003_3386"><allGeneralClassifiers humanName="All General Classifiers"><class classType="Class" humanType="Class" icon="ripples_files/icon_class_1403380247.png" name="AccessibleObject" refid="_17_0_5_1_43701b0_1461923350097_173006_3382"/><class classType="Class" humanType="Class" icon="ripples_files/icon_class_1403380247.png" name="Executable" refid="_17_0_5_1_43701b0_1461923350098_731815_3384"/><class classType="Class" humanType="Class" icon="ripples_files/icon_class_1403380247.png" name="Object" refid="_17_0_5_1_43701b0_1461923350105_682820_3411"/></allGeneralClassifiers><attribute humanName="Attribute"><property classType="Property" humanType="Property" icon="ripples_files/icon_property_932503272.png" name="bridge" refid="_17_0_5_1_43701b0_1461923350211_567431_3780"/><property classType="Property" humanType="Property" icon="ripples_files/icon_property_932503272.png" name="default" refid="_17_0_5_1_43701b0_1461923350211_49490_3779"/><property classType="Property" humanType="Property" icon="ripples_files/icon_property_932503272.png" name="defaultValue" refid="_17_0_5_1_43701b0_1461923350211_40053_3776"/><property classType="Property" humanType="Property" icon="ripples_files/icon_property_932503272.png" name="genericReturnType" refid="_17_0_5_1_43701b0_1461923350211_429953_3777"/><property classType="Property" humanType="Property" icon="ripples_files/icon_property_932503272.png" name="returnType" refid="_17_0_5_1_43701b0_1461923350211_702465_3778"/></attribute><feature humanName="Feature"><property classType="Property" humanType="Property" icon="ripples_files/icon_property_932503272.png" name="bridge" refid="_17_0_5_1_43701b0_1461923350211_567431_3780"/><property classType="Property" humanType="Property" icon="ripples_files/icon_property_932503272.png" name="default" refid="_17_0_5_1_43701b0_1461923350211_49490_3779"/><property classType="Property" humanType="Property" icon="ripples_files/icon_property_932503272.png" name="defaultValue" refid="_17_0_5_1_43701b0_1461923350211_40053_3776"/><property classType="Property" humanType="Property" icon="ripples_files/icon_property_932503272.png" name="genericReturnType" refid="_17_0_5_1_43701b0_1461923350211_429953_3777"/><operation classType="Operation" humanType="Operation" icon="ripples_files/icon_operation_1932009480.png" name="invoke" refid="_17_0_5_1_43701b0_1461923350211_921260_3775"/><property classType="Property" humanType="Property" icon="ripples_files/icon_property_932503272.png" name="returnType" refid="_17_0_5_1_43701b0_1461923350211_702465_3778"/></feature><generalization humanName="Generalization"><generalization classType="Generalization" humanType="Generalization" icon="ripples_files/icon_generalization_1418550995.png" isRelationship="true" refid="_17_0_5_1_43701b0_1461923350204_753738_3737"/></generalization><inheritedMember humanName="Inherited Member"><property classType="Property" humanType="Property" icon="ripples_files/icon_property_932503272.png" name="accessible" refid="_17_0_5_1_43701b0_1461923350204_3204_3734"/><property classType="Property" humanType="Property" icon="ripples_files/icon_property_932503272.png" name="annotatedExceptionTypes" refid="_17_0_5_1_43701b0_1461923350204_932164_3740"/><property classType="Property" humanType="Property" icon="ripples_files/icon_property_932503272.png" name="annotatedParameterTypes" refid="_17_0_5_1_43701b0_1461923350205_116167_3741"/><property classType="Property" humanType="Property" icon="ripples_files/icon_property_932503272.png" name="annotatedReceiverType" refid="_17_0_5_1_43701b0_1461923350205_919989_3742"/><property classType="Property" humanType="Property" icon="ripples_files/icon_property_932503272.png" name="annotatedReturnType" refid="_17_0_5_1_43701b0_1461923350205_779157_3743"/><property classType="Property" humanType="Property" icon="ripples_files/icon_property_932503272.png" name="exceptionTypes" refid="_17_0_5_1_43701b0_1461923350205_509781_3744"/><property classType="Property" humanType="Property" icon="ripples_files/icon_property_932503272.png" name="genericExceptionTypes" refid="_17_0_5_1_43701b0_1461923350205_980073_3745"/><property classType="Property" humanType="Property" icon="ripples_files/icon_property_932503272.png" name="genericParameterTypes" refid="_17_0_5_1_43701b0_1461923350206_430760_3746"/><property classType="Property" humanType="Property" icon="ripples_files/icon_property_932503272.png" name="parameterAnnotations" refid="_17_0_5_1_43701b0_1461923350206_293589_3747"/><property classType="Property" humanType="Property" icon="ripples_files/icon_property_932503272.png" name="parameterCount" refid="_17_0_5_1_43701b0_1461923350206_854618_3748"/><property classType="Property" humanType="Property" icon="ripples_files/icon_property_932503272.png" name="parameters" refid="_17_0_5_1_43701b0_1461923350206_212252_3749"/><property classType="Property" humanType="Property" icon="ripples_files/icon_property_932503272.png" name="parameterTypes" refid="_17_0_5_1_43701b0_1461923350206_374908_3750"/><operation classType="Operation" humanType="Operation" icon="ripples_files/icon_operation_1932009480.png" name="setAccessible" refid="_17_0_5_1_43701b0_1461923350203_604290_3733"/><operation classType="Operation" humanType="Operation" icon="ripples_files/icon_operation_1932009480.png" name="toGenericString" refid="_17_0_5_1_43701b0_1461923350204_50550_3739"/><property classType="Property" humanType="Property" icon="ripples_files/icon_property_932503272.png" name="varArgs" refid="_17_0_5_1_43701b0_1461923350206_583940_3751"/></inheritedMember><isAbstract humanName="Is Abstract" mode="s,e">false</isAbstract><isActive humanName="Is Active" mode="s,e">false</isActive><isFinalSpecialization humanName="Is Final Specialization" mode="e">false</isFinalSpecialization><isLeaf humanName="Is Leaf" mode="s,e">false</isLeaf><member humanName="Member"><property classType="Property" humanType="Property" icon="ripples_files/icon_property_932503272.png" name="accessible" refid="_17_0_5_1_43701b0_1461923350204_3204_3734"/><property classType="Property" humanType="Property" icon="ripples_files/icon_property_932503272.png" name="annotatedExceptionTypes" refid="_17_0_5_1_43701b0_1461923350204_932164_3740"/><property classType="Property" humanType="Property" icon="ripples_files/icon_property_932503272.png" name="annotatedParameterTypes" refid="_17_0_5_1_43701b0_1461923350205_116167_3741"/><property classType="Property" humanType="Property" icon="ripples_files/icon_property_932503272.png" name="annotatedReceiverType" refid="_17_0_5_1_43701b0_1461923350205_919989_3742"/><property classType="Property" humanType="Property" icon="ripples_files/icon_property_932503272.png" name="annotatedReturnType" refid="_17_0_5_1_43701b0_1461923350205_779157_3743"/><property classType="Property" humanType="Property" icon="ripples_files/icon_property_932503272.png" name="bridge" refid="_17_0_5_1_43701b0_1461923350211_567431_3780"/><property classType="Property" humanType="Property" icon="ripples_files/icon_property_932503272.png" name="default" refid="_17_0_5_1_43701b0_1461923350211_49490_3779"/><property classType="Property" humanType="Property" icon="ripples_files/icon_property_932503272.png" name="defaultValue" refid="_17_0_5_1_43701b0_1461923350211_40053_3776"/><property classType="Property" humanType="Property" icon="ripples_files/icon_property_932503272.png" name="exceptionTypes" refid="_17_0_5_1_43701b0_1461923350205_509781_3744"/><property classType="Property" humanType="Property" icon="ripples_files/icon_property_932503272.png" name="genericExceptionTypes" refid="_17_0_5_1_43701b0_1461923350205_980073_3745"/><property classType="Property" humanType="Property" icon="ripples_files/icon_property_932503272.png" name="genericParameterTypes" refid="_17_0_5_1_43701b0_1461923350206_430760_3746"/><property classType="Property" humanType="Property" icon="ripples_files/icon_property_932503272.png" name="genericReturnType" refid="_17_0_5_1_43701b0_1461923350211_429953_3777"/><operation classType="Operation" humanType="Operation" icon="ripples_files/icon_operation_1932009480.png" name="invoke" refid="_17_0_5_1_43701b0_1461923350211_921260_3775"/><property classType="Property" humanType="Property" icon="ripples_files/icon_property_932503272.png" name="parameterAnnotations" refid="_17_0_5_1_43701b0_1461923350206_293589_3747"/><property classType="Property" humanType="Property" icon="ripples_files/icon_property_932503272.png" name="parameterCount" refid="_17_0_5_1_43701b0_1461923350206_854618_3748"/><property classType="Property" humanType="Property" icon="ripples_files/icon_property_932503272.png" name="parameters" refid="_17_0_5_1_43701b0_1461923350206_212252_3749"/><property classType="Property" humanType="Property" icon="ripples_files/icon_property_932503272.png" name="parameterTypes" refid="_17_0_5_1_43701b0_1461923350206_374908_3750"/><property classType="Property" humanType="Property" icon="ripples_files/icon_property_932503272.png" name="returnType" refid="_17_0_5_1_43701b0_1461923350211_702465_3778"/><operation classType="Operation" humanType="Operation" icon="ripples_files/icon_operation_1932009480.png" name="setAccessible" refid="_17_0_5_1_43701b0_1461923350203_604290_3733"/><operation classType="Operation" humanType="Operation" icon="ripples_files/icon_operation_1932009480.png" name="toGenericString" refid="_17_0_5_1_43701b0_1461923350204_50550_3739"/><property classType="Property" humanType="Property" icon="ripples_files/icon_property_932503272.png" name="varArgs" refid="_17_0_5_1_43701b0_1461923350206_583940_3751"/></member><name humanName="Name" mode="s,e">Method</name><namespace classType="Package" humanName="Namespace" humanType="Package" icon="ripples_files/icon_package_1584688439.png" name="Java Reflection" refid="_17_0_5_1_43701b0_1462171467184_515020_8291"/><ownedAttribute humanName="Owned Attribute"><property classType="Property" humanType="Property" icon="ripples_files/icon_property_932503272.png" name="bridge" refid="_17_0_5_1_43701b0_1461923350211_567431_3780"/><property classType="Property" humanType="Property" icon="ripples_files/icon_property_932503272.png" name="default" refid="_17_0_5_1_43701b0_1461923350211_49490_3779"/><property classType="Property" humanType="Property" icon="ripples_files/icon_property_932503272.png" name="defaultValue" refid="_17_0_5_1_43701b0_1461923350211_40053_3776"/><property classType="Property" humanType="Property" icon="ripples_files/icon_property_932503272.png" name="genericReturnType" refid="_17_0_5_1_43701b0_1461923350211_429953_3777"/><property classType="Property" humanType="Property" icon="ripples_files/icon_property_932503272.png" name="returnType" refid="_17_0_5_1_43701b0_1461923350211_702465_3778"/></ownedAttribute><ownedElement humanName="Owned Element"><generalization classType="Generalization" humanType="Generalization" icon="ripples_files/icon_generalization_1418550995.png" isRelationship="true" refid="_17_0_5_1_43701b0_1461923350204_753738_3737"/><property classType="Property" humanType="Property" icon="ripples_files/icon_property_932503272.png" name="bridge" refid="_17_0_5_1_43701b0_1461923350211_567431_3780"/><property classType="Property" humanType="Property" icon="ripples_files/icon_property_932503272.png" name="default" refid="_17_0_5_1_43701b0_1461923350211_49490_3779"/><property classType="Property" humanType="Property" icon="ripples_files/icon_property_932503272.png" name="defaultValue" refid="_17_0_5_1_43701b0_1461923350211_40053_3776"/><property classType="Property" humanType="Property" icon="ripples_files/icon_property_932503272.png" name="genericReturnType" refid="_17_0_5_1_43701b0_1461923350211_429953_3777"/><operation classType="Operation" humanType="Operation" icon="ripples_files/icon_operation_1932009480.png" name="invoke" refid="_17_0_5_1_43701b0_1461923350211_921260_3775"/><property classType="Property" humanType="Property" icon="ripples_files/icon_property_932503272.png" name="returnType" refid="_17_0_5_1_43701b0_1461923350211_702465_3778"/></ownedElement><ownedMember humanName="Owned Member"><property classType="Property" humanType="Property" icon="ripples_files/icon_property_932503272.png" name="bridge" refid="_17_0_5_1_43701b0_1461923350211_567431_3780"/><property classType="Property" humanType="Property" icon="ripples_files/icon_property_932503272.png" name="default" refid="_17_0_5_1_43701b0_1461923350211_49490_3779"/><property classType="Property" humanType="Property" icon="ripples_files/icon_property_932503272.png" name="defaultValue" refid="_17_0_5_1_43701b0_1461923350211_40053_3776"/><property classType="Property" humanType="Property" icon="ripples_files/icon_property_932503272.png" name="genericReturnType" refid="_17_0_5_1_43701b0_1461923350211_429953_3777"/><operation classType="Operation" humanType="Operation" icon="ripples_files/icon_operation_1932009480.png" name="invoke" refid="_17_0_5_1_43701b0_1461923350211_921260_3775"/><property classType="Property" humanType="Property" icon="ripples_files/icon_property_932503272.png" name="returnType" refid="_17_0_5_1_43701b0_1461923350211_702465_3778"/></ownedMember><ownedOperation humanName="Owned Operation"><operation classType="Operation" humanType="Operation" icon="ripples_files/icon_operation_1932009480.png" name="invoke" refid="_17_0_5_1_43701b0_1461923350211_921260_3775"/></ownedOperation><owner classType="Package" humanName="Owner" humanType="Package" icon="ripples_files/icon_package_1584688439.png" mode="s,e" name="Java Reflection" refid="_17_0_5_1_43701b0_1462171467184_515020_8291"/><owningPackage classType="Package" humanName="Owning Package" humanType="Package" icon="ripples_files/icon_package_1584688439.png" name="Java Reflection" refid="_17_0_5_1_43701b0_1462171467184_515020_8291"/><package classType="Package" humanName="Package" humanType="Package" icon="ripples_files/icon_package_1584688439.png" name="Java Reflection" refid="_17_0_5_1_43701b0_1462171467184_515020_8291"/><qualifiedName humanName="Qualified Name" mode="e">Java Reflection::Method</qualifiedName><role humanName="Role"><property classType="Property" humanType="Property" icon="ripples_files/icon_property_932503272.png" name="bridge" refid="_17_0_5_1_43701b0_1461923350211_567431_3780"/><property classType="Property" humanType="Property" icon="ripples_files/icon_property_932503272.png" name="default" refid="_17_0_5_1_43701b0_1461923350211_49490_3779"/><property classType="Property" humanType="Property" icon="ripples_files/icon_property_932503272.png" name="defaultValue" refid="_17_0_5_1_43701b0_1461923350211_40053_3776"/><property classType="Property" humanType="Property" icon="ripples_files/icon_property_932503272.png" name="genericReturnType" refid="_17_0_5_1_43701b0_1461923350211_429953_3777"/><property classType="Property" humanType="Property" icon="ripples_files/icon_property_932503272.png" name="returnType" refid="_17_0_5_1_43701b0_1461923350211_702465_3778"/></role><superClass humanName="Super Class"><class classType="Class" humanType="Class" icon="ripples_files/icon_class_1403380247.png" name="Executable" refid="_17_0_5_1_43701b0_1461923350098_731815_3384"/></superClass><TO_DO humanName="To Do" mode="s,e"/><visibility humanName="Visibility" mode="e">public</visibility><appearsIn><diagram classType="Diagram" humanType="Diagram" icon="ripples_files/icon_Class Diagram_62827829.png" name="Generics Associations" refid="_17_0_5_1_43701b0_1461923350141_67354_3505"/><diagram classType="Diagram" humanType="Diagram" icon="ripples_files/icon_Class Diagram_62827829.png" name="Core Hierarchy" refid="_17_0_5_1_43701b0_1461923350115_398316_3462"/><diagram classType="Diagram" humanType="Diagram" icon="ripples_files/icon_Class Diagram_62827829.png" name="Core Relationships" refid="_17_0_5_1_43701b0_1461923350148_642350_3526"/></appearsIn></class></magicdraw>