<?xml version="1.0" encoding="UTF-8"?><magicdraw><diagram classType="Diagram" diagramType="Class Diagram" height="364" humanType="Diagram" icon="ripples_files/icon_Class Diagram_62827829.png" id="_17_0_5_1_43701b0_1461923350133_414887_3484" src="ripples_files/_17_0_5_1_43701b0_1461923350133_414887_3484.png" width="495"><APPLIED_STEREOTYPES humanName="Applied Stereotype" mode="s,e"><stereotype classType="Stereotype" humanType="Stereotype" icon="ripples_files/icon_stereotype_1934908288.png" name="DiagramInfo" refid="_9_0_be00301_1108044380615_150487_0"/></APPLIED_STEREOTYPES><appliedStereotype humanName="Applied Stereotype" mode="s,e"><stereotype classType="Stereotype" humanType="Stereotype" icon="ripples_files/icon_stereotype_1934908288.png" name="DiagramInfo" refid="_9_0_be00301_1108044380615_150487_0"><property classType="Property" humanName="Author" humanType="Property" icon="ripples_files/icon_property_932503272.png" name="Author" refid="_be00301_1077726770128_871366_1"><String>john</String></property><property classType="Property" humanName="Base_ Diagram" humanType="Property" icon="ripples_files/icon_property_932503272.png" name="base_Diagram" refid="_10_0EAPbeta_be00301_1123081772498_901864_356"/><property classType="Property" humanName="Base_ Element" humanType="Property" icon="ripples_files/icon_property_932503272.png" name="base_Element" refid="_10_0EAPbeta_be00301_1123081772098_411862_275"/><property classType="Property" humanName="Creation Date" humanType="Property" icon="ripples_files/icon_property_932503272.png" name="Creation date" refid="_be00301_1073306188629_537791_2"><String>4/29/16 11:49 AM</String></property><property classType="Property" humanName="Last modified by" humanType="Property" icon="ripples_files/icon_property_932503272.png" name="Last modified by" refid="_16_8beta_8ca0285_1257244649124_794756_344"><String>john</String></property><property classType="Property" humanName="Modification Date" humanType="Property" icon="ripples_files/icon_property_932503272.png" name="Modification date" refid="_be00301_1073394345322_922552_1"><String>8/19/16 1:12 PM</String></property></stereotype></appliedStereotype><appliedStereotypeInstance classType="InstanceSpecification" humanName="Applied Stereotype Instance" humanType="Instance Specification" icon="ripples_files/icon_instancespecification_1939970407.png" name=" : DiagramInfo" refid="_17_0_5_1_43701b0_1461923350224_639914_3874"/><map><area isNotContentShape="false" name="Generalization" refid="_17_0_5_1_43701b0_1461923350202_624123_3722" shape="poly" type="0"><point x="250" y="263"/><point x="250" y="279"/><point x="248" y="281"/><point x="248" y="265"/></area><area isNotContentShape="false" name="Generalization" refid="_17_0_5_1_43701b0_1461923350202_238679_3718" shape="poly" type="0"><point x="169" y="263"/><point x="169" y="279"/><point x="167" y="281"/><point x="167" y="265"/></area><area isNotContentShape="false" name="Generalization" refid="_17_0_5_1_43701b0_1461923350186_758302_3641" shape="poly" type="0"><point x="306" y="171"/><point x="306" y="188"/><point x="304" y="190"/><point x="304" y="173"/></area><area isNotContentShape="false" name="Generalization" refid="_17_0_5_1_43701b0_1461923350202_870411_3720" shape="poly" type="0"><point x="194" y="263"/><point x="194" y="314"/><point x="192" y="316"/><point x="192" y="265"/></area><area isNotContentShape="false" name="Generalization" refid="_17_0_5_1_43701b0_1461923350202_317970_3723" shape="poly" type="0"><point x="229" y="263"/><point x="229" y="314"/><point x="227" y="316"/><point x="227" y="265"/></area><area isNotContentShape="false" name="Generalization" refid="_17_0_5_1_43701b0_1461923350200_752483_3706" shape="poly" type="0"><point x="281" y="171"/><point x="281" y="223"/><point x="279" y="225"/><point x="279" y="173"/></area><area isNotContentShape="false" name="Generalization" refid="_17_0_5_1_43701b0_1461923350200_180075_3709" shape="poly" type="0"><point x="208" y="171"/><point x="208" y="223"/><point x="206" y="225"/><point x="206" y="173"/></area><area isNotContentShape="false" name="Interface Realization" refid="_17_0_5_1_43701b0_1461923350200_924028_3707" shape="poly" type="0"><point x="311" y="108"/><point x="372" y="114"/><point x="370" y="116"/><point x="309" y="110"/></area><area isNotContentShape="false" name="Interface Realization" refid="_17_0_5_1_43701b0_1461923350188_860048_3649" shape="poly" type="0"><point x="311" y="93"/><point x="372" y="84"/><point x="370" y="86"/><point x="309" y="95"/></area><area isNotContentShape="false" name="Interface Realization" refid="_17_0_5_1_43701b0_1461923350200_701984_3708" shape="poly" type="0"><point x="287" y="114"/><point x="372" y="141"/><point x="370" y="143"/><point x="285" y="116"/></area><area isNotContentShape="false" name="Interface Realization" refid="_17_0_5_1_43701b0_1461923350200_308613_3710" shape="poly" type="0"><point x="287" y="90"/><point x="384" y="58"/><point x="382" y="60"/><point x="285" y="92"/></area><area isNotContentShape="false" name="Class Class" refid="_17_0_5_1_43701b0_1461923350094_55897_3374" shape="rect" type="0"><point x="371" y="70"/><point x="408" y="70"/><point x="408" y="95"/><point x="371" y="95"/></area><area isNotContentShape="false" name="Class Package" refid="_17_0_5_1_43701b0_1461923350099_796054_3387" shape="rect" type="0"><point x="371" y="105"/><point x="423" y="105"/><point x="423" y="130"/><point x="371" y="130"/></area><area isNotContentShape="false" name="Class Parameter" refid="_17_0_5_1_43701b0_1461923350100_6410_3388" shape="rect" type="0"><point x="371" y="140"/><point x="432" y="140"/><point x="432" y="165"/><point x="371" y="165"/></area><area isNotContentShape="false" name="Interface TypeVariable" refid="_17_0_5_1_43701b0_1461923350093_956120_3372" shape="rect" type="0"><point x="294" y="189"/><point x="385" y="189"/><point x="385" y="214"/><point x="294" y="214"/></area><area isNotContentShape="false" name="Class AccessibleObject" refid="_17_0_5_1_43701b0_1461923350097_173006_3382" shape="rect" type="0"><point x="371" y="35"/><point x="471" y="35"/><point x="471" y="60"/><point x="371" y="60"/></area><area isNotContentShape="false" name="Interface AnnotatedType" refid="_17_0_5_1_43701b0_1461923350096_974606_3378" shape="rect" type="0"><point x="154" y="224"/><point x="259" y="224"/><point x="259" y="249"/><point x="154" y="249"/></area><area isNotContentShape="false" name="Interface AnnotatedElement" refid="_17_0_5_1_43701b0_1461923350095_531597_3375" shape="rect" type="0"><point x="189" y="91"/><point x="311" y="91"/><point x="311" y="116"/><point x="189" y="116"/></area><area isNotContentShape="false" name="Interface GenericDeclaration" refid="_17_0_5_1_43701b0_1461923350097_986189_3381" shape="rect" type="0"><point x="273" y="224"/><point x="397" y="224"/><point x="397" y="249"/><point x="273" y="249"/></area><area isNotContentShape="false" name="Interface AnnotatedArrayType" refid="_17_0_5_1_43701b0_1461923350095_11525_3376" shape="rect" type="0"><point x="49" y="280"/><point x="182" y="280"/><point x="182" y="305"/><point x="49" y="305"/></area><area isNotContentShape="false" name="Interface AnnotatedTypeVariable" refid="_17_0_5_1_43701b0_1461923350096_329202_3379" shape="rect" type="0"><point x="217" y="315"/><point x="364" y="315"/><point x="364" y="340"/><point x="217" y="340"/></area><area isNotContentShape="false" name="Interface AnnotatedWildcardType" refid="_17_0_5_1_43701b0_1461923350096_78956_3380" shape="rect" type="0"><point x="238" y="280"/><point x="389" y="280"/><point x="389" y="305"/><point x="238" y="305"/></area><area isNotContentShape="false" name="Interface AnnotatedParameterizedType" refid="_17_0_5_1_43701b0_1461923350095_796446_3377" shape="rect" type="0"><point x="28" y="315"/><point x="207" y="315"/><point x="207" y="340"/><point x="28" y="340"/></area></map><name humanName="Name" mode="s,e">Annotations Hierarchy</name><namespace classType="Package" humanName="Namespace" humanType="Package" icon="ripples_files/icon_package_1584688439.png" name="Java Reflection" refid="_17_0_5_1_43701b0_1462171467184_515020_8291"/><ownedElement humanName="Owned Element"><instancespecification classType="InstanceSpecification" humanType="Instance Specification" icon="ripples_files/icon_instancespecification_1939970407.png" name=" : DiagramInfo" refid="_17_0_5_1_43701b0_1461923350224_639914_3874"/></ownedElement><owner classType="Package" humanName="Owner" humanType="Package" icon="ripples_files/icon_package_1584688439.png" mode="s,e" name="Java Reflection" refid="_17_0_5_1_43701b0_1462171467184_515020_8291"/><ownerOfDiagram classType="Package" humanName="Owner Of Diagram" humanType="Package" icon="ripples_files/icon_package_1584688439.png" name="Java Reflection" refid="_17_0_5_1_43701b0_1462171467184_515020_8291"/><qualifiedName humanName="Qualified Name" mode="e">Java Reflection::Annotations Hierarchy</qualifiedName><TO_DO humanName="To Do" mode="s,e"/><DIAGRAM_TYPE_DERIVED_PROPERTY humanName="Type">Class Diagram</DIAGRAM_TYPE_DERIVED_PROPERTY><visibility humanName="Visibility">public</visibility><appearsIn><diagram classType="Diagram" humanType="Diagram" icon="ripples_files/icon_Class Diagram_62827829.png" name="Overview" refid="_17_0_5_1_43701b0_1461923350177_263390_3610"/><diagram classType="Diagram" humanType="Diagram" icon="ripples_files/icon_Class Diagram_62827829.png" name="Java Reflection Overview" refid="_17_0_5_1_43701b0_1461923439215_855377_7821"/></appearsIn></diagram></magicdraw>