<?xml version="1.0" encoding="UTF-8"?><magicdraw><interfacerealization classType="InterfaceRealization" humanType="Interface Realization" icon="ripples_files/icon_interfacerealization_1172450799.png" id="_17_0_5_1_43701b0_1461923350200_308613_3710"><client humanName="Client"><class classType="Class" humanType="Class" icon="ripples_files/icon_class_1403380247.png" name="AccessibleObject" refid="_17_0_5_1_43701b0_1461923350097_173006_3382"/></client><contract classType="Interface" humanName="Contract" humanType="Interface" icon="ripples_files/icon_interface_753692748.png" mode="s,e" name="AnnotatedElement" refid="_17_0_5_1_43701b0_1461923350095_531597_3375"/><implementingClassifier classType="Class" humanName="Implementing Classifier" humanType="Class" icon="ripples_files/icon_class_1403380247.png" mode="s,e" name="AccessibleObject" refid="_17_0_5_1_43701b0_1461923350097_173006_3382"/><name humanName="Name" mode="s,e"/><owner classType="Class" humanName="Owner" humanType="Class" icon="ripples_files/icon_class_1403380247.png" mode="s,e" name="AccessibleObject" refid="_17_0_5_1_43701b0_1461923350097_173006_3382"/><qualifiedName humanName="Qualified Name" mode="e">Java Reflection::AccessibleObject::</qualifiedName><relatedElement humanName="Related Element"><class classType="Class" humanType="Class" icon="ripples_files/icon_class_1403380247.png" name="AccessibleObject" refid="_17_0_5_1_43701b0_1461923350097_173006_3382"/><interface classType="Interface" humanType="Interface" icon="ripples_files/icon_interface_753692748.png" name="AnnotatedElement" refid="_17_0_5_1_43701b0_1461923350095_531597_3375"/></relatedElement><source humanName="Source"><class classType="Class" humanType="Class" icon="ripples_files/icon_class_1403380247.png" name="AccessibleObject" refid="_17_0_5_1_43701b0_1461923350097_173006_3382"/></source><supplier humanName="Supplier"><interface classType="Interface" humanType="Interface" icon="ripples_files/icon_interface_753692748.png" name="AnnotatedElement" refid="_17_0_5_1_43701b0_1461923350095_531597_3375"/></supplier><target humanName="Target"><interface classType="Interface" humanType="Interface" icon="ripples_files/icon_interface_753692748.png" name="AnnotatedElement" refid="_17_0_5_1_43701b0_1461923350095_531597_3375"/></target><TO_DO humanName="To Do" mode="s,e"/><visibility humanName="Visibility">public</visibility><appearsIn><diagram classType="Diagram" humanType="Diagram" icon="ripples_files/icon_Class Diagram_62827829.png" name="Annotations Hierarchy" refid="_17_0_5_1_43701b0_1461923350133_414887_3484"/></appearsIn></interfacerealization></magicdraw>