<?xml version="1.0" encoding="UTF-8"?><magicdraw><interfacerealization classType="InterfaceRealization" humanType="Interface Realization" icon="ripples_files/icon_interfacerealization_1172450799.png" id="_17_0_5_1_43701b0_1461923350203_467500_3728"><client humanName="Client"><class classType="Class" humanType="Class" icon="ripples_files/icon_class_1403380247.png" name="Executable" refid="_17_0_5_1_43701b0_1461923350098_731815_3384"/></client><contract classType="Interface" humanName="Contract" humanType="Interface" icon="ripples_files/icon_interface_753692748.png" mode="s,e" name="GenericDeclaration" refid="_17_0_5_1_43701b0_1461923350097_986189_3381"/><implementingClassifier classType="Class" humanName="Implementing Classifier" humanType="Class" icon="ripples_files/icon_class_1403380247.png" mode="s,e" name="Executable" refid="_17_0_5_1_43701b0_1461923350098_731815_3384"/><name humanName="Name" mode="s,e"/><owner classType="Class" humanName="Owner" humanType="Class" icon="ripples_files/icon_class_1403380247.png" mode="s,e" name="Executable" refid="_17_0_5_1_43701b0_1461923350098_731815_3384"/><qualifiedName humanName="Qualified Name" mode="e">Java Reflection::Executable::</qualifiedName><relatedElement humanName="Related Element"><class classType="Class" humanType="Class" icon="ripples_files/icon_class_1403380247.png" name="Executable" refid="_17_0_5_1_43701b0_1461923350098_731815_3384"/><interface classType="Interface" humanType="Interface" icon="ripples_files/icon_interface_753692748.png" name="GenericDeclaration" refid="_17_0_5_1_43701b0_1461923350097_986189_3381"/></relatedElement><source humanName="Source"><class classType="Class" humanType="Class" icon="ripples_files/icon_class_1403380247.png" name="Executable" refid="_17_0_5_1_43701b0_1461923350098_731815_3384"/></source><supplier humanName="Supplier"><interface classType="Interface" humanType="Interface" icon="ripples_files/icon_interface_753692748.png" name="GenericDeclaration" refid="_17_0_5_1_43701b0_1461923350097_986189_3381"/></supplier><target humanName="Target"><interface classType="Interface" humanType="Interface" icon="ripples_files/icon_interface_753692748.png" name="GenericDeclaration" refid="_17_0_5_1_43701b0_1461923350097_986189_3381"/></target><TO_DO humanName="To Do" mode="s,e"/><visibility humanName="Visibility">public</visibility><appearsIn><diagram classType="Diagram" humanType="Diagram" icon="ripples_files/icon_Class Diagram_62827829.png" name="Generics Hierarchy" refid="_17_0_5_1_43701b0_1461923350162_929744_3568"/></appearsIn></interfacerealization></magicdraw>