<?xml version="1.0" encoding="UTF-8"?><magicdraw><generalization classType="Generalization" humanType="Generalization" icon="ripples_files/icon_generalization_1418550995.png" id="_17_0_5_1_43701b0_1461923350202_624123_3722"><general classType="Interface" humanName="General" humanType="Interface" icon="ripples_files/icon_interface_753692748.png" mode="s,e" name="AnnotatedType" refid="_17_0_5_1_43701b0_1461923350096_974606_3378"/><isSubstitutable humanName="Is Substitutable">true</isSubstitutable><owner classType="Interface" humanName="Owner" humanType="Interface" icon="ripples_files/icon_interface_753692748.png" mode="s,e" name="AnnotatedWildcardType" refid="_17_0_5_1_43701b0_1461923350096_78956_3380"/><relatedElement humanName="Related Element"><interface classType="Interface" humanType="Interface" icon="ripples_files/icon_interface_753692748.png" name="AnnotatedType" refid="_17_0_5_1_43701b0_1461923350096_974606_3378"/><interface classType="Interface" humanType="Interface" icon="ripples_files/icon_interface_753692748.png" name="AnnotatedWildcardType" refid="_17_0_5_1_43701b0_1461923350096_78956_3380"/></relatedElement><source humanName="Source"><interface classType="Interface" humanType="Interface" icon="ripples_files/icon_interface_753692748.png" name="AnnotatedWildcardType" refid="_17_0_5_1_43701b0_1461923350096_78956_3380"/></source><specific classType="Interface" humanName="Specific" humanType="Interface" icon="ripples_files/icon_interface_753692748.png" mode="s,e" name="AnnotatedWildcardType" refid="_17_0_5_1_43701b0_1461923350096_78956_3380"/><target humanName="Target"><interface classType="Interface" humanType="Interface" icon="ripples_files/icon_interface_753692748.png" name="AnnotatedType" refid="_17_0_5_1_43701b0_1461923350096_974606_3378"/></target><TO_DO humanName="To Do" mode="s,e"/><appearsIn><diagram classType="Diagram" humanType="Diagram" icon="ripples_files/icon_Class Diagram_62827829.png" name="Annotations Hierarchy" refid="_17_0_5_1_43701b0_1461923350133_414887_3484"/></appearsIn></generalization></magicdraw>