<?xml version="1.0" encoding="UTF-8"?><magicdraw><class classType="Class" humanType="Class" icon="ripples_files/icon_class_1403380247.png" id="_17_0_5_1_43701b0_1461923350114_583037_3457"><isAbstract humanName="Is Abstract" mode="s,e">false</isAbstract><isActive humanName="Is Active" mode="s,e">false</isActive><isFinalSpecialization humanName="Is Final Specialization" mode="e">false</isFinalSpecialization><isLeaf humanName="Is Leaf" mode="s,e">false</isLeaf><name humanName="Name" mode="s,e">InputStream</name><namespace classType="Package" humanName="Namespace" humanType="Package" icon="ripples_files/icon_package_1584688439.png" name="Auxiliary" refid="_17_0_5_1_43701b0_1474065565971_407571_21848"/><owner classType="Package" humanName="Owner" humanType="Package" icon="ripples_files/icon_package_1584688439.png" mode="s,e" name="Auxiliary" refid="_17_0_5_1_43701b0_1474065565971_407571_21848"/><owningPackage classType="Package" humanName="Owning Package" humanType="Package" icon="ripples_files/icon_package_1584688439.png" name="Auxiliary" refid="_17_0_5_1_43701b0_1474065565971_407571_21848"/><package classType="Package" humanName="Package" humanType="Package" icon="ripples_files/icon_package_1584688439.png" name="Auxiliary" refid="_17_0_5_1_43701b0_1474065565971_407571_21848"/><qualifiedName humanName="Qualified Name" mode="e">Auxiliary::InputStream</qualifiedName><TO_DO humanName="To Do" mode="s,e"/><visibility humanName="Visibility" mode="e">public</visibility></class></magicdraw>