<?xml version="1.0" encoding="UTF-8"?><magicdraw><class classType="Class" humanType="Class" icon="ripples_files/icon_class_1403380247.png" id="_17_0_5_1_43701b0_1461923350100_6410_3388"><allGeneralClassifiers humanName="All General Classifiers"><class classType="Class" humanType="Class" icon="ripples_files/icon_class_1403380247.png" name="Object" refid="_17_0_5_1_43701b0_1461923350105_682820_3411"/></allGeneralClassifiers><allSpecifyingElements humanName="All Specifying Elements"><interface classType="Interface" humanType="Interface" icon="ripples_files/icon_interface_753692748.png" name="AnnotatedElement" refid="_17_0_5_1_43701b0_1461923350095_531597_3375"/></allSpecifyingElements><attribute humanName="Attribute"><property classType="Property" humanType="Property" icon="ripples_files/icon_property_932503272.png" name="annotatedType" refid="_17_0_5_1_43701b0_1461923350214_769541_3801"/><property classType="Property" humanType="Property" icon="ripples_files/icon_property_932503272.png" name="declaringExecutable" refid="_17_0_5_1_43701b0_1461923350214_630683_3796"/><property classType="Property" humanType="Property" icon="ripples_files/icon_property_932503272.png" name="implicit" refid="_17_0_5_1_43701b0_1461923350215_709902_3804"/><property classType="Property" humanType="Property" icon="ripples_files/icon_property_932503272.png" name="modifiers" refid="_17_0_5_1_43701b0_1461923350214_189298_3797"/><property classType="Property" humanType="Property" icon="ripples_files/icon_property_932503272.png" name="name" refid="_17_0_5_1_43701b0_1461923350214_141556_3798"/><property classType="Property" humanType="Property" icon="ripples_files/icon_property_932503272.png" name="namePresent" refid="_17_0_5_1_43701b0_1461923350213_608759_3795"/><property classType="Property" humanType="Property" icon="ripples_files/icon_property_932503272.png" name="parameterizedType" refid="_17_0_5_1_43701b0_1461923350214_552232_3799"/><property classType="Property" humanType="Property" icon="ripples_files/icon_property_932503272.png" name="synthetic" refid="_17_0_5_1_43701b0_1461923350214_228377_3802"/><property classType="Property" humanType="Property" icon="ripples_files/icon_property_932503272.png" name="type" refid="_17_0_5_1_43701b0_1461923350214_30855_3800"/><property classType="Property" humanType="Property" icon="ripples_files/icon_property_932503272.png" name="varArgs" refid="_17_0_5_1_43701b0_1461923350214_128187_3803"/></attribute><clientDependency humanName="Client Dependency"><interfacerealization classType="InterfaceRealization" humanType="Interface Realization" icon="ripples_files/icon_interfacerealization_1172450799.png" isRelationship="true" name="Interface Realization[Parameter -&gt; AnnotatedElement]" refid="_17_0_5_1_43701b0_1461923350200_701984_3708"/></clientDependency><feature humanName="Feature"><property classType="Property" humanType="Property" icon="ripples_files/icon_property_932503272.png" name="annotatedType" refid="_17_0_5_1_43701b0_1461923350214_769541_3801"/><property classType="Property" humanType="Property" icon="ripples_files/icon_property_932503272.png" name="declaringExecutable" refid="_17_0_5_1_43701b0_1461923350214_630683_3796"/><property classType="Property" humanType="Property" icon="ripples_files/icon_property_932503272.png" name="implicit" refid="_17_0_5_1_43701b0_1461923350215_709902_3804"/><property classType="Property" humanType="Property" icon="ripples_files/icon_property_932503272.png" name="modifiers" refid="_17_0_5_1_43701b0_1461923350214_189298_3797"/><property classType="Property" humanType="Property" icon="ripples_files/icon_property_932503272.png" name="name" refid="_17_0_5_1_43701b0_1461923350214_141556_3798"/><property classType="Property" humanType="Property" icon="ripples_files/icon_property_932503272.png" name="namePresent" refid="_17_0_5_1_43701b0_1461923350213_608759_3795"/><property classType="Property" humanType="Property" icon="ripples_files/icon_property_932503272.png" name="parameterizedType" refid="_17_0_5_1_43701b0_1461923350214_552232_3799"/><property classType="Property" humanType="Property" icon="ripples_files/icon_property_932503272.png" name="synthetic" refid="_17_0_5_1_43701b0_1461923350214_228377_3802"/><property classType="Property" humanType="Property" icon="ripples_files/icon_property_932503272.png" name="type" refid="_17_0_5_1_43701b0_1461923350214_30855_3800"/><property classType="Property" humanType="Property" icon="ripples_files/icon_property_932503272.png" name="varArgs" refid="_17_0_5_1_43701b0_1461923350214_128187_3803"/></feature><generalization humanName="Generalization"><generalization classType="Generalization" humanType="Generalization" icon="ripples_files/icon_generalization_1418550995.png" isRelationship="true" refid="_17_0_5_1_43701b0_1461923350213_817769_3794"/></generalization><interfaceRealization humanName="Interface Realization"><interfacerealization classType="InterfaceRealization" humanType="Interface Realization" icon="ripples_files/icon_interfacerealization_1172450799.png" isRelationship="true" name="Interface Realization[Parameter -&gt; AnnotatedElement]" refid="_17_0_5_1_43701b0_1461923350200_701984_3708"/></interfaceRealization><isAbstract humanName="Is Abstract" mode="s,e">false</isAbstract><isActive humanName="Is Active" mode="s,e">false</isActive><isFinalSpecialization humanName="Is Final Specialization" mode="e">false</isFinalSpecialization><isLeaf humanName="Is Leaf" mode="s,e">false</isLeaf><member humanName="Member"><property classType="Property" humanType="Property" icon="ripples_files/icon_property_932503272.png" name="annotatedType" refid="_17_0_5_1_43701b0_1461923350214_769541_3801"/><property classType="Property" humanType="Property" icon="ripples_files/icon_property_932503272.png" name="declaringExecutable" refid="_17_0_5_1_43701b0_1461923350214_630683_3796"/><property classType="Property" humanType="Property" icon="ripples_files/icon_property_932503272.png" name="implicit" refid="_17_0_5_1_43701b0_1461923350215_709902_3804"/><property classType="Property" humanType="Property" icon="ripples_files/icon_property_932503272.png" name="modifiers" refid="_17_0_5_1_43701b0_1461923350214_189298_3797"/><property classType="Property" humanType="Property" icon="ripples_files/icon_property_932503272.png" name="name" refid="_17_0_5_1_43701b0_1461923350214_141556_3798"/><property classType="Property" humanType="Property" icon="ripples_files/icon_property_932503272.png" name="namePresent" refid="_17_0_5_1_43701b0_1461923350213_608759_3795"/><property classType="Property" humanType="Property" icon="ripples_files/icon_property_932503272.png" name="parameterizedType" refid="_17_0_5_1_43701b0_1461923350214_552232_3799"/><property classType="Property" humanType="Property" icon="ripples_files/icon_property_932503272.png" name="synthetic" refid="_17_0_5_1_43701b0_1461923350214_228377_3802"/><property classType="Property" humanType="Property" icon="ripples_files/icon_property_932503272.png" name="type" refid="_17_0_5_1_43701b0_1461923350214_30855_3800"/><property classType="Property" humanType="Property" icon="ripples_files/icon_property_932503272.png" name="varArgs" refid="_17_0_5_1_43701b0_1461923350214_128187_3803"/></member><name humanName="Name" mode="s,e">Parameter</name><namespace classType="Package" humanName="Namespace" humanType="Package" icon="ripples_files/icon_package_1584688439.png" name="Java Reflection" refid="_17_0_5_1_43701b0_1462171467184_515020_8291"/><ownedAttribute humanName="Owned Attribute"><property classType="Property" humanType="Property" icon="ripples_files/icon_property_932503272.png" name="annotatedType" refid="_17_0_5_1_43701b0_1461923350214_769541_3801"/><property classType="Property" humanType="Property" icon="ripples_files/icon_property_932503272.png" name="declaringExecutable" refid="_17_0_5_1_43701b0_1461923350214_630683_3796"/><property classType="Property" humanType="Property" icon="ripples_files/icon_property_932503272.png" name="implicit" refid="_17_0_5_1_43701b0_1461923350215_709902_3804"/><property classType="Property" humanType="Property" icon="ripples_files/icon_property_932503272.png" name="modifiers" refid="_17_0_5_1_43701b0_1461923350214_189298_3797"/><property classType="Property" humanType="Property" icon="ripples_files/icon_property_932503272.png" name="name" refid="_17_0_5_1_43701b0_1461923350214_141556_3798"/><property classType="Property" humanType="Property" icon="ripples_files/icon_property_932503272.png" name="namePresent" refid="_17_0_5_1_43701b0_1461923350213_608759_3795"/><property classType="Property" humanType="Property" icon="ripples_files/icon_property_932503272.png" name="parameterizedType" refid="_17_0_5_1_43701b0_1461923350214_552232_3799"/><property classType="Property" humanType="Property" icon="ripples_files/icon_property_932503272.png" name="synthetic" refid="_17_0_5_1_43701b0_1461923350214_228377_3802"/><property classType="Property" humanType="Property" icon="ripples_files/icon_property_932503272.png" name="type" refid="_17_0_5_1_43701b0_1461923350214_30855_3800"/><property classType="Property" humanType="Property" icon="ripples_files/icon_property_932503272.png" name="varArgs" refid="_17_0_5_1_43701b0_1461923350214_128187_3803"/></ownedAttribute><ownedElement humanName="Owned Element"><generalization classType="Generalization" humanType="Generalization" icon="ripples_files/icon_generalization_1418550995.png" isRelationship="true" refid="_17_0_5_1_43701b0_1461923350213_817769_3794"/><property classType="Property" humanType="Property" icon="ripples_files/icon_property_932503272.png" name="annotatedType" refid="_17_0_5_1_43701b0_1461923350214_769541_3801"/><property classType="Property" humanType="Property" icon="ripples_files/icon_property_932503272.png" name="declaringExecutable" refid="_17_0_5_1_43701b0_1461923350214_630683_3796"/><property classType="Property" humanType="Property" icon="ripples_files/icon_property_932503272.png" name="implicit" refid="_17_0_5_1_43701b0_1461923350215_709902_3804"/><interfacerealization classType="InterfaceRealization" humanType="Interface Realization" icon="ripples_files/icon_interfacerealization_1172450799.png" isRelationship="true" name="Interface Realization[Parameter -&gt; AnnotatedElement]" refid="_17_0_5_1_43701b0_1461923350200_701984_3708"/><property classType="Property" humanType="Property" icon="ripples_files/icon_property_932503272.png" name="modifiers" refid="_17_0_5_1_43701b0_1461923350214_189298_3797"/><property classType="Property" humanType="Property" icon="ripples_files/icon_property_932503272.png" name="name" refid="_17_0_5_1_43701b0_1461923350214_141556_3798"/><property classType="Property" humanType="Property" icon="ripples_files/icon_property_932503272.png" name="namePresent" refid="_17_0_5_1_43701b0_1461923350213_608759_3795"/><property classType="Property" humanType="Property" icon="ripples_files/icon_property_932503272.png" name="parameterizedType" refid="_17_0_5_1_43701b0_1461923350214_552232_3799"/><property classType="Property" humanType="Property" icon="ripples_files/icon_property_932503272.png" name="synthetic" refid="_17_0_5_1_43701b0_1461923350214_228377_3802"/><property classType="Property" humanType="Property" icon="ripples_files/icon_property_932503272.png" name="type" refid="_17_0_5_1_43701b0_1461923350214_30855_3800"/><property classType="Property" humanType="Property" icon="ripples_files/icon_property_932503272.png" name="varArgs" refid="_17_0_5_1_43701b0_1461923350214_128187_3803"/></ownedElement><ownedMember humanName="Owned Member"><property classType="Property" humanType="Property" icon="ripples_files/icon_property_932503272.png" name="annotatedType" refid="_17_0_5_1_43701b0_1461923350214_769541_3801"/><property classType="Property" humanType="Property" icon="ripples_files/icon_property_932503272.png" name="declaringExecutable" refid="_17_0_5_1_43701b0_1461923350214_630683_3796"/><property classType="Property" humanType="Property" icon="ripples_files/icon_property_932503272.png" name="implicit" refid="_17_0_5_1_43701b0_1461923350215_709902_3804"/><property classType="Property" humanType="Property" icon="ripples_files/icon_property_932503272.png" name="modifiers" refid="_17_0_5_1_43701b0_1461923350214_189298_3797"/><property classType="Property" humanType="Property" icon="ripples_files/icon_property_932503272.png" name="name" refid="_17_0_5_1_43701b0_1461923350214_141556_3798"/><property classType="Property" humanType="Property" icon="ripples_files/icon_property_932503272.png" name="namePresent" refid="_17_0_5_1_43701b0_1461923350213_608759_3795"/><property classType="Property" humanType="Property" icon="ripples_files/icon_property_932503272.png" name="parameterizedType" refid="_17_0_5_1_43701b0_1461923350214_552232_3799"/><property classType="Property" humanType="Property" icon="ripples_files/icon_property_932503272.png" name="synthetic" refid="_17_0_5_1_43701b0_1461923350214_228377_3802"/><property classType="Property" humanType="Property" icon="ripples_files/icon_property_932503272.png" name="type" refid="_17_0_5_1_43701b0_1461923350214_30855_3800"/><property classType="Property" humanType="Property" icon="ripples_files/icon_property_932503272.png" name="varArgs" refid="_17_0_5_1_43701b0_1461923350214_128187_3803"/></ownedMember><owner classType="Package" humanName="Owner" humanType="Package" icon="ripples_files/icon_package_1584688439.png" mode="s,e" name="Java Reflection" refid="_17_0_5_1_43701b0_1462171467184_515020_8291"/><owningPackage classType="Package" humanName="Owning Package" humanType="Package" icon="ripples_files/icon_package_1584688439.png" name="Java Reflection" refid="_17_0_5_1_43701b0_1462171467184_515020_8291"/><package classType="Package" humanName="Package" humanType="Package" icon="ripples_files/icon_package_1584688439.png" name="Java Reflection" refid="_17_0_5_1_43701b0_1462171467184_515020_8291"/><qualifiedName humanName="Qualified Name" mode="e">Java Reflection::Parameter</qualifiedName><realizedInterfaces humanName="Realized Interface" mode="s,e"><interface classType="Interface" humanType="Interface" icon="ripples_files/icon_interface_753692748.png" name="AnnotatedElement" refid="_17_0_5_1_43701b0_1461923350095_531597_3375"/></realizedInterfaces><role humanName="Role"><property classType="Property" humanType="Property" icon="ripples_files/icon_property_932503272.png" name="annotatedType" refid="_17_0_5_1_43701b0_1461923350214_769541_3801"/><property classType="Property" humanType="Property" icon="ripples_files/icon_property_932503272.png" name="declaringExecutable" refid="_17_0_5_1_43701b0_1461923350214_630683_3796"/><property classType="Property" humanType="Property" icon="ripples_files/icon_property_932503272.png" name="implicit" refid="_17_0_5_1_43701b0_1461923350215_709902_3804"/><property classType="Property" humanType="Property" icon="ripples_files/icon_property_932503272.png" name="modifiers" refid="_17_0_5_1_43701b0_1461923350214_189298_3797"/><property classType="Property" humanType="Property" icon="ripples_files/icon_property_932503272.png" name="name" refid="_17_0_5_1_43701b0_1461923350214_141556_3798"/><property classType="Property" humanType="Property" icon="ripples_files/icon_property_932503272.png" name="namePresent" refid="_17_0_5_1_43701b0_1461923350213_608759_3795"/><property classType="Property" humanType="Property" icon="ripples_files/icon_property_932503272.png" name="parameterizedType" refid="_17_0_5_1_43701b0_1461923350214_552232_3799"/><property classType="Property" humanType="Property" icon="ripples_files/icon_property_932503272.png" name="synthetic" refid="_17_0_5_1_43701b0_1461923350214_228377_3802"/><property classType="Property" humanType="Property" icon="ripples_files/icon_property_932503272.png" name="type" refid="_17_0_5_1_43701b0_1461923350214_30855_3800"/><property classType="Property" humanType="Property" icon="ripples_files/icon_property_932503272.png" name="varArgs" refid="_17_0_5_1_43701b0_1461923350214_128187_3803"/></role><specifyingElement humanName="Specifying Element"><interface classType="Interface" humanType="Interface" icon="ripples_files/icon_interface_753692748.png" name="AnnotatedElement" refid="_17_0_5_1_43701b0_1461923350095_531597_3375"/></specifyingElement><superClass humanName="Super Class"><class classType="Class" humanType="Class" icon="ripples_files/icon_class_1403380247.png" name="Object" refid="_17_0_5_1_43701b0_1461923350105_682820_3411"/></superClass><TO_DO humanName="To Do" mode="s,e"/><visibility humanName="Visibility" mode="e">public</visibility><appearsIn><diagram classType="Diagram" humanType="Diagram" icon="ripples_files/icon_Class Diagram_62827829.png" name="Generics Associations" refid="_17_0_5_1_43701b0_1461923350141_67354_3505"/><diagram classType="Diagram" humanType="Diagram" icon="ripples_files/icon_Class Diagram_62827829.png" name="Core Hierarchy" refid="_17_0_5_1_43701b0_1461923350115_398316_3462"/><diagram classType="Diagram" humanType="Diagram" icon="ripples_files/icon_Class Diagram_62827829.png" name="Core Relationships" refid="_17_0_5_1_43701b0_1461923350148_642350_3526"/><diagram classType="Diagram" humanType="Diagram" icon="ripples_files/icon_Class Diagram_62827829.png" name="Annotations Hierarchy" refid="_17_0_5_1_43701b0_1461923350133_414887_3484"/><diagram classType="Diagram" humanType="Diagram" icon="ripples_files/icon_Class Diagram_62827829.png" name="Annotations Relationships" refid="_17_0_5_1_43701b0_1461923350169_961248_3589"/></appearsIn></class></magicdraw>