<?xml version="1.0" encoding="UTF-8"?><magicdraw><class classType="Class" humanType="Class" icon="ripples_files/icon_class_1403380247.png" id="_17_0_5_1_43701b0_1461923350105_682820_3411"><allSpecificClassifiers humanName="All Specific Classifiers"><class classType="Class" humanType="Class" icon="ripples_files/icon_class_1403380247.png" name="AccessibleObject" refid="_17_0_5_1_43701b0_1461923350097_173006_3382"/><class classType="Class" humanType="Class" icon="ripples_files/icon_class_1403380247.png" name="Class" refid="_17_0_5_1_43701b0_1461923350094_55897_3374"/><class classType="Class" humanType="Class" icon="ripples_files/icon_class_1403380247.png" name="Constructor" refid="_17_0_5_1_43701b0_1461923350097_348287_3383"/><class classType="Class" humanType="Class" icon="ripples_files/icon_class_1403380247.png" name="Executable" refid="_17_0_5_1_43701b0_1461923350098_731815_3384"/><class classType="Class" humanType="Class" icon="ripples_files/icon_class_1403380247.png" name="Field" refid="_17_0_5_1_43701b0_1461923350098_684609_3385"/><class classType="Class" humanType="Class" icon="ripples_files/icon_class_1403380247.png" name="Method" refid="_17_0_5_1_43701b0_1461923350099_228003_3386"/><class classType="Class" humanType="Class" icon="ripples_files/icon_class_1403380247.png" name="Package" refid="_17_0_5_1_43701b0_1461923350099_796054_3387"/><class classType="Class" humanType="Class" icon="ripples_files/icon_class_1403380247.png" name="Parameter" refid="_17_0_5_1_43701b0_1461923350100_6410_3388"/></allSpecificClassifiers><isAbstract humanName="Is Abstract" mode="s,e">false</isAbstract><isActive humanName="Is Active" mode="s,e">false</isActive><isFinalSpecialization humanName="Is Final Specialization" mode="e">false</isFinalSpecialization><isLeaf humanName="Is Leaf" mode="s,e">false</isLeaf><name humanName="Name" mode="s,e">Object</name><namespace classType="Package" humanName="Namespace" humanType="Package" icon="ripples_files/icon_package_1584688439.png" name="Auxiliary" refid="_17_0_5_1_43701b0_1474065565971_407571_21848"/><owner classType="Package" humanName="Owner" humanType="Package" icon="ripples_files/icon_package_1584688439.png" mode="s,e" name="Auxiliary" refid="_17_0_5_1_43701b0_1474065565971_407571_21848"/><owningPackage classType="Package" humanName="Owning Package" humanType="Package" icon="ripples_files/icon_package_1584688439.png" name="Auxiliary" refid="_17_0_5_1_43701b0_1474065565971_407571_21848"/><package classType="Package" humanName="Package" humanType="Package" icon="ripples_files/icon_package_1584688439.png" name="Auxiliary" refid="_17_0_5_1_43701b0_1474065565971_407571_21848"/><qualifiedName humanName="Qualified Name" mode="e">Auxiliary::Object</qualifiedName><specificClassifier humanName="Specific Classifier"><class classType="Class" humanType="Class" icon="ripples_files/icon_class_1403380247.png" name="AccessibleObject" refid="_17_0_5_1_43701b0_1461923350097_173006_3382"/><class classType="Class" humanType="Class" icon="ripples_files/icon_class_1403380247.png" name="Class" refid="_17_0_5_1_43701b0_1461923350094_55897_3374"/><class classType="Class" humanType="Class" icon="ripples_files/icon_class_1403380247.png" name="Package" refid="_17_0_5_1_43701b0_1461923350099_796054_3387"/><class classType="Class" humanType="Class" icon="ripples_files/icon_class_1403380247.png" name="Parameter" refid="_17_0_5_1_43701b0_1461923350100_6410_3388"/></specificClassifier><TO_DO humanName="To Do" mode="s,e"/><visibility humanName="Visibility" mode="e">public</visibility><appearsIn><diagram classType="Diagram" humanType="Diagram" icon="ripples_files/icon_Class Diagram_62827829.png" name="Core Hierarchy" refid="_17_0_5_1_43701b0_1461923350115_398316_3462"/></appearsIn></class></magicdraw>