<?xml version="1.0" encoding="UTF-8"?><magicdraw><instancespecification classType="InstanceSpecification" humanType="Instance Specification" icon="ripples_files/icon_instancespecification_1939970407.png" id="_17_0_5_1_43701b0_1461923350235_674824_3878"><classifier humanName="Classifier" mode="s,e"><stereotype classType="Stereotype" humanType="Stereotype" icon="ripples_files/icon_stereotype_1934908288.png" name="DiagramInfo" refid="_9_0_be00301_1108044380615_150487_0"/></classifier><name humanName="Name" mode="s,e"/><ownedElement humanName="Owned Element"><slot classType="Slot" humanType="Slot" icon="ripples_files/icon_slot_709524036.png" refid="_18_4_1_43701b0_1477828094694_753138_4670"/><slot classType="Slot" humanType="Slot" icon="ripples_files/icon_slot_709524036.png" refid="_18_4_1_43701b0_1477828094694_5626_4672"/><slot classType="Slot" humanType="Slot" icon="ripples_files/icon_slot_709524036.png" refid="_18_4_1_43701b0_1477828094694_814605_4674"/><slot classType="Slot" humanType="Slot" icon="ripples_files/icon_slot_709524036.png" refid="_18_4_1_43701b0_1477828094695_45228_4676"/></ownedElement><owner classType="Diagram" humanName="Owner" humanType="Diagram" icon="ripples_files/icon_Class Diagram_62827829.png" mode="s,e" name="Generics Hierarchy" refid="_17_0_5_1_43701b0_1461923350162_929744_3568"/><qualifiedName humanName="Qualified Name" mode="e">Java Reflection::Generics Hierarchy::</qualifiedName><slot humanName="Slot"><slot classType="Slot" humanType="Slot" icon="ripples_files/icon_slot_709524036.png" refid="_18_4_1_43701b0_1477828094694_753138_4670"/><slot classType="Slot" humanType="Slot" icon="ripples_files/icon_slot_709524036.png" refid="_18_4_1_43701b0_1477828094694_5626_4672"/><slot classType="Slot" humanType="Slot" icon="ripples_files/icon_slot_709524036.png" refid="_18_4_1_43701b0_1477828094694_814605_4674"/><slot classType="Slot" humanType="Slot" icon="ripples_files/icon_slot_709524036.png" refid="_18_4_1_43701b0_1477828094695_45228_4676"/></slot><stereotypedElement classType="Diagram" humanName="Stereotyped Element" humanType="Diagram" icon="ripples_files/icon_Class Diagram_62827829.png" name="Generics Hierarchy" refid="_17_0_5_1_43701b0_1461923350162_929744_3568"/><TO_DO humanName="To Do" mode="s,e"/><visibility humanName="Visibility">public</visibility></instancespecification></magicdraw>