<?xml version="1.0" encoding="UTF-8"?><magicdraw><class classType="Class" humanType="Class" icon="ripples_files/icon_class_1403380247.png" id="_17_0_5_1_43701b0_1461923350097_173006_3382"><allGeneralClassifiers humanName="All General Classifiers"><class classType="Class" humanType="Class" icon="ripples_files/icon_class_1403380247.png" name="Object" refid="_17_0_5_1_43701b0_1461923350105_682820_3411"/></allGeneralClassifiers><allSpecificClassifiers humanName="All Specific Classifiers"><class classType="Class" humanType="Class" icon="ripples_files/icon_class_1403380247.png" name="Constructor" refid="_17_0_5_1_43701b0_1461923350097_348287_3383"/><class classType="Class" humanType="Class" icon="ripples_files/icon_class_1403380247.png" name="Executable" refid="_17_0_5_1_43701b0_1461923350098_731815_3384"/><class classType="Class" humanType="Class" icon="ripples_files/icon_class_1403380247.png" name="Field" refid="_17_0_5_1_43701b0_1461923350098_684609_3385"/><class classType="Class" humanType="Class" icon="ripples_files/icon_class_1403380247.png" name="Method" refid="_17_0_5_1_43701b0_1461923350099_228003_3386"/></allSpecificClassifiers><allSpecifyingElements humanName="All Specifying Elements"><interface classType="Interface" humanType="Interface" icon="ripples_files/icon_interface_753692748.png" name="AnnotatedElement" refid="_17_0_5_1_43701b0_1461923350095_531597_3375"/></allSpecifyingElements><attribute humanName="Attribute"><property classType="Property" humanType="Property" icon="ripples_files/icon_property_932503272.png" name="accessible" refid="_17_0_5_1_43701b0_1461923350204_3204_3734"/></attribute><clientDependency humanName="Client Dependency"><interfacerealization classType="InterfaceRealization" humanType="Interface Realization" icon="ripples_files/icon_interfacerealization_1172450799.png" isRelationship="true" name="Interface Realization[AccessibleObject -&gt; AnnotatedElement]" refid="_17_0_5_1_43701b0_1461923350200_308613_3710"/></clientDependency><feature humanName="Feature"><property classType="Property" humanType="Property" icon="ripples_files/icon_property_932503272.png" name="accessible" refid="_17_0_5_1_43701b0_1461923350204_3204_3734"/><operation classType="Operation" humanType="Operation" icon="ripples_files/icon_operation_1932009480.png" name="setAccessible" refid="_17_0_5_1_43701b0_1461923350203_604290_3733"/></feature><generalization humanName="Generalization"><generalization classType="Generalization" humanType="Generalization" icon="ripples_files/icon_generalization_1418550995.png" isRelationship="true" refid="_17_0_5_1_43701b0_1461923350203_234065_3730"/></generalization><interfaceRealization humanName="Interface Realization"><interfacerealization classType="InterfaceRealization" humanType="Interface Realization" icon="ripples_files/icon_interfacerealization_1172450799.png" isRelationship="true" name="Interface Realization[AccessibleObject -&gt; AnnotatedElement]" refid="_17_0_5_1_43701b0_1461923350200_308613_3710"/></interfaceRealization><isAbstract humanName="Is Abstract" mode="s,e">false</isAbstract><isActive humanName="Is Active" mode="s,e">false</isActive><isFinalSpecialization humanName="Is Final Specialization" mode="e">false</isFinalSpecialization><isLeaf humanName="Is Leaf" mode="s,e">false</isLeaf><member humanName="Member"><property classType="Property" humanType="Property" icon="ripples_files/icon_property_932503272.png" name="accessible" refid="_17_0_5_1_43701b0_1461923350204_3204_3734"/><operation classType="Operation" humanType="Operation" icon="ripples_files/icon_operation_1932009480.png" name="setAccessible" refid="_17_0_5_1_43701b0_1461923350203_604290_3733"/></member><name humanName="Name" mode="s,e">AccessibleObject</name><namespace classType="Package" humanName="Namespace" humanType="Package" icon="ripples_files/icon_package_1584688439.png" name="Java Reflection" refid="_17_0_5_1_43701b0_1462171467184_515020_8291"/><ownedAttribute humanName="Owned Attribute"><property classType="Property" humanType="Property" icon="ripples_files/icon_property_932503272.png" name="accessible" refid="_17_0_5_1_43701b0_1461923350204_3204_3734"/></ownedAttribute><ownedElement humanName="Owned Element"><generalization classType="Generalization" humanType="Generalization" icon="ripples_files/icon_generalization_1418550995.png" isRelationship="true" refid="_17_0_5_1_43701b0_1461923350203_234065_3730"/><property classType="Property" humanType="Property" icon="ripples_files/icon_property_932503272.png" name="accessible" refid="_17_0_5_1_43701b0_1461923350204_3204_3734"/><interfacerealization classType="InterfaceRealization" humanType="Interface Realization" icon="ripples_files/icon_interfacerealization_1172450799.png" isRelationship="true" name="Interface Realization[AccessibleObject -&gt; AnnotatedElement]" refid="_17_0_5_1_43701b0_1461923350200_308613_3710"/><operation classType="Operation" humanType="Operation" icon="ripples_files/icon_operation_1932009480.png" name="setAccessible" refid="_17_0_5_1_43701b0_1461923350203_604290_3733"/></ownedElement><ownedMember humanName="Owned Member"><property classType="Property" humanType="Property" icon="ripples_files/icon_property_932503272.png" name="accessible" refid="_17_0_5_1_43701b0_1461923350204_3204_3734"/><operation classType="Operation" humanType="Operation" icon="ripples_files/icon_operation_1932009480.png" name="setAccessible" refid="_17_0_5_1_43701b0_1461923350203_604290_3733"/></ownedMember><ownedOperation humanName="Owned Operation"><operation classType="Operation" humanType="Operation" icon="ripples_files/icon_operation_1932009480.png" name="setAccessible" refid="_17_0_5_1_43701b0_1461923350203_604290_3733"/></ownedOperation><owner classType="Package" humanName="Owner" humanType="Package" icon="ripples_files/icon_package_1584688439.png" mode="s,e" name="Java Reflection" refid="_17_0_5_1_43701b0_1462171467184_515020_8291"/><owningPackage classType="Package" humanName="Owning Package" humanType="Package" icon="ripples_files/icon_package_1584688439.png" name="Java Reflection" refid="_17_0_5_1_43701b0_1462171467184_515020_8291"/><package classType="Package" humanName="Package" humanType="Package" icon="ripples_files/icon_package_1584688439.png" name="Java Reflection" refid="_17_0_5_1_43701b0_1462171467184_515020_8291"/><qualifiedName humanName="Qualified Name" mode="e">Java Reflection::AccessibleObject</qualifiedName><realizedInterfaces humanName="Realized Interface" mode="s,e"><interface classType="Interface" humanType="Interface" icon="ripples_files/icon_interface_753692748.png" name="AnnotatedElement" refid="_17_0_5_1_43701b0_1461923350095_531597_3375"/></realizedInterfaces><role humanName="Role"><property classType="Property" humanType="Property" icon="ripples_files/icon_property_932503272.png" name="accessible" refid="_17_0_5_1_43701b0_1461923350204_3204_3734"/></role><specificClassifier humanName="Specific Classifier"><class classType="Class" humanType="Class" icon="ripples_files/icon_class_1403380247.png" name="Executable" refid="_17_0_5_1_43701b0_1461923350098_731815_3384"/><class classType="Class" humanType="Class" icon="ripples_files/icon_class_1403380247.png" name="Field" refid="_17_0_5_1_43701b0_1461923350098_684609_3385"/></specificClassifier><specifyingElement humanName="Specifying Element"><interface classType="Interface" humanType="Interface" icon="ripples_files/icon_interface_753692748.png" name="AnnotatedElement" refid="_17_0_5_1_43701b0_1461923350095_531597_3375"/></specifyingElement><superClass humanName="Super Class"><class classType="Class" humanType="Class" icon="ripples_files/icon_class_1403380247.png" name="Object" refid="_17_0_5_1_43701b0_1461923350105_682820_3411"/></superClass><TO_DO humanName="To Do" mode="s,e"/><visibility humanName="Visibility" mode="e">public</visibility><appearsIn><diagram classType="Diagram" humanType="Diagram" icon="ripples_files/icon_Class Diagram_62827829.png" name="Core Hierarchy" refid="_17_0_5_1_43701b0_1461923350115_398316_3462"/><diagram classType="Diagram" humanType="Diagram" icon="ripples_files/icon_Class Diagram_62827829.png" name="Core Relationships" refid="_17_0_5_1_43701b0_1461923350148_642350_3526"/><diagram classType="Diagram" humanType="Diagram" icon="ripples_files/icon_Class Diagram_62827829.png" name="Annotations Hierarchy" refid="_17_0_5_1_43701b0_1461923350133_414887_3484"/></appearsIn></class></magicdraw>