<?xml version="1.0" encoding="UTF-8"?><magicdraw><parameter classType="Parameter" humanType="Parameter" icon="ripples_files/icon_parameter_572370257.png" id="_17_0_5_1_43701b0_1461923350244_704810_3903"><default humanName="Default"/><direction humanName="Direction" mode="s,e">in</direction><isException humanName="Is Exception">false</isException><isOrdered humanName="Is Ordered">false</isOrdered><isStream humanName="Is Stream" mode="e">false</isStream><isUnique humanName="Is Unique">true</isUnique><lower humanName="Lower">1</lower><multiplicity humanName="Multiplicity" mode="s,e"/><multiplicity humanName="Multiplicity" mode="s,e"/><name humanName="Name" mode="s,e">intialize</name><namespace classType="Operation" humanName="Namespace" humanType="Operation" icon="ripples_files/icon_operation_1932009480.png" name="forName" refid="_17_0_5_1_43701b0_1461923350188_148719_3653"/><operation classType="Operation" humanName="Operation" humanType="Operation" icon="ripples_files/icon_operation_1932009480.png" name="forName" refid="_17_0_5_1_43701b0_1461923350188_148719_3653"/><owner classType="Operation" humanName="Owner" humanType="Operation" icon="ripples_files/icon_operation_1932009480.png" mode="s,e" name="forName" refid="_17_0_5_1_43701b0_1461923350188_148719_3653"/><ownerFormalParam classType="Operation" humanName="Owner Formal Param" humanType="Operation" icon="ripples_files/icon_operation_1932009480.png" name="forName" refid="_17_0_5_1_43701b0_1461923350188_148719_3653"/><qualifiedName humanName="Qualified Name">Java Reflection::Class::forName::intialize</qualifiedName><TO_DO humanName="To Do" mode="s,e"/><type classType="DataType" humanName="Type" humanType="Data Type" icon="ripples_files/icon_datatype_1169894049.png" mode="s,e" name="boolean" refid="eee_1045467100323_191782_59"/><TYPE_MODIFIER humanName="Type Modifier" mode="e"/><upper humanName="Upper">1</upper><visibility humanName="Visibility">public</visibility></parameter></magicdraw>