<?xml version="1.0" encoding="UTF-8"?><magicdraw><class classType="Class" humanType="Class" icon="ripples_files/icon_class_1403380247.png" id="_17_0_5_1_43701b0_1461923350098_731815_3384"><allGeneralClassifiers humanName="All General Classifiers"><class classType="Class" humanType="Class" icon="ripples_files/icon_class_1403380247.png" name="AccessibleObject" refid="_17_0_5_1_43701b0_1461923350097_173006_3382"/><class classType="Class" humanType="Class" icon="ripples_files/icon_class_1403380247.png" name="Object" refid="_17_0_5_1_43701b0_1461923350105_682820_3411"/></allGeneralClassifiers><allSpecificClassifiers humanName="All Specific Classifiers"><class classType="Class" humanType="Class" icon="ripples_files/icon_class_1403380247.png" name="Constructor" refid="_17_0_5_1_43701b0_1461923350097_348287_3383"/><class classType="Class" humanType="Class" icon="ripples_files/icon_class_1403380247.png" name="Method" refid="_17_0_5_1_43701b0_1461923350099_228003_3386"/></allSpecificClassifiers><allSpecifyingElements humanName="All Specifying Elements"><interface classType="Interface" humanType="Interface" icon="ripples_files/icon_interface_753692748.png" name="GenericDeclaration" refid="_17_0_5_1_43701b0_1461923350097_986189_3381"/><interface classType="Interface" humanType="Interface" icon="ripples_files/icon_interface_753692748.png" name="Member" refid="_17_0_5_1_43701b0_1461923350105_720350_3410"/></allSpecifyingElements><attribute humanName="Attribute"><property classType="Property" humanType="Property" icon="ripples_files/icon_property_932503272.png" name="annotatedExceptionTypes" refid="_17_0_5_1_43701b0_1461923350204_932164_3740"/><property classType="Property" humanType="Property" icon="ripples_files/icon_property_932503272.png" name="annotatedParameterTypes" refid="_17_0_5_1_43701b0_1461923350205_116167_3741"/><property classType="Property" humanType="Property" icon="ripples_files/icon_property_932503272.png" name="annotatedReceiverType" refid="_17_0_5_1_43701b0_1461923350205_919989_3742"/><property classType="Property" humanType="Property" icon="ripples_files/icon_property_932503272.png" name="annotatedReturnType" refid="_17_0_5_1_43701b0_1461923350205_779157_3743"/><property classType="Property" humanType="Property" icon="ripples_files/icon_property_932503272.png" name="exceptionTypes" refid="_17_0_5_1_43701b0_1461923350205_509781_3744"/><property classType="Property" humanType="Property" icon="ripples_files/icon_property_932503272.png" name="genericExceptionTypes" refid="_17_0_5_1_43701b0_1461923350205_980073_3745"/><property classType="Property" humanType="Property" icon="ripples_files/icon_property_932503272.png" name="genericParameterTypes" refid="_17_0_5_1_43701b0_1461923350206_430760_3746"/><property classType="Property" humanType="Property" icon="ripples_files/icon_property_932503272.png" name="parameterAnnotations" refid="_17_0_5_1_43701b0_1461923350206_293589_3747"/><property classType="Property" humanType="Property" icon="ripples_files/icon_property_932503272.png" name="parameterCount" refid="_17_0_5_1_43701b0_1461923350206_854618_3748"/><property classType="Property" humanType="Property" icon="ripples_files/icon_property_932503272.png" name="parameters" refid="_17_0_5_1_43701b0_1461923350206_212252_3749"/><property classType="Property" humanType="Property" icon="ripples_files/icon_property_932503272.png" name="parameterTypes" refid="_17_0_5_1_43701b0_1461923350206_374908_3750"/><property classType="Property" humanType="Property" icon="ripples_files/icon_property_932503272.png" name="varArgs" refid="_17_0_5_1_43701b0_1461923350206_583940_3751"/></attribute><clientDependency humanName="Client Dependency"><interfacerealization classType="InterfaceRealization" humanType="Interface Realization" icon="ripples_files/icon_interfacerealization_1172450799.png" isRelationship="true" name="Interface Realization[Executable -&gt; GenericDeclaration]" refid="_17_0_5_1_43701b0_1461923350203_467500_3728"/><interfacerealization classType="InterfaceRealization" humanType="Interface Realization" icon="ripples_files/icon_interfacerealization_1172450799.png" isRelationship="true" name="Interface Realization[Executable -&gt; Member]" refid="_17_0_5_1_43701b0_1461923350204_125686_3738"/></clientDependency><feature humanName="Feature"><property classType="Property" humanType="Property" icon="ripples_files/icon_property_932503272.png" name="annotatedExceptionTypes" refid="_17_0_5_1_43701b0_1461923350204_932164_3740"/><property classType="Property" humanType="Property" icon="ripples_files/icon_property_932503272.png" name="annotatedParameterTypes" refid="_17_0_5_1_43701b0_1461923350205_116167_3741"/><property classType="Property" humanType="Property" icon="ripples_files/icon_property_932503272.png" name="annotatedReceiverType" refid="_17_0_5_1_43701b0_1461923350205_919989_3742"/><property classType="Property" humanType="Property" icon="ripples_files/icon_property_932503272.png" name="annotatedReturnType" refid="_17_0_5_1_43701b0_1461923350205_779157_3743"/><property classType="Property" humanType="Property" icon="ripples_files/icon_property_932503272.png" name="exceptionTypes" refid="_17_0_5_1_43701b0_1461923350205_509781_3744"/><property classType="Property" humanType="Property" icon="ripples_files/icon_property_932503272.png" name="genericExceptionTypes" refid="_17_0_5_1_43701b0_1461923350205_980073_3745"/><property classType="Property" humanType="Property" icon="ripples_files/icon_property_932503272.png" name="genericParameterTypes" refid="_17_0_5_1_43701b0_1461923350206_430760_3746"/><property classType="Property" humanType="Property" icon="ripples_files/icon_property_932503272.png" name="parameterAnnotations" refid="_17_0_5_1_43701b0_1461923350206_293589_3747"/><property classType="Property" humanType="Property" icon="ripples_files/icon_property_932503272.png" name="parameterCount" refid="_17_0_5_1_43701b0_1461923350206_854618_3748"/><property classType="Property" humanType="Property" icon="ripples_files/icon_property_932503272.png" name="parameters" refid="_17_0_5_1_43701b0_1461923350206_212252_3749"/><property classType="Property" humanType="Property" icon="ripples_files/icon_property_932503272.png" name="parameterTypes" refid="_17_0_5_1_43701b0_1461923350206_374908_3750"/><operation classType="Operation" humanType="Operation" icon="ripples_files/icon_operation_1932009480.png" name="toGenericString" refid="_17_0_5_1_43701b0_1461923350204_50550_3739"/><property classType="Property" humanType="Property" icon="ripples_files/icon_property_932503272.png" name="varArgs" refid="_17_0_5_1_43701b0_1461923350206_583940_3751"/></feature><generalization humanName="Generalization"><generalization classType="Generalization" humanType="Generalization" icon="ripples_files/icon_generalization_1418550995.png" isRelationship="true" refid="_17_0_5_1_43701b0_1461923350203_185802_3732"/></generalization><inheritedMember humanName="Inherited Member"><property classType="Property" humanType="Property" icon="ripples_files/icon_property_932503272.png" name="accessible" refid="_17_0_5_1_43701b0_1461923350204_3204_3734"/><operation classType="Operation" humanType="Operation" icon="ripples_files/icon_operation_1932009480.png" name="setAccessible" refid="_17_0_5_1_43701b0_1461923350203_604290_3733"/></inheritedMember><interfaceRealization humanName="Interface Realization"><interfacerealization classType="InterfaceRealization" humanType="Interface Realization" icon="ripples_files/icon_interfacerealization_1172450799.png" isRelationship="true" name="Interface Realization[Executable -&gt; GenericDeclaration]" refid="_17_0_5_1_43701b0_1461923350203_467500_3728"/><interfacerealization classType="InterfaceRealization" humanType="Interface Realization" icon="ripples_files/icon_interfacerealization_1172450799.png" isRelationship="true" name="Interface Realization[Executable -&gt; Member]" refid="_17_0_5_1_43701b0_1461923350204_125686_3738"/></interfaceRealization><isAbstract humanName="Is Abstract" mode="s,e">false</isAbstract><isActive humanName="Is Active" mode="s,e">false</isActive><isFinalSpecialization humanName="Is Final Specialization" mode="e">false</isFinalSpecialization><isLeaf humanName="Is Leaf" mode="s,e">false</isLeaf><member humanName="Member"><property classType="Property" humanType="Property" icon="ripples_files/icon_property_932503272.png" name="accessible" refid="_17_0_5_1_43701b0_1461923350204_3204_3734"/><property classType="Property" humanType="Property" icon="ripples_files/icon_property_932503272.png" name="annotatedExceptionTypes" refid="_17_0_5_1_43701b0_1461923350204_932164_3740"/><property classType="Property" humanType="Property" icon="ripples_files/icon_property_932503272.png" name="annotatedParameterTypes" refid="_17_0_5_1_43701b0_1461923350205_116167_3741"/><property classType="Property" humanType="Property" icon="ripples_files/icon_property_932503272.png" name="annotatedReceiverType" refid="_17_0_5_1_43701b0_1461923350205_919989_3742"/><property classType="Property" humanType="Property" icon="ripples_files/icon_property_932503272.png" name="annotatedReturnType" refid="_17_0_5_1_43701b0_1461923350205_779157_3743"/><property classType="Property" humanType="Property" icon="ripples_files/icon_property_932503272.png" name="exceptionTypes" refid="_17_0_5_1_43701b0_1461923350205_509781_3744"/><property classType="Property" humanType="Property" icon="ripples_files/icon_property_932503272.png" name="genericExceptionTypes" refid="_17_0_5_1_43701b0_1461923350205_980073_3745"/><property classType="Property" humanType="Property" icon="ripples_files/icon_property_932503272.png" name="genericParameterTypes" refid="_17_0_5_1_43701b0_1461923350206_430760_3746"/><property classType="Property" humanType="Property" icon="ripples_files/icon_property_932503272.png" name="parameterAnnotations" refid="_17_0_5_1_43701b0_1461923350206_293589_3747"/><property classType="Property" humanType="Property" icon="ripples_files/icon_property_932503272.png" name="parameterCount" refid="_17_0_5_1_43701b0_1461923350206_854618_3748"/><property classType="Property" humanType="Property" icon="ripples_files/icon_property_932503272.png" name="parameters" refid="_17_0_5_1_43701b0_1461923350206_212252_3749"/><property classType="Property" humanType="Property" icon="ripples_files/icon_property_932503272.png" name="parameterTypes" refid="_17_0_5_1_43701b0_1461923350206_374908_3750"/><operation classType="Operation" humanType="Operation" icon="ripples_files/icon_operation_1932009480.png" name="setAccessible" refid="_17_0_5_1_43701b0_1461923350203_604290_3733"/><operation classType="Operation" humanType="Operation" icon="ripples_files/icon_operation_1932009480.png" name="toGenericString" refid="_17_0_5_1_43701b0_1461923350204_50550_3739"/><property classType="Property" humanType="Property" icon="ripples_files/icon_property_932503272.png" name="varArgs" refid="_17_0_5_1_43701b0_1461923350206_583940_3751"/></member><name humanName="Name" mode="s,e">Executable</name><namespace classType="Package" humanName="Namespace" humanType="Package" icon="ripples_files/icon_package_1584688439.png" name="Java Reflection" refid="_17_0_5_1_43701b0_1462171467184_515020_8291"/><ownedAttribute humanName="Owned Attribute"><property classType="Property" humanType="Property" icon="ripples_files/icon_property_932503272.png" name="annotatedExceptionTypes" refid="_17_0_5_1_43701b0_1461923350204_932164_3740"/><property classType="Property" humanType="Property" icon="ripples_files/icon_property_932503272.png" name="annotatedParameterTypes" refid="_17_0_5_1_43701b0_1461923350205_116167_3741"/><property classType="Property" humanType="Property" icon="ripples_files/icon_property_932503272.png" name="annotatedReceiverType" refid="_17_0_5_1_43701b0_1461923350205_919989_3742"/><property classType="Property" humanType="Property" icon="ripples_files/icon_property_932503272.png" name="annotatedReturnType" refid="_17_0_5_1_43701b0_1461923350205_779157_3743"/><property classType="Property" humanType="Property" icon="ripples_files/icon_property_932503272.png" name="exceptionTypes" refid="_17_0_5_1_43701b0_1461923350205_509781_3744"/><property classType="Property" humanType="Property" icon="ripples_files/icon_property_932503272.png" name="genericExceptionTypes" refid="_17_0_5_1_43701b0_1461923350205_980073_3745"/><property classType="Property" humanType="Property" icon="ripples_files/icon_property_932503272.png" name="genericParameterTypes" refid="_17_0_5_1_43701b0_1461923350206_430760_3746"/><property classType="Property" humanType="Property" icon="ripples_files/icon_property_932503272.png" name="parameterAnnotations" refid="_17_0_5_1_43701b0_1461923350206_293589_3747"/><property classType="Property" humanType="Property" icon="ripples_files/icon_property_932503272.png" name="parameterCount" refid="_17_0_5_1_43701b0_1461923350206_854618_3748"/><property classType="Property" humanType="Property" icon="ripples_files/icon_property_932503272.png" name="parameters" refid="_17_0_5_1_43701b0_1461923350206_212252_3749"/><property classType="Property" humanType="Property" icon="ripples_files/icon_property_932503272.png" name="parameterTypes" refid="_17_0_5_1_43701b0_1461923350206_374908_3750"/><property classType="Property" humanType="Property" icon="ripples_files/icon_property_932503272.png" name="varArgs" refid="_17_0_5_1_43701b0_1461923350206_583940_3751"/></ownedAttribute><ownedElement humanName="Owned Element"><generalization classType="Generalization" humanType="Generalization" icon="ripples_files/icon_generalization_1418550995.png" isRelationship="true" refid="_17_0_5_1_43701b0_1461923350203_185802_3732"/><property classType="Property" humanType="Property" icon="ripples_files/icon_property_932503272.png" name="annotatedExceptionTypes" refid="_17_0_5_1_43701b0_1461923350204_932164_3740"/><property classType="Property" humanType="Property" icon="ripples_files/icon_property_932503272.png" name="annotatedParameterTypes" refid="_17_0_5_1_43701b0_1461923350205_116167_3741"/><property classType="Property" humanType="Property" icon="ripples_files/icon_property_932503272.png" name="annotatedReceiverType" refid="_17_0_5_1_43701b0_1461923350205_919989_3742"/><property classType="Property" humanType="Property" icon="ripples_files/icon_property_932503272.png" name="annotatedReturnType" refid="_17_0_5_1_43701b0_1461923350205_779157_3743"/><property classType="Property" humanType="Property" icon="ripples_files/icon_property_932503272.png" name="exceptionTypes" refid="_17_0_5_1_43701b0_1461923350205_509781_3744"/><property classType="Property" humanType="Property" icon="ripples_files/icon_property_932503272.png" name="genericExceptionTypes" refid="_17_0_5_1_43701b0_1461923350205_980073_3745"/><property classType="Property" humanType="Property" icon="ripples_files/icon_property_932503272.png" name="genericParameterTypes" refid="_17_0_5_1_43701b0_1461923350206_430760_3746"/><interfacerealization classType="InterfaceRealization" humanType="Interface Realization" icon="ripples_files/icon_interfacerealization_1172450799.png" isRelationship="true" name="Interface Realization[Executable -&gt; GenericDeclaration]" refid="_17_0_5_1_43701b0_1461923350203_467500_3728"/><interfacerealization classType="InterfaceRealization" humanType="Interface Realization" icon="ripples_files/icon_interfacerealization_1172450799.png" isRelationship="true" name="Interface Realization[Executable -&gt; Member]" refid="_17_0_5_1_43701b0_1461923350204_125686_3738"/><property classType="Property" humanType="Property" icon="ripples_files/icon_property_932503272.png" name="parameterAnnotations" refid="_17_0_5_1_43701b0_1461923350206_293589_3747"/><property classType="Property" humanType="Property" icon="ripples_files/icon_property_932503272.png" name="parameterCount" refid="_17_0_5_1_43701b0_1461923350206_854618_3748"/><property classType="Property" humanType="Property" icon="ripples_files/icon_property_932503272.png" name="parameters" refid="_17_0_5_1_43701b0_1461923350206_212252_3749"/><property classType="Property" humanType="Property" icon="ripples_files/icon_property_932503272.png" name="parameterTypes" refid="_17_0_5_1_43701b0_1461923350206_374908_3750"/><operation classType="Operation" humanType="Operation" icon="ripples_files/icon_operation_1932009480.png" name="toGenericString" refid="_17_0_5_1_43701b0_1461923350204_50550_3739"/><property classType="Property" humanType="Property" icon="ripples_files/icon_property_932503272.png" name="varArgs" refid="_17_0_5_1_43701b0_1461923350206_583940_3751"/></ownedElement><ownedMember humanName="Owned Member"><property classType="Property" humanType="Property" icon="ripples_files/icon_property_932503272.png" name="annotatedExceptionTypes" refid="_17_0_5_1_43701b0_1461923350204_932164_3740"/><property classType="Property" humanType="Property" icon="ripples_files/icon_property_932503272.png" name="annotatedParameterTypes" refid="_17_0_5_1_43701b0_1461923350205_116167_3741"/><property classType="Property" humanType="Property" icon="ripples_files/icon_property_932503272.png" name="annotatedReceiverType" refid="_17_0_5_1_43701b0_1461923350205_919989_3742"/><property classType="Property" humanType="Property" icon="ripples_files/icon_property_932503272.png" name="annotatedReturnType" refid="_17_0_5_1_43701b0_1461923350205_779157_3743"/><property classType="Property" humanType="Property" icon="ripples_files/icon_property_932503272.png" name="exceptionTypes" refid="_17_0_5_1_43701b0_1461923350205_509781_3744"/><property classType="Property" humanType="Property" icon="ripples_files/icon_property_932503272.png" name="genericExceptionTypes" refid="_17_0_5_1_43701b0_1461923350205_980073_3745"/><property classType="Property" humanType="Property" icon="ripples_files/icon_property_932503272.png" name="genericParameterTypes" refid="_17_0_5_1_43701b0_1461923350206_430760_3746"/><property classType="Property" humanType="Property" icon="ripples_files/icon_property_932503272.png" name="parameterAnnotations" refid="_17_0_5_1_43701b0_1461923350206_293589_3747"/><property classType="Property" humanType="Property" icon="ripples_files/icon_property_932503272.png" name="parameterCount" refid="_17_0_5_1_43701b0_1461923350206_854618_3748"/><property classType="Property" humanType="Property" icon="ripples_files/icon_property_932503272.png" name="parameters" refid="_17_0_5_1_43701b0_1461923350206_212252_3749"/><property classType="Property" humanType="Property" icon="ripples_files/icon_property_932503272.png" name="parameterTypes" refid="_17_0_5_1_43701b0_1461923350206_374908_3750"/><operation classType="Operation" humanType="Operation" icon="ripples_files/icon_operation_1932009480.png" name="toGenericString" refid="_17_0_5_1_43701b0_1461923350204_50550_3739"/><property classType="Property" humanType="Property" icon="ripples_files/icon_property_932503272.png" name="varArgs" refid="_17_0_5_1_43701b0_1461923350206_583940_3751"/></ownedMember><ownedOperation humanName="Owned Operation"><operation classType="Operation" humanType="Operation" icon="ripples_files/icon_operation_1932009480.png" name="toGenericString" refid="_17_0_5_1_43701b0_1461923350204_50550_3739"/></ownedOperation><owner classType="Package" humanName="Owner" humanType="Package" icon="ripples_files/icon_package_1584688439.png" mode="s,e" name="Java Reflection" refid="_17_0_5_1_43701b0_1462171467184_515020_8291"/><owningPackage classType="Package" humanName="Owning Package" humanType="Package" icon="ripples_files/icon_package_1584688439.png" name="Java Reflection" refid="_17_0_5_1_43701b0_1462171467184_515020_8291"/><package classType="Package" humanName="Package" humanType="Package" icon="ripples_files/icon_package_1584688439.png" name="Java Reflection" refid="_17_0_5_1_43701b0_1462171467184_515020_8291"/><qualifiedName humanName="Qualified Name" mode="e">Java Reflection::Executable</qualifiedName><realizedInterfaces humanName="Realized Interface" mode="s,e"><interface classType="Interface" humanType="Interface" icon="ripples_files/icon_interface_753692748.png" name="GenericDeclaration" refid="_17_0_5_1_43701b0_1461923350097_986189_3381"/><interface classType="Interface" humanType="Interface" icon="ripples_files/icon_interface_753692748.png" name="Member" refid="_17_0_5_1_43701b0_1461923350105_720350_3410"/></realizedInterfaces><role humanName="Role"><property classType="Property" humanType="Property" icon="ripples_files/icon_property_932503272.png" name="annotatedExceptionTypes" refid="_17_0_5_1_43701b0_1461923350204_932164_3740"/><property classType="Property" humanType="Property" icon="ripples_files/icon_property_932503272.png" name="annotatedParameterTypes" refid="_17_0_5_1_43701b0_1461923350205_116167_3741"/><property classType="Property" humanType="Property" icon="ripples_files/icon_property_932503272.png" name="annotatedReceiverType" refid="_17_0_5_1_43701b0_1461923350205_919989_3742"/><property classType="Property" humanType="Property" icon="ripples_files/icon_property_932503272.png" name="annotatedReturnType" refid="_17_0_5_1_43701b0_1461923350205_779157_3743"/><property classType="Property" humanType="Property" icon="ripples_files/icon_property_932503272.png" name="exceptionTypes" refid="_17_0_5_1_43701b0_1461923350205_509781_3744"/><property classType="Property" humanType="Property" icon="ripples_files/icon_property_932503272.png" name="genericExceptionTypes" refid="_17_0_5_1_43701b0_1461923350205_980073_3745"/><property classType="Property" humanType="Property" icon="ripples_files/icon_property_932503272.png" name="genericParameterTypes" refid="_17_0_5_1_43701b0_1461923350206_430760_3746"/><property classType="Property" humanType="Property" icon="ripples_files/icon_property_932503272.png" name="parameterAnnotations" refid="_17_0_5_1_43701b0_1461923350206_293589_3747"/><property classType="Property" humanType="Property" icon="ripples_files/icon_property_932503272.png" name="parameterCount" refid="_17_0_5_1_43701b0_1461923350206_854618_3748"/><property classType="Property" humanType="Property" icon="ripples_files/icon_property_932503272.png" name="parameters" refid="_17_0_5_1_43701b0_1461923350206_212252_3749"/><property classType="Property" humanType="Property" icon="ripples_files/icon_property_932503272.png" name="parameterTypes" refid="_17_0_5_1_43701b0_1461923350206_374908_3750"/><property classType="Property" humanType="Property" icon="ripples_files/icon_property_932503272.png" name="varArgs" refid="_17_0_5_1_43701b0_1461923350206_583940_3751"/></role><specificClassifier humanName="Specific Classifier"><class classType="Class" humanType="Class" icon="ripples_files/icon_class_1403380247.png" name="Constructor" refid="_17_0_5_1_43701b0_1461923350097_348287_3383"/><class classType="Class" humanType="Class" icon="ripples_files/icon_class_1403380247.png" name="Method" refid="_17_0_5_1_43701b0_1461923350099_228003_3386"/></specificClassifier><specifyingElement humanName="Specifying Element"><interface classType="Interface" humanType="Interface" icon="ripples_files/icon_interface_753692748.png" name="GenericDeclaration" refid="_17_0_5_1_43701b0_1461923350097_986189_3381"/><interface classType="Interface" humanType="Interface" icon="ripples_files/icon_interface_753692748.png" name="Member" refid="_17_0_5_1_43701b0_1461923350105_720350_3410"/></specifyingElement><superClass humanName="Super Class"><class classType="Class" humanType="Class" icon="ripples_files/icon_class_1403380247.png" name="AccessibleObject" refid="_17_0_5_1_43701b0_1461923350097_173006_3382"/></superClass><TO_DO humanName="To Do" mode="s,e"/><visibility humanName="Visibility" mode="e">public</visibility><appearsIn><diagram classType="Diagram" humanType="Diagram" icon="ripples_files/icon_Class Diagram_62827829.png" name="Generics Associations" refid="_17_0_5_1_43701b0_1461923350141_67354_3505"/><diagram classType="Diagram" humanType="Diagram" icon="ripples_files/icon_Class Diagram_62827829.png" name="Core Hierarchy" refid="_17_0_5_1_43701b0_1461923350115_398316_3462"/><diagram classType="Diagram" humanType="Diagram" icon="ripples_files/icon_Class Diagram_62827829.png" name="Core Relationships" refid="_17_0_5_1_43701b0_1461923350148_642350_3526"/><diagram classType="Diagram" humanType="Diagram" icon="ripples_files/icon_Class Diagram_62827829.png" name="Annotations Relationships" refid="_17_0_5_1_43701b0_1461923350169_961248_3589"/><diagram classType="Diagram" humanType="Diagram" icon="ripples_files/icon_Class Diagram_62827829.png" name="Generics Hierarchy" refid="_17_0_5_1_43701b0_1461923350162_929744_3568"/></appearsIn></class></magicdraw>