<?xml version="1.0" encoding="UTF-8"?><magicdraw><interface classType="Interface" humanType="Interface" icon="ripples_files/icon_interface_753692748.png" id="_17_0_5_1_43701b0_1461923350093_956120_3372"><allGeneralClassifiers humanName="All General Classifiers"><interface classType="Interface" humanType="Interface" icon="ripples_files/icon_interface_753692748.png" name="AnnotatedElement" refid="_17_0_5_1_43701b0_1461923350095_531597_3375"/><interface classType="Interface" humanType="Interface" icon="ripples_files/icon_interface_753692748.png" name="Type" refid="_17_0_5_1_43701b0_1461923350088_841582_3369"/></allGeneralClassifiers><attribute humanName="Attribute"><property classType="Property" humanType="Property" icon="ripples_files/icon_property_932503272.png" name="annotatedBounds" refid="_17_0_5_1_43701b0_1461923350187_431230_3643"/><property classType="Property" humanType="Property" icon="ripples_files/icon_property_932503272.png" name="bounds" refid="_17_0_5_1_43701b0_1461923350187_856811_3644"/><property classType="Property" humanType="Property" icon="ripples_files/icon_property_932503272.png" name="genericDeclaration" refid="_17_0_5_1_43701b0_1461923350187_360711_3645"/><property classType="Property" humanType="Property" icon="ripples_files/icon_property_932503272.png" name="name" refid="_17_0_5_1_43701b0_1461923350186_551630_3642"/></attribute><clientDependency humanName="Client Dependency"><dependency classType="Dependency" humanType="Dependency" icon="ripples_files/icon_dependency_804347788.png" isRelationship="true" name="defines bounds of Type Variable (may be Parameterized Type or Classes)" refid="_17_0_5_1_43701b0_1471605179924_653322_6375"/></clientDependency><feature humanName="Feature"><property classType="Property" humanType="Property" icon="ripples_files/icon_property_932503272.png" name="annotatedBounds" refid="_17_0_5_1_43701b0_1461923350187_431230_3643"/><property classType="Property" humanType="Property" icon="ripples_files/icon_property_932503272.png" name="bounds" refid="_17_0_5_1_43701b0_1461923350187_856811_3644"/><property classType="Property" humanType="Property" icon="ripples_files/icon_property_932503272.png" name="genericDeclaration" refid="_17_0_5_1_43701b0_1461923350187_360711_3645"/><property classType="Property" humanType="Property" icon="ripples_files/icon_property_932503272.png" name="name" refid="_17_0_5_1_43701b0_1461923350186_551630_3642"/></feature><general humanName="General"><interface classType="Interface" humanType="Interface" icon="ripples_files/icon_interface_753692748.png" name="AnnotatedElement" refid="_17_0_5_1_43701b0_1461923350095_531597_3375"/><interface classType="Interface" humanType="Interface" icon="ripples_files/icon_interface_753692748.png" name="Type" refid="_17_0_5_1_43701b0_1461923350088_841582_3369"/></general><generalization humanName="Generalization"><generalization classType="Generalization" humanType="Generalization" icon="ripples_files/icon_generalization_1418550995.png" isRelationship="true" refid="_17_0_5_1_43701b0_1461923350185_600019_3631"/><generalization classType="Generalization" humanType="Generalization" icon="ripples_files/icon_generalization_1418550995.png" isRelationship="true" refid="_17_0_5_1_43701b0_1461923350186_758302_3641"/></generalization><inheritedMember humanName="Inherited Member"><property classType="Property" humanType="Property" icon="ripples_files/icon_property_932503272.png" name="annotation" refid="_17_0_5_1_43701b0_1461923350201_640221_3712"/><property classType="Property" humanType="Property" icon="ripples_files/icon_property_932503272.png" name="annotations" refid="_17_0_5_1_43701b0_1461923350201_991593_3713"/><property classType="Property" humanType="Property" icon="ripples_files/icon_property_932503272.png" name="annotationsByType" refid="_17_0_5_1_43701b0_1461923350201_890322_3714"/><property classType="Property" humanType="Property" icon="ripples_files/icon_property_932503272.png" name="declaredAnnotation" refid="_17_0_5_1_43701b0_1461923350201_799554_3715"/><property classType="Property" humanType="Property" icon="ripples_files/icon_property_932503272.png" name="declaredAnnotations" refid="_17_0_5_1_43701b0_1461923350201_122336_3716"/><property classType="Property" humanType="Property" icon="ripples_files/icon_property_932503272.png" name="declaredAnnotationsByType" refid="_17_0_5_1_43701b0_1461923350202_315971_3717"/><operation classType="Operation" humanType="Operation" icon="ripples_files/icon_operation_1932009480.png" name="isAnnotationPresent" refid="_17_0_5_1_43701b0_1461923350200_577944_3711"/><property classType="Property" humanType="Property" icon="ripples_files/icon_property_932503272.png" name="typeName" refid="_17_0_5_1_43701b0_1461923350185_60187_3636"/></inheritedMember><isAbstract humanName="Is Abstract" mode="s,e">false</isAbstract><isFinalSpecialization humanName="Is Final Specialization" mode="e">false</isFinalSpecialization><isLeaf humanName="Is Leaf" mode="e">false</isLeaf><member humanName="Member"><property classType="Property" humanType="Property" icon="ripples_files/icon_property_932503272.png" name="annotatedBounds" refid="_17_0_5_1_43701b0_1461923350187_431230_3643"/><property classType="Property" humanType="Property" icon="ripples_files/icon_property_932503272.png" name="annotation" refid="_17_0_5_1_43701b0_1461923350201_640221_3712"/><property classType="Property" humanType="Property" icon="ripples_files/icon_property_932503272.png" name="annotations" refid="_17_0_5_1_43701b0_1461923350201_991593_3713"/><property classType="Property" humanType="Property" icon="ripples_files/icon_property_932503272.png" name="annotationsByType" refid="_17_0_5_1_43701b0_1461923350201_890322_3714"/><property classType="Property" humanType="Property" icon="ripples_files/icon_property_932503272.png" name="bounds" refid="_17_0_5_1_43701b0_1461923350187_856811_3644"/><property classType="Property" humanType="Property" icon="ripples_files/icon_property_932503272.png" name="declaredAnnotation" refid="_17_0_5_1_43701b0_1461923350201_799554_3715"/><property classType="Property" humanType="Property" icon="ripples_files/icon_property_932503272.png" name="declaredAnnotations" refid="_17_0_5_1_43701b0_1461923350201_122336_3716"/><property classType="Property" humanType="Property" icon="ripples_files/icon_property_932503272.png" name="declaredAnnotationsByType" refid="_17_0_5_1_43701b0_1461923350202_315971_3717"/><property classType="Property" humanType="Property" icon="ripples_files/icon_property_932503272.png" name="genericDeclaration" refid="_17_0_5_1_43701b0_1461923350187_360711_3645"/><operation classType="Operation" humanType="Operation" icon="ripples_files/icon_operation_1932009480.png" name="isAnnotationPresent" refid="_17_0_5_1_43701b0_1461923350200_577944_3711"/><property classType="Property" humanType="Property" icon="ripples_files/icon_property_932503272.png" name="name" refid="_17_0_5_1_43701b0_1461923350186_551630_3642"/><property classType="Property" humanType="Property" icon="ripples_files/icon_property_932503272.png" name="typeName" refid="_17_0_5_1_43701b0_1461923350185_60187_3636"/></member><name humanName="Name" mode="s,e">TypeVariable</name><namespace classType="Package" humanName="Namespace" humanType="Package" icon="ripples_files/icon_package_1584688439.png" name="Java Reflection" refid="_17_0_5_1_43701b0_1462171467184_515020_8291"/><ownedAttribute humanName="Owned Attribute"><property classType="Property" humanType="Property" icon="ripples_files/icon_property_932503272.png" name="annotatedBounds" refid="_17_0_5_1_43701b0_1461923350187_431230_3643"/><property classType="Property" humanType="Property" icon="ripples_files/icon_property_932503272.png" name="bounds" refid="_17_0_5_1_43701b0_1461923350187_856811_3644"/><property classType="Property" humanType="Property" icon="ripples_files/icon_property_932503272.png" name="genericDeclaration" refid="_17_0_5_1_43701b0_1461923350187_360711_3645"/><property classType="Property" humanType="Property" icon="ripples_files/icon_property_932503272.png" name="name" refid="_17_0_5_1_43701b0_1461923350186_551630_3642"/></ownedAttribute><ownedElement humanName="Owned Element"><generalization classType="Generalization" humanType="Generalization" icon="ripples_files/icon_generalization_1418550995.png" isRelationship="true" refid="_17_0_5_1_43701b0_1461923350185_600019_3631"/><generalization classType="Generalization" humanType="Generalization" icon="ripples_files/icon_generalization_1418550995.png" isRelationship="true" refid="_17_0_5_1_43701b0_1461923350186_758302_3641"/><property classType="Property" humanType="Property" icon="ripples_files/icon_property_932503272.png" name="annotatedBounds" refid="_17_0_5_1_43701b0_1461923350187_431230_3643"/><property classType="Property" humanType="Property" icon="ripples_files/icon_property_932503272.png" name="bounds" refid="_17_0_5_1_43701b0_1461923350187_856811_3644"/><property classType="Property" humanType="Property" icon="ripples_files/icon_property_932503272.png" name="genericDeclaration" refid="_17_0_5_1_43701b0_1461923350187_360711_3645"/><property classType="Property" humanType="Property" icon="ripples_files/icon_property_932503272.png" name="name" refid="_17_0_5_1_43701b0_1461923350186_551630_3642"/></ownedElement><ownedMember humanName="Owned Member"><property classType="Property" humanType="Property" icon="ripples_files/icon_property_932503272.png" name="annotatedBounds" refid="_17_0_5_1_43701b0_1461923350187_431230_3643"/><property classType="Property" humanType="Property" icon="ripples_files/icon_property_932503272.png" name="bounds" refid="_17_0_5_1_43701b0_1461923350187_856811_3644"/><property classType="Property" humanType="Property" icon="ripples_files/icon_property_932503272.png" name="genericDeclaration" refid="_17_0_5_1_43701b0_1461923350187_360711_3645"/><property classType="Property" humanType="Property" icon="ripples_files/icon_property_932503272.png" name="name" refid="_17_0_5_1_43701b0_1461923350186_551630_3642"/></ownedMember><owner classType="Package" humanName="Owner" humanType="Package" icon="ripples_files/icon_package_1584688439.png" mode="s,e" name="Java Reflection" refid="_17_0_5_1_43701b0_1462171467184_515020_8291"/><owningPackage classType="Package" humanName="Owning Package" humanType="Package" icon="ripples_files/icon_package_1584688439.png" name="Java Reflection" refid="_17_0_5_1_43701b0_1462171467184_515020_8291"/><package classType="Package" humanName="Package" humanType="Package" icon="ripples_files/icon_package_1584688439.png" name="Java Reflection" refid="_17_0_5_1_43701b0_1462171467184_515020_8291"/><qualifiedName humanName="Qualified Name" mode="e">Java Reflection::TypeVariable</qualifiedName><supplierDependency humanName="Supplier Dependency"><dependency classType="Dependency" humanType="Dependency" icon="ripples_files/icon_dependency_804347788.png" isRelationship="true" name="defines parameters of Generic Declaration" refid="_17_0_5_1_43701b0_1471602715035_832382_4347"/></supplierDependency><TO_DO humanName="To Do" mode="s,e"/><visibility humanName="Visibility">public</visibility><appearsIn><diagram classType="Diagram" humanType="Diagram" icon="ripples_files/icon_Class Diagram_62827829.png" name="Generics Dependencies" refid="_17_0_5_1_43701b0_1471603263481_426334_4722"/><diagram classType="Diagram" humanType="Diagram" icon="ripples_files/icon_Class Diagram_62827829.png" name="Generics Associations" refid="_17_0_5_1_43701b0_1461923350141_67354_3505"/><diagram classType="Diagram" humanType="Diagram" icon="ripples_files/icon_Class Diagram_62827829.png" name="Annotations Hierarchy" refid="_17_0_5_1_43701b0_1461923350133_414887_3484"/><diagram classType="Diagram" humanType="Diagram" icon="ripples_files/icon_Class Diagram_62827829.png" name="Annotations Relationships" refid="_17_0_5_1_43701b0_1461923350169_961248_3589"/><diagram classType="Diagram" humanType="Diagram" icon="ripples_files/icon_Class Diagram_62827829.png" name="Generics Hierarchy" refid="_17_0_5_1_43701b0_1461923350162_929744_3568"/></appearsIn></interface></magicdraw>