<?xml version="1.0" encoding="UTF-8"?><magicdraw><diagram classType="Diagram" diagramType="Class Diagram" height="1610" humanType="Diagram" icon="ripples_files/icon_Class Diagram_62827829.png" id="_17_0_5_1_43701b0_1461923350177_263390_3610" src="ripples_files/_17_0_5_1_43701b0_1461923350177_263390_3610.png" width="2265"><APPLIED_STEREOTYPES humanName="Applied Stereotype" mode="s,e"><stereotype classType="Stereotype" humanType="Stereotype" icon="ripples_files/icon_stereotype_1934908288.png" name="DiagramInfo" refid="_9_0_be00301_1108044380615_150487_0"/></APPLIED_STEREOTYPES><appliedStereotype humanName="Applied Stereotype" mode="s,e"><stereotype classType="Stereotype" humanType="Stereotype" icon="ripples_files/icon_stereotype_1934908288.png" name="DiagramInfo" refid="_9_0_be00301_1108044380615_150487_0"><property classType="Property" humanName="Author" humanType="Property" icon="ripples_files/icon_property_932503272.png" name="Author" refid="_be00301_1077726770128_871366_1"><String>john</String></property><property classType="Property" humanName="Base_ Diagram" humanType="Property" icon="ripples_files/icon_property_932503272.png" name="base_Diagram" refid="_10_0EAPbeta_be00301_1123081772498_901864_356"/><property classType="Property" humanName="Base_ Element" humanType="Property" icon="ripples_files/icon_property_932503272.png" name="base_Element" refid="_10_0EAPbeta_be00301_1123081772098_411862_275"/><property classType="Property" humanName="Creation Date" humanType="Property" icon="ripples_files/icon_property_932503272.png" name="Creation date" refid="_be00301_1073306188629_537791_2"><String>4/29/16 11:49 AM</String></property><property classType="Property" humanName="Last modified by" humanType="Property" icon="ripples_files/icon_property_932503272.png" name="Last modified by" refid="_16_8beta_8ca0285_1257244649124_794756_344"><String>john</String></property><property classType="Property" humanName="Modification Date" humanType="Property" icon="ripples_files/icon_property_932503272.png" name="Modification date" refid="_be00301_1073394345322_922552_1"><String>26/10/16 13:06</String></property></stereotype></appliedStereotype><appliedStereotypeInstance classType="InstanceSpecification" humanName="Applied Stereotype Instance" humanType="Instance Specification" icon="ripples_files/icon_instancespecification_1939970407.png" name=" : DiagramInfo" refid="_17_0_5_1_43701b0_1461923350241_58763_3880"/><map><area isNotContentShape="false" name="Diagram Generics Hierarchy" refid="_17_0_5_1_43701b0_1461923350162_929744_3568" shape="rect" type="0"><point x="28" y="49"/><point x="317" y="49"/><point x="317" y="336"/><point x="28" y="336"/></area><area isNotContentShape="false" name="Diagram Core Hierarchy" refid="_17_0_5_1_43701b0_1461923350115_398316_3462" shape="rect" type="0"><point x="511" y="476"/><point x="871" y="476"/><point x="871" y="714"/><point x="511" y="714"/></area><area isNotContentShape="false" name="Diagram Annotations Hierarchy" refid="_17_0_5_1_43701b0_1461923350133_414887_3484" shape="rect" type="0"><point x="28" y="476"/><point x="497" y="476"/><point x="497" y="826"/><point x="28" y="826"/></area><area isNotContentShape="false" name="Diagram Generics Dependencies" refid="_17_0_5_1_43701b0_1471603263481_426334_4722" shape="rect" type="0"><point x="1078" y="49"/><point x="1777" y="49"/><point x="1777" y="473"/><point x="1078" y="473"/></area><area isNotContentShape="false" name="Diagram Generics Associations" refid="_17_0_5_1_43701b0_1461923350141_67354_3505" shape="rect" type="0"><point x="329" y="49"/><point x="1056" y="49"/><point x="1056" y="459"/><point x="329" y="459"/></area><area isNotContentShape="false" name="Diagram Annotations Relationships" refid="_17_0_5_1_43701b0_1461923350169_961248_3589" shape="rect" type="0"><point x="28" y="840"/><point x="855" y="840"/><point x="855" y="1572"/><point x="28" y="1572"/></area><area isNotContentShape="false" name="Diagram Core Relationships" refid="_17_0_5_1_43701b0_1461923350148_642350_3526" shape="rect" type="0"><point x="882" y="483"/><point x="2241" y="483"/><point x="2241" y="1586"/><point x="882" y="1586"/></area></map><name humanName="Name" mode="s,e">Overview</name><namespace classType="Package" humanName="Namespace" humanType="Package" icon="ripples_files/icon_package_1584688439.png" name="Java Reflection" refid="_17_0_5_1_43701b0_1462171467184_515020_8291"/><ownedElement humanName="Owned Element"><instancespecification classType="InstanceSpecification" humanType="Instance Specification" icon="ripples_files/icon_instancespecification_1939970407.png" name=" : DiagramInfo" refid="_17_0_5_1_43701b0_1461923350241_58763_3880"/></ownedElement><owner classType="Package" humanName="Owner" humanType="Package" icon="ripples_files/icon_package_1584688439.png" mode="s,e" name="Java Reflection" refid="_17_0_5_1_43701b0_1462171467184_515020_8291"/><ownerOfDiagram classType="Package" humanName="Owner Of Diagram" humanType="Package" icon="ripples_files/icon_package_1584688439.png" name="Java Reflection" refid="_17_0_5_1_43701b0_1462171467184_515020_8291"/><qualifiedName humanName="Qualified Name" mode="e">Java Reflection::Overview</qualifiedName><TO_DO humanName="To Do" mode="s,e"/><DIAGRAM_TYPE_DERIVED_PROPERTY humanName="Type">Class Diagram</DIAGRAM_TYPE_DERIVED_PROPERTY><visibility humanName="Visibility">public</visibility><appearsIn><diagram classType="Diagram" humanType="Diagram" icon="ripples_files/icon_Class Diagram_62827829.png" name="Java Reflection Overview" refid="_17_0_5_1_43701b0_1461923439215_855377_7821"/></appearsIn></diagram></magicdraw>