<?xml version="1.0" encoding="UTF-8"?><magicdraw><interfacerealization classType="InterfaceRealization" humanType="Interface Realization" icon="ripples_files/icon_interfacerealization_1172450799.png" id="_17_0_5_1_43701b0_1461923350206_160526_3752"><client humanName="Client"><class classType="Class" humanType="Class" icon="ripples_files/icon_class_1403380247.png" name="Field" refid="_17_0_5_1_43701b0_1461923350098_684609_3385"/></client><contract classType="Interface" humanName="Contract" humanType="Interface" icon="ripples_files/icon_interface_753692748.png" mode="s,e" name="Member" refid="_17_0_5_1_43701b0_1461923350105_720350_3410"/><implementingClassifier classType="Class" humanName="Implementing Classifier" humanType="Class" icon="ripples_files/icon_class_1403380247.png" mode="s,e" name="Field" refid="_17_0_5_1_43701b0_1461923350098_684609_3385"/><name humanName="Name" mode="s,e"/><owner classType="Class" humanName="Owner" humanType="Class" icon="ripples_files/icon_class_1403380247.png" mode="s,e" name="Field" refid="_17_0_5_1_43701b0_1461923350098_684609_3385"/><qualifiedName humanName="Qualified Name" mode="e">Java Reflection::Field::</qualifiedName><relatedElement humanName="Related Element"><class classType="Class" humanType="Class" icon="ripples_files/icon_class_1403380247.png" name="Field" refid="_17_0_5_1_43701b0_1461923350098_684609_3385"/><interface classType="Interface" humanType="Interface" icon="ripples_files/icon_interface_753692748.png" name="Member" refid="_17_0_5_1_43701b0_1461923350105_720350_3410"/></relatedElement><source humanName="Source"><class classType="Class" humanType="Class" icon="ripples_files/icon_class_1403380247.png" name="Field" refid="_17_0_5_1_43701b0_1461923350098_684609_3385"/></source><supplier humanName="Supplier"><interface classType="Interface" humanType="Interface" icon="ripples_files/icon_interface_753692748.png" name="Member" refid="_17_0_5_1_43701b0_1461923350105_720350_3410"/></supplier><target humanName="Target"><interface classType="Interface" humanType="Interface" icon="ripples_files/icon_interface_753692748.png" name="Member" refid="_17_0_5_1_43701b0_1461923350105_720350_3410"/></target><TO_DO humanName="To Do" mode="s,e"/><visibility humanName="Visibility">public</visibility><appearsIn><diagram classType="Diagram" humanType="Diagram" icon="ripples_files/icon_Class Diagram_62827829.png" name="Core Hierarchy" refid="_17_0_5_1_43701b0_1461923350115_398316_3462"/></appearsIn></interfacerealization></magicdraw>