<?xml version="1.0" encoding="UTF-8"?><magicdraw><property classType="Property" humanType="Property" icon="ripples_files/icon_property_932503272.png" id="_17_0_5_1_43701b0_1461923350216_684937_3818"><aggregation humanName="Aggregation" mode="s,e">none</aggregation><association classType="Association" humanName="Association" humanType="Association" icon="ripples_files/icon_association_399155742.png" isRelationship="true" name="Association[AnnotatedParameterizedType -&gt; annotatedActualTypeArguments:AnnotatedType]" refid="_17_0_5_1_43701b0_1461923350103_291793_3404"/><featuringClassifier classType="Association" humanName="Featuring Classifier" humanType="Association" icon="ripples_files/icon_association_399155742.png" isRelationship="true" name="Association[AnnotatedParameterizedType -&gt; annotatedActualTypeArguments:AnnotatedType]" refid="_17_0_5_1_43701b0_1461923350103_291793_3404"/><isComposite humanName="Is Composite">false</isComposite><isDerived humanName="Is Derived" mode="s,e">false</isDerived><isDerivedUnion humanName="Is Derived Union" mode="s,e">false</isDerivedUnion><isID humanName="Is ID" mode="e">false</isID><isLeaf humanName="Is Leaf" mode="s,e">false</isLeaf><isOrdered humanName="Is Ordered" mode="s,e">false</isOrdered><isReadOnly humanName="Is Read Only" mode="s,e">false</isReadOnly><isStatic humanName="Is Static" mode="s,e">false</isStatic><isUnique humanName="Is Unique" mode="e">true</isUnique><lower humanName="Lower">1</lower><multiplicity humanName="Multiplicity" mode="s,e"/><multiplicity humanName="Multiplicity" mode="s,e"/><name humanName="Name" mode="s,e"/><namespace classType="Association" humanName="Namespace" humanType="Association" icon="ripples_files/icon_association_399155742.png" isRelationship="true" name="Association[AnnotatedParameterizedType -&gt; annotatedActualTypeArguments:AnnotatedType]" refid="_17_0_5_1_43701b0_1461923350103_291793_3404"/><navigable humanName="Navigable">false</navigable><opposite classType="Property" humanName="Opposite" humanType="Property" icon="ripples_files/icon_property_932503272.png" name="annotatedActualTypeArguments" refid="_17_0_5_1_43701b0_1461923350202_6367_3721"/><ownedBy classType="Association" humanName="Owned By" humanType="Association" icon="ripples_files/icon_association_399155742.png" isRelationship="true" name="Association[AnnotatedParameterizedType -&gt; annotatedActualTypeArguments:AnnotatedType]" refid="_17_0_5_1_43701b0_1461923350103_291793_3404"/><owner classType="Association" humanName="Owner" humanType="Association" icon="ripples_files/icon_association_399155742.png" isRelationship="true" mode="s,e" name="Association[AnnotatedParameterizedType -&gt; annotatedActualTypeArguments:AnnotatedType]" refid="_17_0_5_1_43701b0_1461923350103_291793_3404"/><owningAssociation classType="Association" humanName="Owning Association" humanType="Association" icon="ripples_files/icon_association_399155742.png" isRelationship="true" name="Association[AnnotatedParameterizedType -&gt; annotatedActualTypeArguments:AnnotatedType]" refid="_17_0_5_1_43701b0_1461923350103_291793_3404"/><qualifiedName humanName="Qualified Name" mode="e">Java Reflection::::</qualifiedName><redefinitionContext humanName="Redefinition Context"><association classType="Association" humanType="Association" icon="ripples_files/icon_association_399155742.png" isRelationship="true" name="Association[AnnotatedParameterizedType -&gt; annotatedActualTypeArguments:AnnotatedType]" refid="_17_0_5_1_43701b0_1461923350103_291793_3404"/></redefinitionContext><TO_DO humanName="To Do" mode="s,e"/><type classType="Interface" humanName="Type" humanType="Interface" icon="ripples_files/icon_interface_753692748.png" mode="s,e" name="AnnotatedParameterizedType" refid="_17_0_5_1_43701b0_1461923350095_796446_3377"/><TYPE_MODIFIER humanName="Type Modifier" mode="e"/><upper humanName="Upper">1</upper><visibility humanName="Visibility" mode="s,e">private</visibility></property></magicdraw>