<?xml version="1.0" encoding="UTF-8"?><magicdraw><parameter classType="Parameter" humanType="Parameter" icon="ripples_files/icon_parameter_572370257.png" id="_17_0_5_1_43701b0_1461923350245_606040_3913"><default humanName="Default"/><direction humanName="Direction" mode="s,e">in</direction><isException humanName="Is Exception">false</isException><isOrdered humanName="Is Ordered">false</isOrdered><isStream humanName="Is Stream" mode="e">false</isStream><isUnique humanName="Is Unique">true</isUnique><lower humanName="Lower">1</lower><multiplicity humanName="Multiplicity" mode="s,e"/><multiplicity humanName="Multiplicity" mode="s,e"/><name humanName="Name" mode="s,e">name</name><namespace classType="Operation" humanName="Namespace" humanType="Operation" icon="ripples_files/icon_operation_1932009480.png" name="getResource" refid="_17_0_5_1_43701b0_1461923350190_810211_3658"/><operation classType="Operation" humanName="Operation" humanType="Operation" icon="ripples_files/icon_operation_1932009480.png" name="getResource" refid="_17_0_5_1_43701b0_1461923350190_810211_3658"/><owner classType="Operation" humanName="Owner" humanType="Operation" icon="ripples_files/icon_operation_1932009480.png" mode="s,e" name="getResource" refid="_17_0_5_1_43701b0_1461923350190_810211_3658"/><ownerFormalParam classType="Operation" humanName="Owner Formal Param" humanType="Operation" icon="ripples_files/icon_operation_1932009480.png" name="getResource" refid="_17_0_5_1_43701b0_1461923350190_810211_3658"/><qualifiedName humanName="Qualified Name">Java Reflection::Class::getResource::name</qualifiedName><TO_DO humanName="To Do" mode="s,e"/><type classType="PrimitiveType" humanName="Type" humanType="Primitive Type" icon="ripples_files/icon_primitivetype_1048842522.png" mode="s,e" name="String" refid="_9_0_2_91a0295_1110274713995_297054_0"/><TYPE_MODIFIER humanName="Type Modifier" mode="e"/><upper humanName="Upper">1</upper><visibility humanName="Visibility">public</visibility></parameter></magicdraw>