<?xml version="1.0" encoding="UTF-8"?><magicdraw><property classType="Property" humanType="Property" icon="ripples_files/icon_property_932503272.png" id="_17_0_5_1_43701b0_1461923350250_201872_3973"><aggregation humanName="Aggregation" mode="s,e">none</aggregation><associationEnd classType="Property" humanName="Association End" humanType="Property" icon="ripples_files/icon_property_932503272.png" name="declaredMethod" refid="_17_0_5_1_43701b0_1461923350197_556043_3698"/><isComposite humanName="Is Composite">false</isComposite><isDerived humanName="Is Derived" mode="s,e">false</isDerived><isDerivedUnion humanName="Is Derived Union" mode="s,e">false</isDerivedUnion><isID humanName="Is ID" mode="e">false</isID><isLeaf humanName="Is Leaf" mode="s,e">false</isLeaf><isOrdered humanName="Is Ordered" mode="s,e">false</isOrdered><isReadOnly humanName="Is Read Only" mode="s,e">false</isReadOnly><isStatic humanName="Is Static" mode="s,e">false</isStatic><isUnique humanName="Is Unique" mode="e">true</isUnique><lower humanName="Lower">0</lower><lowerValue classType="LiteralUnlimitedNatural" humanName="Lower Value" humanType="Literal Unlimited Natural" icon="ripples_files/icon_literalunlimitednatural_1874326541.png" name="0" refid="_17_0_5_1_43701b0_1461923350276_904740_4147" text="0"/><multiplicity humanName="Multiplicity" mode="s,e">*</multiplicity><multiplicity humanName="Multiplicity" mode="s,e">*</multiplicity><name humanName="Name" mode="s,e">parameterTypes</name><navigable humanName="Navigable">false</navigable><ownedBy classType="Property" humanName="Owned By" humanType="Property" icon="ripples_files/icon_property_932503272.png" name="declaredMethod" refid="_17_0_5_1_43701b0_1461923350197_556043_3698"/><ownedElement humanName="Owned Element"><literalunlimitednatural classType="LiteralUnlimitedNatural" humanType="Literal Unlimited Natural" icon="ripples_files/icon_literalunlimitednatural_1874326541.png" name="*" refid="_17_0_5_1_43701b0_1461923350276_940374_4146" text="*"/><literalunlimitednatural classType="LiteralUnlimitedNatural" humanType="Literal Unlimited Natural" icon="ripples_files/icon_literalunlimitednatural_1874326541.png" name="0" refid="_17_0_5_1_43701b0_1461923350276_904740_4147" text="0"/></ownedElement><owner classType="Property" humanName="Owner" humanType="Property" icon="ripples_files/icon_property_932503272.png" mode="s,e" name="declaredMethod" refid="_17_0_5_1_43701b0_1461923350197_556043_3698"/><qualifiedName humanName="Qualified Name" mode="e">Java Reflection::Class::declaredMethod::parameterTypes</qualifiedName><TO_DO humanName="To Do" mode="s,e"/><type classType="Class" humanName="Type" humanType="Class" icon="ripples_files/icon_class_1403380247.png" mode="s,e" name="Class" refid="_17_0_5_1_43701b0_1461923350094_55897_3374"/><TYPE_MODIFIER humanName="Type Modifier" mode="e"/><upper humanName="Upper">-1</upper><upperValue classType="LiteralUnlimitedNatural" humanName="Upper Value" humanType="Literal Unlimited Natural" icon="ripples_files/icon_literalunlimitednatural_1874326541.png" name="*" refid="_17_0_5_1_43701b0_1461923350276_940374_4146" text="*"/><visibility humanName="Visibility" mode="s,e">private</visibility></property></magicdraw>