<?xml version="1.0" encoding="UTF-8"?><magicdraw><property classType="Property" humanType="Property" icon="ripples_files/icon_property_932503272.png" id="_17_0_5_1_43701b0_1461923350217_947111_3830"><aggregation humanName="Aggregation" mode="s,e">none</aggregation><association classType="Association" humanName="Association" humanType="Association" icon="ripples_files/icon_association_399155742.png" isRelationship="true" name="Association[Executable -&gt; annotatedParameterTypes:AnnotatedType]" refid="_17_0_5_1_43701b0_1461923350106_153707_3414"/><featuringClassifier classType="Association" humanName="Featuring Classifier" humanType="Association" icon="ripples_files/icon_association_399155742.png" isRelationship="true" name="Association[Executable -&gt; annotatedParameterTypes:AnnotatedType]" refid="_17_0_5_1_43701b0_1461923350106_153707_3414"/><isComposite humanName="Is Composite">false</isComposite><isDerived humanName="Is Derived" mode="s,e">false</isDerived><isDerivedUnion humanName="Is Derived Union" mode="s,e">false</isDerivedUnion><isID humanName="Is ID" mode="e">false</isID><isLeaf humanName="Is Leaf" mode="s,e">false</isLeaf><isOrdered humanName="Is Ordered" mode="s,e">false</isOrdered><isReadOnly humanName="Is Read Only" mode="s,e">false</isReadOnly><isStatic humanName="Is Static" mode="s,e">false</isStatic><isUnique humanName="Is Unique" mode="e">true</isUnique><lower humanName="Lower">1</lower><multiplicity humanName="Multiplicity" mode="s,e"/><multiplicity humanName="Multiplicity" mode="s,e"/><name humanName="Name" mode="s,e"/><namespace classType="Association" humanName="Namespace" humanType="Association" icon="ripples_files/icon_association_399155742.png" isRelationship="true" name="Association[Executable -&gt; annotatedParameterTypes:AnnotatedType]" refid="_17_0_5_1_43701b0_1461923350106_153707_3414"/><navigable humanName="Navigable">false</navigable><opposite classType="Property" humanName="Opposite" humanType="Property" icon="ripples_files/icon_property_932503272.png" name="annotatedParameterTypes" refid="_17_0_5_1_43701b0_1461923350205_116167_3741"/><ownedBy classType="Association" humanName="Owned By" humanType="Association" icon="ripples_files/icon_association_399155742.png" isRelationship="true" name="Association[Executable -&gt; annotatedParameterTypes:AnnotatedType]" refid="_17_0_5_1_43701b0_1461923350106_153707_3414"/><owner classType="Association" humanName="Owner" humanType="Association" icon="ripples_files/icon_association_399155742.png" isRelationship="true" mode="s,e" name="Association[Executable -&gt; annotatedParameterTypes:AnnotatedType]" refid="_17_0_5_1_43701b0_1461923350106_153707_3414"/><owningAssociation classType="Association" humanName="Owning Association" humanType="Association" icon="ripples_files/icon_association_399155742.png" isRelationship="true" name="Association[Executable -&gt; annotatedParameterTypes:AnnotatedType]" refid="_17_0_5_1_43701b0_1461923350106_153707_3414"/><qualifiedName humanName="Qualified Name" mode="e">Java Reflection::::</qualifiedName><redefinitionContext humanName="Redefinition Context"><association classType="Association" humanType="Association" icon="ripples_files/icon_association_399155742.png" isRelationship="true" name="Association[Executable -&gt; annotatedParameterTypes:AnnotatedType]" refid="_17_0_5_1_43701b0_1461923350106_153707_3414"/></redefinitionContext><TO_DO humanName="To Do" mode="s,e"/><type classType="Class" humanName="Type" humanType="Class" icon="ripples_files/icon_class_1403380247.png" mode="s,e" name="Executable" refid="_17_0_5_1_43701b0_1461923350098_731815_3384"/><TYPE_MODIFIER humanName="Type Modifier" mode="e"/><upper humanName="Upper">1</upper><visibility humanName="Visibility" mode="s,e">private</visibility></property></magicdraw>