<?xml version="1.0" encoding="UTF-8"?><magicdraw><association classType="Association" humanType="Association" icon="ripples_files/icon_association_399155742.png" id="_17_0_5_1_43701b0_1461923350107_846950_3423"><endType humanName="End Type"><class classType="Class" humanType="Class" icon="ripples_files/icon_class_1403380247.png" name="Method" refid="_17_0_5_1_43701b0_1461923350099_228003_3386"/><interface classType="Interface" humanType="Interface" icon="ripples_files/icon_interface_753692748.png" name="Type" refid="_17_0_5_1_43701b0_1461923350088_841582_3369"/></endType><feature humanName="Feature"><property classType="Property" humanType="Property" icon="ripples_files/icon_property_932503272.png" name=" : Method" refid="_17_0_5_1_43701b0_1461923350218_209775_3838"/></feature><isAbstract humanName="Is Abstract">false</isAbstract><isDerived humanName="Is Derived" mode="s,e">false</isDerived><isFinalSpecialization humanName="Is Final Specialization">false</isFinalSpecialization><isLeaf humanName="Is Leaf" mode="s,e">false</isLeaf><member humanName="Member"><property classType="Property" humanType="Property" icon="ripples_files/icon_property_932503272.png" name=" : Method" refid="_17_0_5_1_43701b0_1461923350218_209775_3838"/><property classType="Property" humanType="Property" icon="ripples_files/icon_property_932503272.png" name="genericReturnType" refid="_17_0_5_1_43701b0_1461923350211_429953_3777"/></member><memberEnd humanName="Member End"><property classType="Property" humanType="Property" icon="ripples_files/icon_property_932503272.png" name=" : Method" refid="_17_0_5_1_43701b0_1461923350218_209775_3838"/><property classType="Property" humanType="Property" icon="ripples_files/icon_property_932503272.png" name="genericReturnType" refid="_17_0_5_1_43701b0_1461923350211_429953_3777"/></memberEnd><name humanName="Name" mode="s,e"/><namespace classType="Package" humanName="Namespace" humanType="Package" icon="ripples_files/icon_package_1584688439.png" name="Java Reflection" refid="_17_0_5_1_43701b0_1462171467184_515020_8291"/><ownedElement humanName="Owned Element"><property classType="Property" humanType="Property" icon="ripples_files/icon_property_932503272.png" name=" : Method" refid="_17_0_5_1_43701b0_1461923350218_209775_3838"/></ownedElement><ownedEnd humanName="Owned End"><property classType="Property" humanType="Property" icon="ripples_files/icon_property_932503272.png" name=" : Method" refid="_17_0_5_1_43701b0_1461923350218_209775_3838"/></ownedEnd><ownedMember humanName="Owned Member"><property classType="Property" humanType="Property" icon="ripples_files/icon_property_932503272.png" name=" : Method" refid="_17_0_5_1_43701b0_1461923350218_209775_3838"/></ownedMember><owner classType="Package" humanName="Owner" humanType="Package" icon="ripples_files/icon_package_1584688439.png" mode="s,e" name="Java Reflection" refid="_17_0_5_1_43701b0_1462171467184_515020_8291"/><owningPackage classType="Package" humanName="Owning Package" humanType="Package" icon="ripples_files/icon_package_1584688439.png" name="Java Reflection" refid="_17_0_5_1_43701b0_1462171467184_515020_8291"/><package classType="Package" humanName="Package" humanType="Package" icon="ripples_files/icon_package_1584688439.png" name="Java Reflection" refid="_17_0_5_1_43701b0_1462171467184_515020_8291"/><qualifiedName humanName="Qualified Name" mode="e">Java Reflection::</qualifiedName><relatedElement humanName="Related Element"><class classType="Class" humanType="Class" icon="ripples_files/icon_class_1403380247.png" name="Method" refid="_17_0_5_1_43701b0_1461923350099_228003_3386"/><interface classType="Interface" humanType="Interface" icon="ripples_files/icon_interface_753692748.png" name="Type" refid="_17_0_5_1_43701b0_1461923350088_841582_3369"/></relatedElement><TO_DO humanName="To Do"/><visibility humanName="Visibility" mode="s,e">public</visibility><appearsIn><diagram classType="Diagram" humanType="Diagram" icon="ripples_files/icon_Class Diagram_62827829.png" name="Generics Associations" refid="_17_0_5_1_43701b0_1461923350141_67354_3505"/></appearsIn></association></magicdraw>