<?xml version="1.0" encoding="UTF-8"?><magicdraw><diagram classType="Diagram" diagramType="Class Diagram" height="1124" humanType="Diagram" icon="ripples_files/icon_Class Diagram_62827829.png" id="_17_0_5_1_43701b0_1461923350148_642350_3526" src="ripples_files/_17_0_5_1_43701b0_1461923350148_642350_3526.png" width="1385"><APPLIED_STEREOTYPES humanName="Applied Stereotype" mode="s,e"><stereotype classType="Stereotype" humanType="Stereotype" icon="ripples_files/icon_stereotype_1934908288.png" name="DiagramInfo" refid="_9_0_be00301_1108044380615_150487_0"/></APPLIED_STEREOTYPES><appliedStereotype humanName="Applied Stereotype" mode="s,e"><stereotype classType="Stereotype" humanType="Stereotype" icon="ripples_files/icon_stereotype_1934908288.png" name="DiagramInfo" refid="_9_0_be00301_1108044380615_150487_0"><property classType="Property" humanName="Author" humanType="Property" icon="ripples_files/icon_property_932503272.png" name="Author" refid="_be00301_1077726770128_871366_1"><String>john</String></property><property classType="Property" humanName="Base_ Diagram" humanType="Property" icon="ripples_files/icon_property_932503272.png" name="base_Diagram" refid="_10_0EAPbeta_be00301_1123081772498_901864_356"/><property classType="Property" humanName="Base_ Element" humanType="Property" icon="ripples_files/icon_property_932503272.png" name="base_Element" refid="_10_0EAPbeta_be00301_1123081772098_411862_275"/><property classType="Property" humanName="Creation Date" humanType="Property" icon="ripples_files/icon_property_932503272.png" name="Creation date" refid="_be00301_1073306188629_537791_2"><String>4/29/16 11:49 AM</String></property><property classType="Property" humanName="Last modified by" humanType="Property" icon="ripples_files/icon_property_932503272.png" name="Last modified by" refid="_16_8beta_8ca0285_1257244649124_794756_344"><String>john</String></property><property classType="Property" humanName="Modification Date" humanType="Property" icon="ripples_files/icon_property_932503272.png" name="Modification date" refid="_be00301_1073394345322_922552_1"><String>8/19/16 1:01 PM</String></property></stereotype></appliedStereotype><appliedStereotypeInstance classType="InstanceSpecification" humanName="Applied Stereotype Instance" humanType="Instance Specification" icon="ripples_files/icon_instancespecification_1939970407.png" name=" : DiagramInfo" refid="_17_0_5_1_43701b0_1461923350229_187124_3876"/><map><area isNotContentShape="false" name="Property declaringClass" refid="_17_0_5_1_43701b0_1461923350216_135351_3824" shape="rect" type="0"><point x="707" y="76"/><point x="718" y="76"/><point x="718" y="87"/><point x="707" y="87"/></area><area isNotContentShape="false" name="Property" refid="_17_0_5_1_43701b0_1461923350217_175219_3828" shape="rect" type="0"><point x="830" y="76"/><point x="841" y="76"/><point x="841" y="87"/><point x="830" y="87"/></area><area isNotContentShape="false" name="Property exceptionTypes" refid="_17_0_5_1_43701b0_1461923350205_509781_3744" shape="rect" type="0"><point x="707" y="433"/><point x="718" y="433"/><point x="718" y="444"/><point x="707" y="444"/></area><area isNotContentShape="false" name="Property" refid="_17_0_5_1_43701b0_1461923350217_703279_3833" shape="rect" type="0"><point x="816" y="433"/><point x="827" y="433"/><point x="827" y="444"/><point x="816" y="444"/></area><area isNotContentShape="false" name="Property parameters" refid="_17_0_5_1_43701b0_1461923350206_212252_3749" shape="rect" type="0"><point x="1166" y="454"/><point x="1177" y="454"/><point x="1177" y="465"/><point x="1166" y="465"/></area><area isNotContentShape="false" name="Property declaringExecutable" refid="_17_0_5_1_43701b0_1461923350214_630683_3796" shape="rect" type="0"><point x="989" y="454"/><point x="1000" y="454"/><point x="1000" y="465"/><point x="989" y="465"/></area><area isNotContentShape="false" name="Property parameterTypes" refid="_17_0_5_1_43701b0_1461923350206_374908_3750" shape="rect" type="0"><point x="707" y="471"/><point x="718" y="471"/><point x="718" y="482"/><point x="707" y="482"/></area><area isNotContentShape="false" name="Property" refid="_17_0_5_1_43701b0_1461923350218_568671_3837" shape="rect" type="0"><point x="816" y="471"/><point x="827" y="471"/><point x="827" y="482"/><point x="816" y="482"/></area><area isNotContentShape="false" name="Property returnType" refid="_17_0_5_1_43701b0_1461923350211_702465_3778" shape="rect" type="0"><point x="707" y="797"/><point x="718" y="797"/><point x="718" y="808"/><point x="707" y="808"/></area><area isNotContentShape="false" name="Property" refid="_17_0_5_1_43701b0_1461923350218_496822_3839" shape="rect" type="0"><point x="949" y="797"/><point x="960" y="797"/><point x="960" y="808"/><point x="949" y="808"/></area><area isNotContentShape="false" name="Property type" refid="_17_0_5_1_43701b0_1461923350214_30855_3800" shape="rect" type="0"><point x="707" y="510"/><point x="718" y="510"/><point x="718" y="521"/><point x="707" y="521"/></area><area isNotContentShape="false" name="Property" refid="_17_0_5_1_43701b0_1461923350218_664343_3841" shape="rect" type="0"><point x="1166" y="510"/><point x="1177" y="510"/><point x="1177" y="521"/><point x="1166" y="521"/></area><area isNotContentShape="false" name="Property superClass" refid="_17_0_5_1_43701b0_1461923350192_18947_3668" shape="rect" type="0"><point x="326" y="300"/><point x="337" y="300"/><point x="337" y="311"/><point x="326" y="311"/></area><area isNotContentShape="false" name="Property" refid="_17_0_5_1_43701b0_1461923350219_92904_3846" shape="rect" type="0"><point x="326" y="321"/><point x="337" y="321"/><point x="337" y="332"/><point x="326" y="332"/></area><area isNotContentShape="false" name="Property package" refid="_17_0_5_1_43701b0_1461923350192_417474_3670" shape="rect" type="0"><point x="258" y="132"/><point x="269" y="132"/><point x="269" y="143"/><point x="258" y="143"/></area><area isNotContentShape="false" name="Property" refid="_17_0_5_1_43701b0_1461923350219_846043_3848" shape="rect" type="0"><point x="326" y="132"/><point x="337" y="132"/><point x="337" y="143"/><point x="326" y="143"/></area><area isNotContentShape="false" name="Property interfaces" refid="_17_0_5_1_43701b0_1461923350192_658827_3671" shape="rect" type="0"><point x="326" y="352"/><point x="337" y="352"/><point x="337" y="363"/><point x="326" y="363"/></area><area isNotContentShape="false" name="Property" refid="_17_0_5_1_43701b0_1461923350219_70186_3849" shape="rect" type="0"><point x="326" y="377"/><point x="337" y="377"/><point x="337" y="388"/><point x="326" y="388"/></area><area isNotContentShape="false" name="Property componentType" refid="_17_0_5_1_43701b0_1461923350193_759632_3673" shape="rect" type="0"><point x="326" y="405"/><point x="337" y="405"/><point x="337" y="416"/><point x="326" y="416"/></area><area isNotContentShape="false" name="Property" refid="_17_0_5_1_43701b0_1461923350219_651363_3851" shape="rect" type="0"><point x="326" y="429"/><point x="337" y="429"/><point x="337" y="440"/><point x="326" y="440"/></area><area isNotContentShape="false" name="Property enclosingMethod" refid="_17_0_5_1_43701b0_1461923350193_757542_3676" shape="rect" type="0"><point x="949" y="559"/><point x="960" y="559"/><point x="960" y="570"/><point x="949" y="570"/></area><area isNotContentShape="false" name="Property" refid="_17_0_5_1_43701b0_1461923350219_197130_3852" shape="rect" type="0"><point x="707" y="559"/><point x="718" y="559"/><point x="718" y="570"/><point x="707" y="570"/></area><area isNotContentShape="false" name="Property enclosingConstructor" refid="_17_0_5_1_43701b0_1461923350193_793967_3677" shape="rect" type="0"><point x="949" y="849"/><point x="960" y="849"/><point x="960" y="860"/><point x="949" y="860"/></area><area isNotContentShape="false" name="Property" refid="_17_0_5_1_43701b0_1461923350219_117523_3853" shape="rect" type="0"><point x="707" y="849"/><point x="718" y="849"/><point x="718" y="860"/><point x="707" y="860"/></area><area isNotContentShape="false" name="Property declaringClass" refid="_17_0_5_1_43701b0_1461923350193_932641_3678" shape="rect" type="0"><point x="326" y="461"/><point x="337" y="461"/><point x="337" y="472"/><point x="326" y="472"/></area><area isNotContentShape="false" name="Property" refid="_17_0_5_1_43701b0_1461923350219_811138_3854" shape="rect" type="0"><point x="326" y="482"/><point x="337" y="482"/><point x="337" y="493"/><point x="326" y="493"/></area><area isNotContentShape="false" name="Property enclosingClass" refid="_17_0_5_1_43701b0_1461923350194_871827_3679" shape="rect" type="0"><point x="326" y="510"/><point x="337" y="510"/><point x="337" y="521"/><point x="326" y="521"/></area><area isNotContentShape="false" name="Property" refid="_17_0_5_1_43701b0_1461923350219_815632_3855" shape="rect" type="0"><point x="326" y="531"/><point x="337" y="531"/><point x="337" y="542"/><point x="326" y="542"/></area><area isNotContentShape="false" name="Property classes" refid="_17_0_5_1_43701b0_1461923350195_599654_3686" shape="rect" type="0"><point x="326" y="559"/><point x="337" y="559"/><point x="337" y="570"/><point x="326" y="570"/></area><area isNotContentShape="false" name="Property" refid="_17_0_5_1_43701b0_1461923350220_92500_3856" shape="rect" type="0"><point x="326" y="580"/><point x="337" y="580"/><point x="337" y="591"/><point x="326" y="591"/></area><area isNotContentShape="false" name="Property methods" refid="_17_0_5_1_43701b0_1461923350195_955776_3687" shape="rect" type="0"><point x="949" y="604"/><point x="960" y="604"/><point x="960" y="615"/><point x="949" y="615"/></area><area isNotContentShape="false" name="Property" refid="_17_0_5_1_43701b0_1461923350220_810900_3857" shape="rect" type="0"><point x="707" y="604"/><point x="718" y="604"/><point x="718" y="615"/><point x="707" y="615"/></area><area isNotContentShape="false" name="Property constructors" refid="_17_0_5_1_43701b0_1461923350195_506922_3688" shape="rect" type="0"><point x="949" y="898"/><point x="960" y="898"/><point x="960" y="909"/><point x="949" y="909"/></area><area isNotContentShape="false" name="Property" refid="_17_0_5_1_43701b0_1461923350220_973064_3858" shape="rect" type="0"><point x="707" y="898"/><point x="718" y="898"/><point x="718" y="909"/><point x="707" y="909"/></area><area isNotContentShape="false" name="Property fields" refid="_17_0_5_1_43701b0_1461923350195_335839_3689" shape="rect" type="0"><point x="858" y="132"/><point x="869" y="132"/><point x="869" y="143"/><point x="858" y="143"/></area><area isNotContentShape="false" name="Property" refid="_17_0_5_1_43701b0_1461923350220_870063_3859" shape="rect" type="0"><point x="707" y="132"/><point x="718" y="132"/><point x="718" y="143"/><point x="707" y="143"/></area><area isNotContentShape="false" name="Property field" refid="_17_0_5_1_43701b0_1461923350195_869545_3690" shape="rect" type="0"><point x="858" y="177"/><point x="869" y="177"/><point x="869" y="188"/><point x="858" y="188"/></area><area isNotContentShape="false" name="Property" refid="_17_0_5_1_43701b0_1461923350220_176293_3860" shape="rect" type="0"><point x="707" y="177"/><point x="718" y="177"/><point x="718" y="188"/><point x="707" y="188"/></area><area isNotContentShape="false" name="Property method" refid="_17_0_5_1_43701b0_1461923350196_123145_3691" shape="rect" type="0"><point x="949" y="650"/><point x="960" y="650"/><point x="960" y="661"/><point x="949" y="661"/></area><area isNotContentShape="false" name="Property" refid="_17_0_5_1_43701b0_1461923350220_979793_3861" shape="rect" type="0"><point x="707" y="650"/><point x="718" y="650"/><point x="718" y="661"/><point x="707" y="661"/></area><area isNotContentShape="false" name="Property constructor" refid="_17_0_5_1_43701b0_1461923350196_365784_3692" shape="rect" type="0"><point x="949" y="947"/><point x="960" y="947"/><point x="960" y="958"/><point x="949" y="958"/></area><area isNotContentShape="false" name="Property" refid="_17_0_5_1_43701b0_1461923350220_787681_3862" shape="rect" type="0"><point x="707" y="947"/><point x="718" y="947"/><point x="718" y="958"/><point x="707" y="958"/></area><area isNotContentShape="false" name="Property declaredClasses" refid="_17_0_5_1_43701b0_1461923350196_825962_3693" shape="rect" type="0"><point x="326" y="608"/><point x="337" y="608"/><point x="337" y="619"/><point x="326" y="619"/></area><area isNotContentShape="false" name="Property" refid="_17_0_5_1_43701b0_1461923350220_106230_3863" shape="rect" type="0"><point x="326" y="629"/><point x="337" y="629"/><point x="337" y="640"/><point x="326" y="640"/></area><area isNotContentShape="false" name="Property declaredFields" refid="_17_0_5_1_43701b0_1461923350196_791208_3694" shape="rect" type="0"><point x="858" y="226"/><point x="869" y="226"/><point x="869" y="237"/><point x="858" y="237"/></area><area isNotContentShape="false" name="Property" refid="_17_0_5_1_43701b0_1461923350220_2743_3864" shape="rect" type="0"><point x="707" y="226"/><point x="718" y="226"/><point x="718" y="237"/><point x="707" y="237"/></area><area isNotContentShape="false" name="Property declaredMethods" refid="_17_0_5_1_43701b0_1461923350196_374596_3695" shape="rect" type="0"><point x="949" y="699"/><point x="960" y="699"/><point x="960" y="710"/><point x="949" y="710"/></area><area isNotContentShape="false" name="Property" refid="_17_0_5_1_43701b0_1461923350220_563612_3865" shape="rect" type="0"><point x="707" y="699"/><point x="718" y="699"/><point x="718" y="710"/><point x="707" y="710"/></area><area isNotContentShape="false" name="Property declaredConstructors" refid="_17_0_5_1_43701b0_1461923350197_955092_3696" shape="rect" type="0"><point x="949" y="1000"/><point x="960" y="1000"/><point x="960" y="1011"/><point x="949" y="1011"/></area><area isNotContentShape="false" name="Property" refid="_17_0_5_1_43701b0_1461923350220_222488_3866" shape="rect" type="0"><point x="707" y="1000"/><point x="718" y="1000"/><point x="718" y="1011"/><point x="707" y="1011"/></area><area isNotContentShape="false" name="Property declaredField" refid="_17_0_5_1_43701b0_1461923350197_131549_3697" shape="rect" type="0"><point x="858" y="272"/><point x="869" y="272"/><point x="869" y="283"/><point x="858" y="283"/></area><area isNotContentShape="false" name="Property" refid="_17_0_5_1_43701b0_1461923350221_237860_3867" shape="rect" type="0"><point x="707" y="272"/><point x="718" y="272"/><point x="718" y="283"/><point x="707" y="283"/></area><area isNotContentShape="false" name="Property declaredMethod" refid="_17_0_5_1_43701b0_1461923350197_556043_3698" shape="rect" type="0"><point x="949" y="744"/><point x="960" y="744"/><point x="960" y="755"/><point x="949" y="755"/></area><area isNotContentShape="false" name="Property" refid="_17_0_5_1_43701b0_1461923350221_196365_3868" shape="rect" type="0"><point x="707" y="744"/><point x="718" y="744"/><point x="718" y="755"/><point x="707" y="755"/></area><area isNotContentShape="false" name="Property declaredConstructor" refid="_17_0_5_1_43701b0_1461923350197_342700_3699" shape="rect" type="0"><point x="949" y="1052"/><point x="960" y="1052"/><point x="960" y="1063"/><point x="949" y="1063"/></area><area isNotContentShape="false" name="Property" refid="_17_0_5_1_43701b0_1461923350221_693205_3869" shape="rect" type="0"><point x="707" y="1052"/><point x="718" y="1052"/><point x="718" y="1063"/><point x="707" y="1063"/></area><area isNotContentShape="false" name="Property enumConstants" refid="_17_0_5_1_43701b0_1461923350198_305987_3703" shape="rect" type="0"><point x="326" y="657"/><point x="337" y="657"/><point x="337" y="668"/><point x="326" y="668"/></area><area isNotContentShape="false" name="Property" refid="_17_0_5_1_43701b0_1461923350221_556659_3870" shape="rect" type="0"><point x="326" y="678"/><point x="337" y="678"/><point x="337" y="689"/><point x="326" y="689"/></area><area isNotContentShape="false" name="Property type" refid="_17_0_5_1_43701b0_1461923350210_482075_3772" shape="rect" type="0"><point x="707" y="317"/><point x="718" y="317"/><point x="718" y="328"/><point x="707" y="328"/></area><area isNotContentShape="false" name="Property" refid="_17_0_5_1_43701b0_1461923350218_246487_3843" shape="rect" type="0"><point x="858" y="317"/><point x="869" y="317"/><point x="869" y="328"/><point x="858" y="328"/></area><area isNotContentShape="false" name="Property field" refid="_17_0_5_1_43701b0_1461923350195_869545_3690" shape="rect" type="0"><point x="841" y="166"/><point x="866" y="166"/><point x="866" y="180"/><point x="841" y="180"/></area><area isNotContentShape="false" name="Property type" refid="_17_0_5_1_43701b0_1461923350214_30855_3800" shape="rect" type="0"><point x="710" y="499"/><point x="737" y="499"/><point x="737" y="513"/><point x="710" y="513"/></area><area isNotContentShape="false" name="Property type" refid="_17_0_5_1_43701b0_1461923350210_482075_3772" shape="rect" type="0"><point x="710" y="306"/><point x="737" y="306"/><point x="737" y="320"/><point x="710" y="320"/></area><area isNotContentShape="false" name="Property fields" refid="_17_0_5_1_43701b0_1461923350195_335839_3689" shape="rect" type="0"><point x="833" y="119"/><point x="864" y="119"/><point x="864" y="133"/><point x="833" y="133"/></area><area isNotContentShape="false" name="Property method" refid="_17_0_5_1_43701b0_1461923350196_123145_3691" shape="rect" type="0"><point x="910" y="637"/><point x="952" y="637"/><point x="952" y="651"/><point x="910" y="651"/></area><area isNotContentShape="false" name="Property classes" refid="_17_0_5_1_43701b0_1461923350195_599654_3686" shape="rect" type="0"><point x="290" y="548"/><point x="334" y="548"/><point x="334" y="562"/><point x="290" y="562"/></area><area isNotContentShape="false" name="Property package" refid="_17_0_5_1_43701b0_1461923350192_417474_3670" shape="rect" type="0"><point x="261" y="121"/><point x="309" y="121"/><point x="309" y="135"/><point x="261" y="135"/></area><area isNotContentShape="false" name="Property methods" refid="_17_0_5_1_43701b0_1461923350195_955776_3687" shape="rect" type="0"><point x="903" y="588"/><point x="951" y="588"/><point x="951" y="602"/><point x="903" y="602"/></area><area isNotContentShape="false" name="Property interfaces" refid="_17_0_5_1_43701b0_1461923350192_658827_3671" shape="rect" type="0"><point x="280" y="341"/><point x="334" y="341"/><point x="334" y="355"/><point x="280" y="355"/></area><area isNotContentShape="false" name="Property returnType" refid="_17_0_5_1_43701b0_1461923350211_702465_3778" shape="rect" type="0"><point x="710" y="786"/><point x="770" y="786"/><point x="770" y="800"/><point x="710" y="800"/></area><area isNotContentShape="false" name="Property superClass" refid="_17_0_5_1_43701b0_1461923350192_18947_3668" shape="rect" type="0"><point x="272" y="289"/><point x="334" y="289"/><point x="334" y="303"/><point x="272" y="303"/></area><area isNotContentShape="false" name="Property constructor" refid="_17_0_5_1_43701b0_1461923350196_365784_3692" shape="rect" type="0"><point x="889" y="931"/><point x="951" y="931"/><point x="951" y="945"/><point x="889" y="945"/></area><area isNotContentShape="false" name="Property parameters" refid="_17_0_5_1_43701b0_1461923350206_212252_3749" shape="rect" type="0"><point x="1112" y="443"/><point x="1174" y="443"/><point x="1174" y="457"/><point x="1112" y="457"/></area><area isNotContentShape="false" name="Property constructors" refid="_17_0_5_1_43701b0_1461923350195_506922_3688" shape="rect" type="0"><point x="889" y="882"/><point x="957" y="882"/><point x="957" y="896"/><point x="889" y="896"/></area><area isNotContentShape="false" name="Property declaredField" refid="_17_0_5_1_43701b0_1461923350197_131549_3697" shape="rect" type="0"><point x="791" y="259"/><point x="862" y="259"/><point x="862" y="273"/><point x="791" y="273"/></area><area isNotContentShape="false" name="Property declaredFields" refid="_17_0_5_1_43701b0_1461923350196_791208_3694" shape="rect" type="0"><point x="791" y="210"/><point x="868" y="210"/><point x="868" y="224"/><point x="791" y="224"/></area><area isNotContentShape="false" name="Property declaringClass" refid="_17_0_5_1_43701b0_1461923350193_932641_3678" shape="rect" type="0"><point x="256" y="450"/><point x="334" y="450"/><point x="334" y="464"/><point x="256" y="464"/></area><area isNotContentShape="false" name="Property declaringClass" refid="_17_0_5_1_43701b0_1461923350216_135351_3824" shape="rect" type="0"><point x="710" y="65"/><point x="790" y="65"/><point x="790" y="79"/><point x="710" y="79"/></area><area isNotContentShape="false" name="Property enclosingClass" refid="_17_0_5_1_43701b0_1461923350194_871827_3679" shape="rect" type="0"><point x="254" y="499"/><point x="334" y="499"/><point x="334" y="513"/><point x="254" y="513"/></area><area isNotContentShape="false" name="Property enumConstants" refid="_17_0_5_1_43701b0_1461923350198_305987_3703" shape="rect" type="0"><point x="251" y="646"/><point x="334" y="646"/><point x="334" y="660"/><point x="251" y="660"/></area><area isNotContentShape="false" name="Property exceptionTypes" refid="_17_0_5_1_43701b0_1461923350205_509781_3744" shape="rect" type="0"><point x="710" y="422"/><point x="794" y="422"/><point x="794" y="436"/><point x="710" y="436"/></area><area isNotContentShape="false" name="Property declaredMethod" refid="_17_0_5_1_43701b0_1461923350197_556043_3698" shape="rect" type="0"><point x="868" y="728"/><point x="952" y="728"/><point x="952" y="742"/><point x="868" y="742"/></area><area isNotContentShape="false" name="Property componentType" refid="_17_0_5_1_43701b0_1461923350193_759632_3673" shape="rect" type="0"><point x="249" y="394"/><point x="334" y="394"/><point x="334" y="408"/><point x="249" y="408"/></area><area isNotContentShape="false" name="Property parameterTypes" refid="_17_0_5_1_43701b0_1461923350206_374908_3750" shape="rect" type="0"><point x="710" y="460"/><point x="797" y="460"/><point x="797" y="474"/><point x="710" y="474"/></area><area isNotContentShape="false" name="Property declaredClasses" refid="_17_0_5_1_43701b0_1461923350196_825962_3693" shape="rect" type="0"><point x="246" y="597"/><point x="334" y="597"/><point x="334" y="611"/><point x="246" y="611"/></area><area isNotContentShape="false" name="Property enclosingMethod" refid="_17_0_5_1_43701b0_1461923350193_757542_3676" shape="rect" type="0"><point x="868" y="546"/><point x="956" y="546"/><point x="956" y="560"/><point x="868" y="560"/></area><area isNotContentShape="false" name="Property declaredMethods" refid="_17_0_5_1_43701b0_1461923350196_374596_3695" shape="rect" type="0"><point x="861" y="686"/><point x="951" y="686"/><point x="951" y="700"/><point x="861" y="700"/></area><area isNotContentShape="false" name="Property declaringExecutable" refid="_17_0_5_1_43701b0_1461923350214_630683_3796" shape="rect" type="0"><point x="992" y="443"/><point x="1096" y="443"/><point x="1096" y="457"/><point x="992" y="457"/></area><area isNotContentShape="false" name="Property declaredConstructor" refid="_17_0_5_1_43701b0_1461923350197_342700_3699" shape="rect" type="0"><point x="854" y="1036"/><point x="960" y="1036"/><point x="960" y="1050"/><point x="854" y="1050"/></area><area isNotContentShape="false" name="Property enclosingConstructor" refid="_17_0_5_1_43701b0_1461923350193_793967_3677" shape="rect" type="0"><point x="847" y="833"/><point x="957" y="833"/><point x="957" y="847"/><point x="847" y="847"/></area><area isNotContentShape="false" name="Property declaredConstructors" refid="_17_0_5_1_43701b0_1461923350197_955092_3696" shape="rect" type="0"><point x="840" y="987"/><point x="952" y="987"/><point x="952" y="1001"/><point x="840" y="1001"/></area><area isNotContentShape="false" name="Association" refid="_17_0_5_1_43701b0_1461923350110_978072_3435" shape="poly" type="0"><point x="259" y="136"/><point x="337" y="136"/><point x="335" y="138"/><point x="257" y="138"/></area><area isNotContentShape="false" name="Association" refid="_17_0_5_1_43701b0_1461923350111_717941_3441" shape="poly" type="0"><point x="337" y="465"/><point x="236" y="465"/><point x="236" y="486"/><point x="337" y="486"/><point x="335" y="488"/><point x="234" y="488"/><point x="234" y="467"/><point x="335" y="467"/></area><area isNotContentShape="false" name="Association" refid="_17_0_5_1_43701b0_1461923350111_4123_3443" shape="poly" type="0"><point x="337" y="563"/><point x="236" y="563"/><point x="236" y="584"/><point x="337" y="584"/><point x="335" y="586"/><point x="234" y="586"/><point x="234" y="565"/><point x="335" y="565"/></area><area isNotContentShape="false" name="Association" refid="_17_0_5_1_43701b0_1461923350111_891992_3442" shape="poly" type="0"><point x="337" y="514"/><point x="236" y="514"/><point x="236" y="535"/><point x="337" y="535"/><point x="335" y="537"/><point x="234" y="537"/><point x="234" y="516"/><point x="335" y="516"/></area><area isNotContentShape="false" name="Association" refid="_17_0_5_1_43701b0_1461923350109_572623_3433" shape="poly" type="0"><point x="337" y="304"/><point x="236" y="304"/><point x="236" y="325"/><point x="337" y="325"/><point x="335" y="327"/><point x="234" y="327"/><point x="234" y="306"/><point x="335" y="306"/></area><area isNotContentShape="false" name="Association" refid="_17_0_5_1_43701b0_1461923350110_195684_3438" shape="poly" type="0"><point x="337" y="409"/><point x="236" y="409"/><point x="236" y="433"/><point x="337" y="433"/><point x="335" y="435"/><point x="234" y="435"/><point x="234" y="411"/><point x="335" y="411"/></area><area isNotContentShape="false" name="Association" refid="_17_0_5_1_43701b0_1461923350114_15031_3459" shape="poly" type="0"><point x="337" y="661"/><point x="236" y="661"/><point x="236" y="682"/><point x="337" y="682"/><point x="335" y="684"/><point x="234" y="684"/><point x="234" y="663"/><point x="335" y="663"/></area><area isNotContentShape="false" name="Association" refid="_17_0_5_1_43701b0_1461923350112_356187_3450" shape="poly" type="0"><point x="337" y="612"/><point x="236" y="612"/><point x="236" y="633"/><point x="337" y="633"/><point x="335" y="635"/><point x="234" y="635"/><point x="234" y="614"/><point x="335" y="614"/></area><area isNotContentShape="false" name="Association" refid="_17_0_5_1_43701b0_1461923350110_182016_3436" shape="poly" type="0"><point x="337" y="356"/><point x="236" y="356"/><point x="236" y="381"/><point x="337" y="381"/><point x="335" y="383"/><point x="234" y="383"/><point x="234" y="358"/><point x="335" y="358"/></area><area isNotContentShape="false" name="Association" refid="_17_0_5_1_43701b0_1461923350107_678247_3422" shape="poly" type="0"><point x="708" y="475"/><point x="827" y="475"/><point x="825" y="477"/><point x="706" y="477"/></area><area isNotContentShape="false" name="Association" refid="_17_0_5_1_43701b0_1461923350106_152121_3417" shape="poly" type="0"><point x="708" y="437"/><point x="827" y="437"/><point x="825" y="439"/><point x="706" y="439"/></area><area isNotContentShape="false" name="Association" refid="_17_0_5_1_43701b0_1461923350105_932319_3412" shape="poly" type="0"><point x="708" y="80"/><point x="841" y="80"/><point x="839" y="82"/><point x="706" y="82"/></area><area isNotContentShape="false" name="Association" refid="_17_0_5_1_43701b0_1461923350113_209956_3454" shape="poly" type="0"><point x="869" y="276"/><point x="708" y="276"/><point x="706" y="278"/><point x="867" y="278"/></area><area isNotContentShape="false" name="Association" refid="_17_0_5_1_43701b0_1461923350112_41366_3451" shape="poly" type="0"><point x="869" y="230"/><point x="708" y="230"/><point x="706" y="232"/><point x="867" y="232"/></area><area isNotContentShape="false" name="Association" refid="_17_0_5_1_43701b0_1461923350109_330731_3429" shape="poly" type="0"><point x="708" y="321"/><point x="869" y="321"/><point x="867" y="323"/><point x="706" y="323"/></area><area isNotContentShape="false" name="Association" refid="_17_0_5_1_43701b0_1461923350112_816970_3447" shape="poly" type="0"><point x="869" y="181"/><point x="708" y="181"/><point x="706" y="183"/><point x="867" y="183"/></area><area isNotContentShape="false" name="Association" refid="_17_0_5_1_43701b0_1461923350112_828663_3446" shape="poly" type="0"><point x="869" y="136"/><point x="708" y="136"/><point x="706" y="138"/><point x="867" y="138"/></area><area isNotContentShape="false" name="Association" refid="_17_0_5_1_43701b0_1461923350107_21457_3421" shape="poly" type="0"><point x="1177" y="458"/><point x="990" y="458"/><point x="988" y="460"/><point x="1175" y="460"/></area><area isNotContentShape="false" name="Association" refid="_17_0_5_1_43701b0_1461923350107_32412_3424" shape="poly" type="0"><point x="708" y="801"/><point x="960" y="801"/><point x="958" y="803"/><point x="706" y="803"/></area><area isNotContentShape="false" name="Association" refid="_17_0_5_1_43701b0_1461923350110_452358_3439" shape="poly" type="0"><point x="960" y="563"/><point x="708" y="563"/><point x="706" y="565"/><point x="958" y="565"/></area><area isNotContentShape="false" name="Association" refid="_17_0_5_1_43701b0_1461923350112_717905_3448" shape="poly" type="0"><point x="960" y="654"/><point x="708" y="654"/><point x="706" y="656"/><point x="958" y="656"/></area><area isNotContentShape="false" name="Association" refid="_17_0_5_1_43701b0_1461923350112_966191_3449" shape="poly" type="0"><point x="960" y="951"/><point x="708" y="951"/><point x="706" y="953"/><point x="958" y="953"/></area><area isNotContentShape="false" name="Association" refid="_17_0_5_1_43701b0_1461923350113_983361_3452" shape="poly" type="0"><point x="960" y="703"/><point x="708" y="703"/><point x="706" y="705"/><point x="958" y="705"/></area><area isNotContentShape="false" name="Association" refid="_17_0_5_1_43701b0_1461923350113_489317_3456" shape="poly" type="0"><point x="960" y="1056"/><point x="708" y="1056"/><point x="706" y="1058"/><point x="958" y="1058"/></area><area isNotContentShape="false" name="Association" refid="_17_0_5_1_43701b0_1461923350111_632259_3440" shape="poly" type="0"><point x="960" y="853"/><point x="708" y="853"/><point x="706" y="855"/><point x="958" y="855"/></area><area isNotContentShape="false" name="Association" refid="_17_0_5_1_43701b0_1461923350113_831393_3455" shape="poly" type="0"><point x="960" y="748"/><point x="708" y="748"/><point x="706" y="750"/><point x="958" y="750"/></area><area isNotContentShape="false" name="Association" refid="_17_0_5_1_43701b0_1461923350113_206810_3453" shape="poly" type="0"><point x="960" y="1004"/><point x="708" y="1004"/><point x="706" y="1006"/><point x="958" y="1006"/></area><area isNotContentShape="false" name="Association" refid="_17_0_5_1_43701b0_1461923350111_437697_3445" shape="poly" type="0"><point x="960" y="902"/><point x="708" y="902"/><point x="706" y="904"/><point x="958" y="904"/></area><area isNotContentShape="false" name="Association" refid="_17_0_5_1_43701b0_1461923350111_911701_3444" shape="poly" type="0"><point x="960" y="608"/><point x="708" y="608"/><point x="706" y="610"/><point x="958" y="610"/></area><area isNotContentShape="false" name="Association" refid="_17_0_5_1_43701b0_1461923350108_946081_3427" shape="poly" type="0"><point x="708" y="514"/><point x="1177" y="514"/><point x="1175" y="516"/><point x="706" y="516"/></area><area isNotContentShape="false" name="Property declaredField" refid="_17_0_5_1_43701b0_1461923350197_131549_3697" shape="rect" type="0"><point x="707" y="268"/><point x="779" y="268"/><point x="779" y="288"/><point x="707" y="288"/></area><area isNotContentShape="false" name="Property field" refid="_17_0_5_1_43701b0_1461923350195_869545_3690" shape="rect" type="0"><point x="707" y="173"/><point x="779" y="173"/><point x="779" y="193"/><point x="707" y="193"/></area><area isNotContentShape="false" name="Property constructor" refid="_17_0_5_1_43701b0_1461923350196_365784_3692" shape="rect" type="0"><point x="707" y="943"/><point x="833" y="943"/><point x="833" y="963"/><point x="707" y="963"/></area><area isNotContentShape="false" name="Property method" refid="_17_0_5_1_43701b0_1461923350196_123145_3691" shape="rect" type="0"><point x="707" y="639"/><point x="846" y="639"/><point x="846" y="672"/><point x="707" y="672"/></area><area isNotContentShape="false" name="Property declaredConstructor" refid="_17_0_5_1_43701b0_1461923350197_342700_3699" shape="rect" type="0"><point x="707" y="1048"/><point x="846" y="1048"/><point x="846" y="1068"/><point x="707" y="1068"/></area><area isNotContentShape="false" name="Property declaredMethod" refid="_17_0_5_1_43701b0_1461923350197_556043_3698" shape="rect" type="0"><point x="707" y="733"/><point x="846" y="733"/><point x="846" y="766"/><point x="707" y="766"/></area><area isNotContentShape="false" name="Property implicit" refid="_17_0_5_1_43701b0_1461923350215_709902_3804" shape="rect" type="0"><point x="1179" y="514"/><point x="1329" y="514"/><point x="1329" y="528"/><point x="1179" y="528"/></area><area isNotContentShape="false" name="Property name" refid="_17_0_5_1_43701b0_1461923350214_141556_3798" shape="rect" type="0"><point x="1179" y="475"/><point x="1329" y="475"/><point x="1329" y="489"/><point x="1179" y="489"/></area><area isNotContentShape="false" name="Property varArgs" refid="_17_0_5_1_43701b0_1461923350214_128187_3803" shape="rect" type="0"><point x="1179" y="501"/><point x="1329" y="501"/><point x="1329" y="515"/><point x="1179" y="515"/></area><area isNotContentShape="false" name="Property modifiers" refid="_17_0_5_1_43701b0_1461923350214_189298_3797" shape="rect" type="0"><point x="1179" y="462"/><point x="1329" y="462"/><point x="1329" y="476"/><point x="1179" y="476"/></area><area isNotContentShape="false" name="Property namePresent" refid="_17_0_5_1_43701b0_1461923350213_608759_3795" shape="rect" type="0"><point x="1179" y="449"/><point x="1329" y="449"/><point x="1329" y="463"/><point x="1179" y="463"/></area><area isNotContentShape="false" name="Property synthetic" refid="_17_0_5_1_43701b0_1461923350214_228377_3802" shape="rect" type="0"><point x="1179" y="488"/><point x="1329" y="488"/><point x="1329" y="502"/><point x="1179" y="502"/></area><area isNotContentShape="false" name="Property name" refid="_17_0_5_1_43701b0_1461923350217_602661_3825" shape="rect" type="0"><point x="843" y="64"/><point x="995" y="64"/><point x="995" y="78"/><point x="843" y="78"/></area><area isNotContentShape="false" name="Property synthetic" refid="_17_0_5_1_43701b0_1461923350217_454938_3827" shape="rect" type="0"><point x="843" y="90"/><point x="995" y="90"/><point x="995" y="104"/><point x="843" y="104"/></area><area isNotContentShape="false" name="Property modifiers" refid="_17_0_5_1_43701b0_1461923350217_794215_3826" shape="rect" type="0"><point x="843" y="77"/><point x="995" y="77"/><point x="995" y="91"/><point x="843" y="91"/></area><area isNotContentShape="false" name="Class Parameter" refid="_17_0_5_1_43701b0_1461923350100_6410_3388" shape="rect" type="0"><point x="1176" y="427"/><point x="1332" y="427"/><point x="1332" y="540"/><point x="1176" y="540"/></area><area isNotContentShape="false" name="Interface Member" refid="_17_0_5_1_43701b0_1461923350105_720350_3410" shape="rect" type="0"><point x="840" y="42"/><point x="998" y="42"/><point x="998" y="110"/><point x="840" y="110"/></area><area isNotContentShape="false" name="Property parameterCount" refid="_17_0_5_1_43701b0_1461923350206_854618_3748" shape="rect" type="0"><point x="829" y="449"/><point x="987" y="449"/><point x="987" y="463"/><point x="829" y="463"/></area><area isNotContentShape="false" name="Property varArgs" refid="_17_0_5_1_43701b0_1461923350206_583940_3751" shape="rect" type="0"><point x="829" y="462"/><point x="987" y="462"/><point x="987" y="476"/><point x="829" y="476"/></area><area isNotContentShape="false" name="Class Executable" refid="_17_0_5_1_43701b0_1461923350098_731815_3384" shape="rect" type="0"><point x="826" y="427"/><point x="990" y="427"/><point x="990" y="482"/><point x="826" y="482"/></area><area isNotContentShape="false" name="Operation newInstance" refid="_17_0_5_1_43701b0_1461923350204_378279_3736" shape="rect" type="0"><point x="962" y="862"/><point x="1177" y="862"/><point x="1177" y="876"/><point x="962" y="876"/></area><area isNotContentShape="false" name="Operation getPackages" refid="_17_0_5_1_43701b0_1461923350212_855899_3785" shape="rect" type="0"><point x="31" y="216"/><point x="256" y="216"/><point x="256" y="230"/><point x="31" y="230"/></area><area isNotContentShape="false" name="Operation getPackage" refid="_17_0_5_1_43701b0_1461923350212_269533_3784" shape="rect" type="0"><point x="31" y="203"/><point x="256" y="203"/><point x="256" y="217"/><point x="31" y="217"/></area><area isNotContentShape="false" name="Operation isSealed" refid="_17_0_5_1_43701b0_1461923350212_235976_3782" shape="rect" type="0"><point x="31" y="177"/><point x="256" y="177"/><point x="256" y="191"/><point x="31" y="191"/></area><area isNotContentShape="false" name="Operation isCompatibleWith" refid="_17_0_5_1_43701b0_1461923350212_584179_3783" shape="rect" type="0"><point x="31" y="190"/><point x="256" y="190"/><point x="256" y="204"/><point x="31" y="204"/></area><area isNotContentShape="false" name="Property implementationVersion" refid="_17_0_5_1_43701b0_1461923350213_976729_3791" shape="rect" type="0"><point x="31" y="129"/><point x="256" y="129"/><point x="256" y="143"/><point x="31" y="143"/></area><area isNotContentShape="false" name="Property specificationVersion" refid="_17_0_5_1_43701b0_1461923350213_966284_3788" shape="rect" type="0"><point x="31" y="90"/><point x="256" y="90"/><point x="256" y="104"/><point x="31" y="104"/></area><area isNotContentShape="false" name="Property specificationTitle" refid="_17_0_5_1_43701b0_1461923350212_137107_3787" shape="rect" type="0"><point x="31" y="77"/><point x="256" y="77"/><point x="256" y="91"/><point x="31" y="91"/></area><area isNotContentShape="false" name="Property sealed" refid="_17_0_5_1_43701b0_1461923350213_205582_3793" shape="rect" type="0"><point x="31" y="155"/><point x="256" y="155"/><point x="256" y="169"/><point x="31" y="169"/></area><area isNotContentShape="false" name="Property implementationVendor" refid="_17_0_5_1_43701b0_1461923350213_487831_3792" shape="rect" type="0"><point x="31" y="142"/><point x="256" y="142"/><point x="256" y="156"/><point x="31" y="156"/></area><area isNotContentShape="false" name="Property name" refid="_17_0_5_1_43701b0_1461923350212_594345_3786" shape="rect" type="0"><point x="31" y="64"/><point x="256" y="64"/><point x="256" y="78"/><point x="31" y="78"/></area><area isNotContentShape="false" name="Property specificationVendor" refid="_17_0_5_1_43701b0_1461923350213_776963_3789" shape="rect" type="0"><point x="31" y="103"/><point x="256" y="103"/><point x="256" y="117"/><point x="31" y="117"/></area><area isNotContentShape="false" name="Property implementationTitle" refid="_17_0_5_1_43701b0_1461923350213_2480_3790" shape="rect" type="0"><point x="31" y="116"/><point x="256" y="116"/><point x="256" y="130"/><point x="31" y="130"/></area><area isNotContentShape="false" name="Class Package" refid="_17_0_5_1_43701b0_1461923350099_796054_3387" shape="rect" type="0"><point x="28" y="42"/><point x="259" y="42"/><point x="259" y="236"/><point x="28" y="236"/></area><area isNotContentShape="false" name="Property default" refid="_17_0_5_1_43701b0_1461923350211_49490_3779" shape="rect" type="0"><point x="962" y="588"/><point x="1195" y="588"/><point x="1195" y="602"/><point x="962" y="602"/></area><area isNotContentShape="false" name="Property bridge" refid="_17_0_5_1_43701b0_1461923350211_567431_3780" shape="rect" type="0"><point x="962" y="601"/><point x="1195" y="601"/><point x="1195" y="615"/><point x="962" y="615"/></area><area isNotContentShape="false" name="Property defaultValue" refid="_17_0_5_1_43701b0_1461923350211_40053_3776" shape="rect" type="0"><point x="962" y="575"/><point x="1195" y="575"/><point x="1195" y="589"/><point x="962" y="589"/></area><area isNotContentShape="false" name="Operation invoke" refid="_17_0_5_1_43701b0_1461923350211_921260_3775" shape="rect" type="0"><point x="962" y="623"/><point x="1195" y="623"/><point x="1195" y="637"/><point x="962" y="637"/></area><area isNotContentShape="false" name="Class Constructor" refid="_17_0_5_1_43701b0_1461923350097_348287_3383" shape="rect" type="0"><point x="959" y="840"/><point x="1180" y="840"/><point x="1180" y="1079"/><point x="959" y="1079"/></area><area isNotContentShape="false" name="Operation setFloat" refid="_17_0_5_1_43701b0_1461923350210_806248_3769" shape="rect" type="0"><point x="871" y="365"/><point x="1122" y="365"/><point x="1122" y="379"/><point x="871" y="379"/></area><area isNotContentShape="false" name="Operation setBoolean" refid="_17_0_5_1_43701b0_1461923350208_286051_3763" shape="rect" type="0"><point x="871" y="287"/><point x="1122" y="287"/><point x="1122" y="301"/><point x="871" y="301"/></area><area isNotContentShape="false" name="Operation getLong" refid="_17_0_5_1_43701b0_1461923350208_98799_3760" shape="rect" type="0"><point x="871" y="248"/><point x="1122" y="248"/><point x="1122" y="262"/><point x="871" y="262"/></area><area isNotContentShape="false" name="Operation setDouble" refid="_17_0_5_1_43701b0_1461923350210_878768_3770" shape="rect" type="0"><point x="871" y="378"/><point x="1122" y="378"/><point x="1122" y="392"/><point x="871" y="392"/></area><area isNotContentShape="false" name="Operation getBoolean" refid="_17_0_5_1_43701b0_1461923350207_96262_3755" shape="rect" type="0"><point x="871" y="183"/><point x="1122" y="183"/><point x="1122" y="197"/><point x="871" y="197"/></area><area isNotContentShape="false" name="Operation get" refid="_17_0_5_1_43701b0_1461923350207_963211_3754" shape="rect" type="0"><point x="871" y="170"/><point x="1122" y="170"/><point x="1122" y="184"/><point x="871" y="184"/></area><area isNotContentShape="false" name="Operation getByte" refid="_17_0_5_1_43701b0_1461923350207_529451_3756" shape="rect" type="0"><point x="871" y="196"/><point x="1122" y="196"/><point x="1122" y="210"/><point x="871" y="210"/></area><area isNotContentShape="false" name="Operation getDouble" refid="_17_0_5_1_43701b0_1461923350208_33985_3762" shape="rect" type="0"><point x="871" y="274"/><point x="1122" y="274"/><point x="1122" y="288"/><point x="871" y="288"/></area><area isNotContentShape="false" name="Operation setInt" refid="_17_0_5_1_43701b0_1461923350209_92218_3767" shape="rect" type="0"><point x="871" y="339"/><point x="1122" y="339"/><point x="1122" y="353"/><point x="871" y="353"/></area><area isNotContentShape="false" name="Operation setShort" refid="_17_0_5_1_43701b0_1461923350209_951156_3766" shape="rect" type="0"><point x="871" y="326"/><point x="1122" y="326"/><point x="1122" y="340"/><point x="871" y="340"/></area><area isNotContentShape="false" name="Operation setChar" refid="_17_0_5_1_43701b0_1461923350209_858264_3765" shape="rect" type="0"><point x="871" y="313"/><point x="1122" y="313"/><point x="1122" y="327"/><point x="871" y="327"/></area><area isNotContentShape="false" name="Operation setLong" refid="_17_0_5_1_43701b0_1461923350209_979369_3768" shape="rect" type="0"><point x="871" y="352"/><point x="1122" y="352"/><point x="1122" y="366"/><point x="871" y="366"/></area><area isNotContentShape="false" name="Operation getShort" refid="_17_0_5_1_43701b0_1461923350208_271773_3758" shape="rect" type="0"><point x="871" y="222"/><point x="1122" y="222"/><point x="1122" y="236"/><point x="871" y="236"/></area><area isNotContentShape="false" name="Operation getFloat" refid="_17_0_5_1_43701b0_1461923350208_731233_3761" shape="rect" type="0"><point x="871" y="261"/><point x="1122" y="261"/><point x="1122" y="275"/><point x="871" y="275"/></area><area isNotContentShape="false" name="Operation setByte" refid="_17_0_5_1_43701b0_1461923350209_506417_3764" shape="rect" type="0"><point x="871" y="300"/><point x="1122" y="300"/><point x="1122" y="314"/><point x="871" y="314"/></area><area isNotContentShape="false" name="Operation getChar" refid="_17_0_5_1_43701b0_1461923350207_660313_3757" shape="rect" type="0"><point x="871" y="209"/><point x="1122" y="209"/><point x="1122" y="223"/><point x="871" y="223"/></area><area isNotContentShape="false" name="Operation getInt" refid="_17_0_5_1_43701b0_1461923350208_868557_3759" shape="rect" type="0"><point x="871" y="235"/><point x="1122" y="235"/><point x="1122" y="249"/><point x="871" y="249"/></area><area isNotContentShape="false" name="Property enumConstant" refid="_17_0_5_1_43701b0_1461923350210_964943_3771" shape="rect" type="0"><point x="871" y="148"/><point x="1122" y="148"/><point x="1122" y="162"/><point x="871" y="162"/></area><area isNotContentShape="false" name="Class Method" refid="_17_0_5_1_43701b0_1461923350099_228003_3386" shape="rect" type="0"><point x="959" y="553"/><point x="1198" y="553"/><point x="1198" y="820"/><point x="959" y="820"/></area><area isNotContentShape="false" name="Class Field" refid="_17_0_5_1_43701b0_1461923350098_684609_3385" shape="rect" type="0"><point x="868" y="126"/><point x="1125" y="126"/><point x="1125" y="411"/><point x="868" y="411"/></area><area isNotContentShape="false" name="Operation setAccessible" refid="_17_0_5_1_43701b0_1461923350203_604290_3733" shape="rect" type="0"><point x="1018" y="86"/><point x="1358" y="86"/><point x="1358" y="100"/><point x="1018" y="100"/></area><area isNotContentShape="false" name="Property accessible" refid="_17_0_5_1_43701b0_1461923350204_3204_3734" shape="rect" type="0"><point x="1018" y="64"/><point x="1358" y="64"/><point x="1358" y="78"/><point x="1018" y="78"/></area><area isNotContentShape="false" name="Class AccessibleObject" refid="_17_0_5_1_43701b0_1461923350097_173006_3382" shape="rect" type="0"><point x="1015" y="42"/><point x="1361" y="42"/><point x="1361" y="106"/><point x="1015" y="106"/></area><area isNotContentShape="false" name="Property name" refid="_17_0_5_1_43701b0_1461923350194_425442_3682" shape="rect" type="0"><point x="339" y="194"/><point x="705" y="194"/><point x="705" y="208"/><point x="339" y="208"/></area><area isNotContentShape="false" name="Property primitive" refid="_17_0_5_1_43701b0_1461923350191_346167_3664" shape="rect" type="0"><point x="339" y="90"/><point x="705" y="90"/><point x="705" y="104"/><point x="339" y="104"/></area><area isNotContentShape="false" name="Property protectionDomain" refid="_17_0_5_1_43701b0_1461923350198_236795_3702" shape="rect" type="0"><point x="339" y="272"/><point x="705" y="272"/><point x="705" y="286"/><point x="339" y="286"/></area><area isNotContentShape="false" name="Property signers" refid="_17_0_5_1_43701b0_1461923350194_830830_3684" shape="rect" type="0"><point x="339" y="220"/><point x="705" y="220"/><point x="705" y="234"/><point x="339" y="234"/></area><area isNotContentShape="false" name="Property typeName" refid="_17_0_5_1_43701b0_1461923350197_2144_3700" shape="rect" type="0"><point x="339" y="246"/><point x="705" y="246"/><point x="705" y="260"/><point x="339" y="260"/></area><area isNotContentShape="false" name="Property annotation" refid="_17_0_5_1_43701b0_1461923350191_243776_3665" shape="rect" type="0"><point x="339" y="103"/><point x="705" y="103"/><point x="705" y="117"/><point x="339" y="117"/></area><area isNotContentShape="false" name="Property synthetic" refid="_17_0_5_1_43701b0_1461923350191_280691_3666" shape="rect" type="0"><point x="339" y="116"/><point x="705" y="116"/><point x="705" y="130"/><point x="339" y="130"/></area><area isNotContentShape="false" name="Property localClass" refid="_17_0_5_1_43701b0_1461923350193_900333_3674" shape="rect" type="0"><point x="339" y="142"/><point x="705" y="142"/><point x="705" y="156"/><point x="339" y="156"/></area><area isNotContentShape="false" name="Property enum" refid="_17_0_5_1_43701b0_1461923350194_510175_3681" shape="rect" type="0"><point x="339" y="181"/><point x="705" y="181"/><point x="705" y="195"/><point x="339" y="195"/></area><area isNotContentShape="false" name="Property canonicalName" refid="_17_0_5_1_43701b0_1461923350197_94274_3701" shape="rect" type="0"><point x="339" y="259"/><point x="705" y="259"/><point x="705" y="273"/><point x="339" y="273"/></area><area isNotContentShape="false" name="Property simpleName" refid="_17_0_5_1_43701b0_1461923350195_545820_3685" shape="rect" type="0"><point x="339" y="233"/><point x="705" y="233"/><point x="705" y="247"/><point x="339" y="247"/></area><area isNotContentShape="false" name="Property memberClass" refid="_17_0_5_1_43701b0_1461923350193_721140_3675" shape="rect" type="0"><point x="339" y="155"/><point x="705" y="155"/><point x="705" y="169"/><point x="339" y="169"/></area><area isNotContentShape="false" name="Property array" refid="_17_0_5_1_43701b0_1461923350191_778613_3663" shape="rect" type="0"><point x="339" y="77"/><point x="705" y="77"/><point x="705" y="91"/><point x="339" y="91"/></area><area isNotContentShape="false" name="Property anonymousClass" refid="_17_0_5_1_43701b0_1461923350192_652670_3667" shape="rect" type="0"><point x="339" y="129"/><point x="705" y="129"/><point x="705" y="143"/><point x="339" y="143"/></area><area isNotContentShape="false" name="Property desiredAssertionStatus" refid="_17_0_5_1_43701b0_1461923350194_543432_3680" shape="rect" type="0"><point x="339" y="168"/><point x="705" y="168"/><point x="705" y="182"/><point x="339" y="182"/></area><area isNotContentShape="false" name="Property instance" refid="_17_0_5_1_43701b0_1461923350191_554663_3662" shape="rect" type="0"><point x="339" y="64"/><point x="705" y="64"/><point x="705" y="78"/><point x="339" y="78"/></area><area isNotContentShape="false" name="Property modifiers" refid="_17_0_5_1_43701b0_1461923350194_8402_3683" shape="rect" type="0"><point x="339" y="207"/><point x="705" y="207"/><point x="705" y="221"/><point x="339" y="221"/></area><area isNotContentShape="false" name="Operation forName" refid="_17_0_5_1_43701b0_1461923350188_404432_3652" shape="rect" type="0"><point x="339" y="294"/><point x="705" y="294"/><point x="705" y="308"/><point x="339" y="308"/></area><area isNotContentShape="false" name="Operation forName" refid="_17_0_5_1_43701b0_1461923350188_148719_3653" shape="rect" type="0"><point x="339" y="307"/><point x="705" y="307"/><point x="705" y="321"/><point x="339" y="321"/></area><area isNotContentShape="false" name="Operation getClassLoader" refid="_17_0_5_1_43701b0_1461923350190_392014_3661" shape="rect" type="0"><point x="339" y="411"/><point x="705" y="411"/><point x="705" y="425"/><point x="339" y="425"/></area><area isNotContentShape="false" name="Operation isInstance" refid="_17_0_5_1_43701b0_1461923350189_694104_3655" shape="rect" type="0"><point x="339" y="333"/><point x="705" y="333"/><point x="705" y="347"/><point x="339" y="347"/></area><area isNotContentShape="false" name="Operation cast" refid="_17_0_5_1_43701b0_1461923350190_526611_3659" shape="rect" type="0"><point x="339" y="385"/><point x="705" y="385"/><point x="705" y="399"/><point x="339" y="399"/></area><area isNotContentShape="false" name="Operation getResourceAsStream" refid="_17_0_5_1_43701b0_1461923350189_588274_3657" shape="rect" type="0"><point x="339" y="359"/><point x="705" y="359"/><point x="705" y="373"/><point x="339" y="373"/></area><area isNotContentShape="false" name="Operation isAssignableFrom" refid="_17_0_5_1_43701b0_1461923350189_343169_3656" shape="rect" type="0"><point x="339" y="346"/><point x="705" y="346"/><point x="705" y="360"/><point x="339" y="360"/></area><area isNotContentShape="false" name="Operation newInstance" refid="_17_0_5_1_43701b0_1461923350189_157720_3654" shape="rect" type="0"><point x="339" y="320"/><point x="705" y="320"/><point x="705" y="334"/><point x="339" y="334"/></area><area isNotContentShape="false" name="Operation asSubclass" refid="_17_0_5_1_43701b0_1461923350190_687908_3660" shape="rect" type="0"><point x="339" y="398"/><point x="705" y="398"/><point x="705" y="412"/><point x="339" y="412"/></area><area isNotContentShape="false" name="Operation getResource" refid="_17_0_5_1_43701b0_1461923350190_810211_3658" shape="rect" type="0"><point x="339" y="372"/><point x="705" y="372"/><point x="705" y="386"/><point x="339" y="386"/></area><area isNotContentShape="false" name="Class Class" refid="_17_0_5_1_43701b0_1461923350094_55897_3374" shape="rect" type="0"><point x="336" y="42"/><point x="708" y="42"/><point x="708" y="1100"/><point x="336" y="1100"/></area></map><name humanName="Name" mode="s,e">Core Relationships</name><namespace classType="Package" humanName="Namespace" humanType="Package" icon="ripples_files/icon_package_1584688439.png" name="Java Reflection" refid="_17_0_5_1_43701b0_1462171467184_515020_8291"/><ownedElement humanName="Owned Element"><instancespecification classType="InstanceSpecification" humanType="Instance Specification" icon="ripples_files/icon_instancespecification_1939970407.png" name=" : DiagramInfo" refid="_17_0_5_1_43701b0_1461923350229_187124_3876"/></ownedElement><owner classType="Package" humanName="Owner" humanType="Package" icon="ripples_files/icon_package_1584688439.png" mode="s,e" name="Java Reflection" refid="_17_0_5_1_43701b0_1462171467184_515020_8291"/><ownerOfDiagram classType="Package" humanName="Owner Of Diagram" humanType="Package" icon="ripples_files/icon_package_1584688439.png" name="Java Reflection" refid="_17_0_5_1_43701b0_1462171467184_515020_8291"/><qualifiedName humanName="Qualified Name" mode="e">Java Reflection::Core Relationships</qualifiedName><TO_DO humanName="To Do" mode="s,e"/><DIAGRAM_TYPE_DERIVED_PROPERTY humanName="Type">Class Diagram</DIAGRAM_TYPE_DERIVED_PROPERTY><visibility humanName="Visibility">public</visibility><appearsIn><diagram classType="Diagram" humanType="Diagram" icon="ripples_files/icon_Class Diagram_62827829.png" name="Overview" refid="_17_0_5_1_43701b0_1461923350177_263390_3610"/><diagram classType="Diagram" humanType="Diagram" icon="ripples_files/icon_Class Diagram_62827829.png" name="Java Reflection Overview" refid="_17_0_5_1_43701b0_1461923439215_855377_7821"/></appearsIn></diagram></magicdraw>