<?xml version="1.0" encoding="UTF-8"?><magicdraw><operation classType="Operation" humanType="Operation" icon="ripples_files/icon_operation_1932009480.png" id="_17_0_5_1_43701b0_1461923350204_378279_3736"><UMLClass classType="Class" humanName="Class" humanType="Class" icon="ripples_files/icon_class_1403380247.png" name="Constructor" refid="_17_0_5_1_43701b0_1461923350097_348287_3383"/><concurrency humanName="Concurrency" mode="e">sequential</concurrency><featuringClassifier classType="Class" humanName="Featuring Classifier" humanType="Class" icon="ripples_files/icon_class_1403380247.png" name="Constructor" refid="_17_0_5_1_43701b0_1461923350097_348287_3383"/><isAbstract humanName="Is Abstract" mode="s,e">false</isAbstract><isLeaf humanName="Is Leaf" mode="e">false</isLeaf><isOrdered humanName="Is Ordered">false</isOrdered><isQuery humanName="Is Query" mode="e">false</isQuery><isStatic humanName="Is Static" mode="s,e">false</isStatic><isUnique humanName="Is Unique">true</isUnique><lower humanName="Lower">1</lower><member humanName="Member"><parameter classType="Parameter" humanType="Parameter" icon="ripples_files/icon_parameter_572370257.png" name="initArgs" refid="_17_0_5_1_43701b0_1461923350254_87910_4016"/><parameter classType="Parameter" humanType="Parameter" icon="ripples_files/icon_parameter_572370257.png" name="return  : Object" refid="_17_0_5_1_43701b0_1461923350254_103595_4017"/></member><name humanName="Name" mode="s,e">newInstance</name><namespace classType="Class" humanName="Namespace" humanType="Class" icon="ripples_files/icon_class_1403380247.png" name="Constructor" refid="_17_0_5_1_43701b0_1461923350097_348287_3383"/><ownedElement humanName="Owned Element"><parameter classType="Parameter" humanType="Parameter" icon="ripples_files/icon_parameter_572370257.png" name="initArgs" refid="_17_0_5_1_43701b0_1461923350254_87910_4016"/><parameter classType="Parameter" humanType="Parameter" icon="ripples_files/icon_parameter_572370257.png" name="return  : Object" refid="_17_0_5_1_43701b0_1461923350254_103595_4017"/></ownedElement><ownedMember humanName="Owned Member"><parameter classType="Parameter" humanType="Parameter" icon="ripples_files/icon_parameter_572370257.png" name="initArgs" refid="_17_0_5_1_43701b0_1461923350254_87910_4016"/><parameter classType="Parameter" humanType="Parameter" icon="ripples_files/icon_parameter_572370257.png" name="return  : Object" refid="_17_0_5_1_43701b0_1461923350254_103595_4017"/></ownedMember><ownedParameter humanName="Owned Parameter"><parameter classType="Parameter" humanType="Parameter" icon="ripples_files/icon_parameter_572370257.png" name="initArgs" refid="_17_0_5_1_43701b0_1461923350254_87910_4016"/><parameter classType="Parameter" humanType="Parameter" icon="ripples_files/icon_parameter_572370257.png" name="return  : Object" refid="_17_0_5_1_43701b0_1461923350254_103595_4017"/></ownedParameter><owner classType="Class" humanName="Owner" humanType="Class" icon="ripples_files/icon_class_1403380247.png" mode="s,e" name="Constructor" refid="_17_0_5_1_43701b0_1461923350097_348287_3383"/><qualifiedName humanName="Qualified Name" mode="e">Java Reflection::Constructor::newInstance</qualifiedName><redefinitionContext humanName="Redefinition Context"><class classType="Class" humanType="Class" icon="ripples_files/icon_class_1403380247.png" name="Constructor" refid="_17_0_5_1_43701b0_1461923350097_348287_3383"/></redefinitionContext><TO_DO humanName="To Do" mode="s,e"/><type classType="Class" humanName="Type" humanType="Class" icon="ripples_files/icon_class_1403380247.png" mode="s,e" name="Object" refid="_17_0_5_1_43701b0_1461923350105_682820_3411"/><TYPE_MODIFIER humanName="Type Modifier" mode="e"/><upper humanName="Upper">1</upper><visibility humanName="Visibility" mode="s,e">public</visibility></operation></magicdraw>