<?xml version="1.0" encoding="UTF-8"?><magicdraw><class classType="Class" humanType="Class" icon="ripples_files/icon_class_1403380247.png" id="_17_0_5_1_43701b0_1461923350094_55897_3374"><allGeneralClassifiers humanName="All General Classifiers"><class classType="Class" humanType="Class" icon="ripples_files/icon_class_1403380247.png" name="Object" refid="_17_0_5_1_43701b0_1461923350105_682820_3411"/></allGeneralClassifiers><allSpecifyingElements humanName="All Specifying Elements"><interface classType="Interface" humanType="Interface" icon="ripples_files/icon_interface_753692748.png" name="AnnotatedElement" refid="_17_0_5_1_43701b0_1461923350095_531597_3375"/><interface classType="Interface" humanType="Interface" icon="ripples_files/icon_interface_753692748.png" name="GenericDeclaration" refid="_17_0_5_1_43701b0_1461923350097_986189_3381"/><interface classType="Interface" humanType="Interface" icon="ripples_files/icon_interface_753692748.png" name="Type" refid="_17_0_5_1_43701b0_1461923350088_841582_3369"/></allSpecifyingElements><attribute humanName="Attribute"><property classType="Property" humanType="Property" icon="ripples_files/icon_property_932503272.png" name="annotatedInterfaces" refid="_17_0_5_1_43701b0_1461923350200_596301_3705"/><property classType="Property" humanType="Property" icon="ripples_files/icon_property_932503272.png" name="annotatedSuperclass" refid="_17_0_5_1_43701b0_1461923350200_564761_3704"/><property classType="Property" humanType="Property" icon="ripples_files/icon_property_932503272.png" name="annotation" refid="_17_0_5_1_43701b0_1461923350191_243776_3665"/><property classType="Property" humanType="Property" icon="ripples_files/icon_property_932503272.png" name="anonymousClass" refid="_17_0_5_1_43701b0_1461923350192_652670_3667"/><property classType="Property" humanType="Property" icon="ripples_files/icon_property_932503272.png" name="array" refid="_17_0_5_1_43701b0_1461923350191_778613_3663"/><property classType="Property" humanType="Property" icon="ripples_files/icon_property_932503272.png" name="canonicalName" refid="_17_0_5_1_43701b0_1461923350197_94274_3701"/><property classType="Property" humanType="Property" icon="ripples_files/icon_property_932503272.png" name="classes" refid="_17_0_5_1_43701b0_1461923350195_599654_3686"/><property classType="Property" humanType="Property" icon="ripples_files/icon_property_932503272.png" name="componentType" refid="_17_0_5_1_43701b0_1461923350193_759632_3673"/><property classType="Property" humanType="Property" icon="ripples_files/icon_property_932503272.png" name="constructor" refid="_17_0_5_1_43701b0_1461923350196_365784_3692"/><property classType="Property" humanType="Property" icon="ripples_files/icon_property_932503272.png" name="constructors" refid="_17_0_5_1_43701b0_1461923350195_506922_3688"/><property classType="Property" humanType="Property" icon="ripples_files/icon_property_932503272.png" name="declaredClasses" refid="_17_0_5_1_43701b0_1461923350196_825962_3693"/><property classType="Property" humanType="Property" icon="ripples_files/icon_property_932503272.png" name="declaredConstructor" refid="_17_0_5_1_43701b0_1461923350197_342700_3699"/><property classType="Property" humanType="Property" icon="ripples_files/icon_property_932503272.png" name="declaredConstructors" refid="_17_0_5_1_43701b0_1461923350197_955092_3696"/><property classType="Property" humanType="Property" icon="ripples_files/icon_property_932503272.png" name="declaredField" refid="_17_0_5_1_43701b0_1461923350197_131549_3697"/><property classType="Property" humanType="Property" icon="ripples_files/icon_property_932503272.png" name="declaredFields" refid="_17_0_5_1_43701b0_1461923350196_791208_3694"/><property classType="Property" humanType="Property" icon="ripples_files/icon_property_932503272.png" name="declaredMethod" refid="_17_0_5_1_43701b0_1461923350197_556043_3698"/><property classType="Property" humanType="Property" icon="ripples_files/icon_property_932503272.png" name="declaredMethods" refid="_17_0_5_1_43701b0_1461923350196_374596_3695"/><property classType="Property" humanType="Property" icon="ripples_files/icon_property_932503272.png" name="declaringClass" refid="_17_0_5_1_43701b0_1461923350193_932641_3678"/><property classType="Property" humanType="Property" icon="ripples_files/icon_property_932503272.png" name="desiredAssertionStatus" refid="_17_0_5_1_43701b0_1461923350194_543432_3680"/><property classType="Property" humanType="Property" icon="ripples_files/icon_property_932503272.png" name="enclosingClass" refid="_17_0_5_1_43701b0_1461923350194_871827_3679"/><property classType="Property" humanType="Property" icon="ripples_files/icon_property_932503272.png" name="enclosingConstructor" refid="_17_0_5_1_43701b0_1461923350193_793967_3677"/><property classType="Property" humanType="Property" icon="ripples_files/icon_property_932503272.png" name="enclosingMethod" refid="_17_0_5_1_43701b0_1461923350193_757542_3676"/><property classType="Property" humanType="Property" icon="ripples_files/icon_property_932503272.png" name="enum" refid="_17_0_5_1_43701b0_1461923350194_510175_3681"/><property classType="Property" humanType="Property" icon="ripples_files/icon_property_932503272.png" name="enumConstants" refid="_17_0_5_1_43701b0_1461923350198_305987_3703"/><property classType="Property" humanType="Property" icon="ripples_files/icon_property_932503272.png" name="field" refid="_17_0_5_1_43701b0_1461923350195_869545_3690"/><property classType="Property" humanType="Property" icon="ripples_files/icon_property_932503272.png" name="fields" refid="_17_0_5_1_43701b0_1461923350195_335839_3689"/><property classType="Property" humanType="Property" icon="ripples_files/icon_property_932503272.png" name="genericInterfaces" refid="_17_0_5_1_43701b0_1461923350192_198109_3672"/><property classType="Property" humanType="Property" icon="ripples_files/icon_property_932503272.png" name="genericSuperClass" refid="_17_0_5_1_43701b0_1461923350192_972535_3669"/><property classType="Property" humanType="Property" icon="ripples_files/icon_property_932503272.png" name="instance" refid="_17_0_5_1_43701b0_1461923350191_554663_3662"/><property classType="Property" humanType="Property" icon="ripples_files/icon_property_932503272.png" name="interfaces" refid="_17_0_5_1_43701b0_1461923350192_658827_3671"/><property classType="Property" humanType="Property" icon="ripples_files/icon_property_932503272.png" name="localClass" refid="_17_0_5_1_43701b0_1461923350193_900333_3674"/><property classType="Property" humanType="Property" icon="ripples_files/icon_property_932503272.png" name="memberClass" refid="_17_0_5_1_43701b0_1461923350193_721140_3675"/><property classType="Property" humanType="Property" icon="ripples_files/icon_property_932503272.png" name="method" refid="_17_0_5_1_43701b0_1461923350196_123145_3691"/><property classType="Property" humanType="Property" icon="ripples_files/icon_property_932503272.png" name="methods" refid="_17_0_5_1_43701b0_1461923350195_955776_3687"/><property classType="Property" humanType="Property" icon="ripples_files/icon_property_932503272.png" name="modifiers" refid="_17_0_5_1_43701b0_1461923350194_8402_3683"/><property classType="Property" humanType="Property" icon="ripples_files/icon_property_932503272.png" name="name" refid="_17_0_5_1_43701b0_1461923350194_425442_3682"/><property classType="Property" humanType="Property" icon="ripples_files/icon_property_932503272.png" name="package" refid="_17_0_5_1_43701b0_1461923350192_417474_3670"/><property classType="Property" humanType="Property" icon="ripples_files/icon_property_932503272.png" name="primitive" refid="_17_0_5_1_43701b0_1461923350191_346167_3664"/><property classType="Property" humanType="Property" icon="ripples_files/icon_property_932503272.png" name="protectionDomain" refid="_17_0_5_1_43701b0_1461923350198_236795_3702"/><property classType="Property" humanType="Property" icon="ripples_files/icon_property_932503272.png" name="signers" refid="_17_0_5_1_43701b0_1461923350194_830830_3684"/><property classType="Property" humanType="Property" icon="ripples_files/icon_property_932503272.png" name="simpleName" refid="_17_0_5_1_43701b0_1461923350195_545820_3685"/><property classType="Property" humanType="Property" icon="ripples_files/icon_property_932503272.png" name="superClass" refid="_17_0_5_1_43701b0_1461923350192_18947_3668"/><property classType="Property" humanType="Property" icon="ripples_files/icon_property_932503272.png" name="synthetic" refid="_17_0_5_1_43701b0_1461923350191_280691_3666"/><property classType="Property" humanType="Property" icon="ripples_files/icon_property_932503272.png" name="typeName" refid="_17_0_5_1_43701b0_1461923350197_2144_3700"/></attribute><clientDependency humanName="Client Dependency"><interfacerealization classType="InterfaceRealization" humanType="Interface Realization" icon="ripples_files/icon_interfacerealization_1172450799.png" isRelationship="true" name="Interface Realization[Class -&gt; AnnotatedElement]" refid="_17_0_5_1_43701b0_1461923350188_860048_3649"/><interfacerealization classType="InterfaceRealization" humanType="Interface Realization" icon="ripples_files/icon_interfacerealization_1172450799.png" isRelationship="true" name="Interface Realization[Class -&gt; GenericDeclaration]" refid="_17_0_5_1_43701b0_1461923350188_879423_3648"/><interfacerealization classType="InterfaceRealization" humanType="Interface Realization" icon="ripples_files/icon_interfacerealization_1172450799.png" isRelationship="true" name="Interface Realization[Class -&gt; Type]" refid="_17_0_5_1_43701b0_1461923350185_923782_3633"/></clientDependency><feature humanName="Feature"><property classType="Property" humanType="Property" icon="ripples_files/icon_property_932503272.png" name="annotatedInterfaces" refid="_17_0_5_1_43701b0_1461923350200_596301_3705"/><property classType="Property" humanType="Property" icon="ripples_files/icon_property_932503272.png" name="annotatedSuperclass" refid="_17_0_5_1_43701b0_1461923350200_564761_3704"/><property classType="Property" humanType="Property" icon="ripples_files/icon_property_932503272.png" name="annotation" refid="_17_0_5_1_43701b0_1461923350191_243776_3665"/><property classType="Property" humanType="Property" icon="ripples_files/icon_property_932503272.png" name="anonymousClass" refid="_17_0_5_1_43701b0_1461923350192_652670_3667"/><property classType="Property" humanType="Property" icon="ripples_files/icon_property_932503272.png" name="array" refid="_17_0_5_1_43701b0_1461923350191_778613_3663"/><operation classType="Operation" humanType="Operation" icon="ripples_files/icon_operation_1932009480.png" name="asSubclass" refid="_17_0_5_1_43701b0_1461923350190_687908_3660"/><property classType="Property" humanType="Property" icon="ripples_files/icon_property_932503272.png" name="canonicalName" refid="_17_0_5_1_43701b0_1461923350197_94274_3701"/><operation classType="Operation" humanType="Operation" icon="ripples_files/icon_operation_1932009480.png" name="cast" refid="_17_0_5_1_43701b0_1461923350190_526611_3659"/><property classType="Property" humanType="Property" icon="ripples_files/icon_property_932503272.png" name="classes" refid="_17_0_5_1_43701b0_1461923350195_599654_3686"/><property classType="Property" humanType="Property" icon="ripples_files/icon_property_932503272.png" name="componentType" refid="_17_0_5_1_43701b0_1461923350193_759632_3673"/><property classType="Property" humanType="Property" icon="ripples_files/icon_property_932503272.png" name="constructor" refid="_17_0_5_1_43701b0_1461923350196_365784_3692"/><property classType="Property" humanType="Property" icon="ripples_files/icon_property_932503272.png" name="constructors" refid="_17_0_5_1_43701b0_1461923350195_506922_3688"/><property classType="Property" humanType="Property" icon="ripples_files/icon_property_932503272.png" name="declaredClasses" refid="_17_0_5_1_43701b0_1461923350196_825962_3693"/><property classType="Property" humanType="Property" icon="ripples_files/icon_property_932503272.png" name="declaredConstructor" refid="_17_0_5_1_43701b0_1461923350197_342700_3699"/><property classType="Property" humanType="Property" icon="ripples_files/icon_property_932503272.png" name="declaredConstructors" refid="_17_0_5_1_43701b0_1461923350197_955092_3696"/><property classType="Property" humanType="Property" icon="ripples_files/icon_property_932503272.png" name="declaredField" refid="_17_0_5_1_43701b0_1461923350197_131549_3697"/><property classType="Property" humanType="Property" icon="ripples_files/icon_property_932503272.png" name="declaredFields" refid="_17_0_5_1_43701b0_1461923350196_791208_3694"/><property classType="Property" humanType="Property" icon="ripples_files/icon_property_932503272.png" name="declaredMethod" refid="_17_0_5_1_43701b0_1461923350197_556043_3698"/><property classType="Property" humanType="Property" icon="ripples_files/icon_property_932503272.png" name="declaredMethods" refid="_17_0_5_1_43701b0_1461923350196_374596_3695"/><property classType="Property" humanType="Property" icon="ripples_files/icon_property_932503272.png" name="declaringClass" refid="_17_0_5_1_43701b0_1461923350193_932641_3678"/><property classType="Property" humanType="Property" icon="ripples_files/icon_property_932503272.png" name="desiredAssertionStatus" refid="_17_0_5_1_43701b0_1461923350194_543432_3680"/><property classType="Property" humanType="Property" icon="ripples_files/icon_property_932503272.png" name="enclosingClass" refid="_17_0_5_1_43701b0_1461923350194_871827_3679"/><property classType="Property" humanType="Property" icon="ripples_files/icon_property_932503272.png" name="enclosingConstructor" refid="_17_0_5_1_43701b0_1461923350193_793967_3677"/><property classType="Property" humanType="Property" icon="ripples_files/icon_property_932503272.png" name="enclosingMethod" refid="_17_0_5_1_43701b0_1461923350193_757542_3676"/><property classType="Property" humanType="Property" icon="ripples_files/icon_property_932503272.png" name="enum" refid="_17_0_5_1_43701b0_1461923350194_510175_3681"/><property classType="Property" humanType="Property" icon="ripples_files/icon_property_932503272.png" name="enumConstants" refid="_17_0_5_1_43701b0_1461923350198_305987_3703"/><property classType="Property" humanType="Property" icon="ripples_files/icon_property_932503272.png" name="field" refid="_17_0_5_1_43701b0_1461923350195_869545_3690"/><property classType="Property" humanType="Property" icon="ripples_files/icon_property_932503272.png" name="fields" refid="_17_0_5_1_43701b0_1461923350195_335839_3689"/><operation classType="Operation" humanType="Operation" icon="ripples_files/icon_operation_1932009480.png" name="forName" refid="_17_0_5_1_43701b0_1461923350188_404432_3652"/><operation classType="Operation" humanType="Operation" icon="ripples_files/icon_operation_1932009480.png" name="forName" refid="_17_0_5_1_43701b0_1461923350188_148719_3653"/><property classType="Property" humanType="Property" icon="ripples_files/icon_property_932503272.png" name="genericInterfaces" refid="_17_0_5_1_43701b0_1461923350192_198109_3672"/><property classType="Property" humanType="Property" icon="ripples_files/icon_property_932503272.png" name="genericSuperClass" refid="_17_0_5_1_43701b0_1461923350192_972535_3669"/><operation classType="Operation" humanType="Operation" icon="ripples_files/icon_operation_1932009480.png" name="getClassLoader" refid="_17_0_5_1_43701b0_1461923350190_392014_3661"/><operation classType="Operation" humanType="Operation" icon="ripples_files/icon_operation_1932009480.png" name="getResource" refid="_17_0_5_1_43701b0_1461923350190_810211_3658"/><operation classType="Operation" humanType="Operation" icon="ripples_files/icon_operation_1932009480.png" name="getResourceAsStream" refid="_17_0_5_1_43701b0_1461923350189_588274_3657"/><property classType="Property" humanType="Property" icon="ripples_files/icon_property_932503272.png" name="instance" refid="_17_0_5_1_43701b0_1461923350191_554663_3662"/><property classType="Property" humanType="Property" icon="ripples_files/icon_property_932503272.png" name="interfaces" refid="_17_0_5_1_43701b0_1461923350192_658827_3671"/><operation classType="Operation" humanType="Operation" icon="ripples_files/icon_operation_1932009480.png" name="isAssignableFrom" refid="_17_0_5_1_43701b0_1461923350189_343169_3656"/><operation classType="Operation" humanType="Operation" icon="ripples_files/icon_operation_1932009480.png" name="isInstance" refid="_17_0_5_1_43701b0_1461923350189_694104_3655"/><property classType="Property" humanType="Property" icon="ripples_files/icon_property_932503272.png" name="localClass" refid="_17_0_5_1_43701b0_1461923350193_900333_3674"/><property classType="Property" humanType="Property" icon="ripples_files/icon_property_932503272.png" name="memberClass" refid="_17_0_5_1_43701b0_1461923350193_721140_3675"/><property classType="Property" humanType="Property" icon="ripples_files/icon_property_932503272.png" name="method" refid="_17_0_5_1_43701b0_1461923350196_123145_3691"/><property classType="Property" humanType="Property" icon="ripples_files/icon_property_932503272.png" name="methods" refid="_17_0_5_1_43701b0_1461923350195_955776_3687"/><property classType="Property" humanType="Property" icon="ripples_files/icon_property_932503272.png" name="modifiers" refid="_17_0_5_1_43701b0_1461923350194_8402_3683"/><property classType="Property" humanType="Property" icon="ripples_files/icon_property_932503272.png" name="name" refid="_17_0_5_1_43701b0_1461923350194_425442_3682"/><operation classType="Operation" humanType="Operation" icon="ripples_files/icon_operation_1932009480.png" name="newInstance" refid="_17_0_5_1_43701b0_1461923350189_157720_3654"/><property classType="Property" humanType="Property" icon="ripples_files/icon_property_932503272.png" name="package" refid="_17_0_5_1_43701b0_1461923350192_417474_3670"/><property classType="Property" humanType="Property" icon="ripples_files/icon_property_932503272.png" name="primitive" refid="_17_0_5_1_43701b0_1461923350191_346167_3664"/><property classType="Property" humanType="Property" icon="ripples_files/icon_property_932503272.png" name="protectionDomain" refid="_17_0_5_1_43701b0_1461923350198_236795_3702"/><property classType="Property" humanType="Property" icon="ripples_files/icon_property_932503272.png" name="signers" refid="_17_0_5_1_43701b0_1461923350194_830830_3684"/><property classType="Property" humanType="Property" icon="ripples_files/icon_property_932503272.png" name="simpleName" refid="_17_0_5_1_43701b0_1461923350195_545820_3685"/><property classType="Property" humanType="Property" icon="ripples_files/icon_property_932503272.png" name="superClass" refid="_17_0_5_1_43701b0_1461923350192_18947_3668"/><property classType="Property" humanType="Property" icon="ripples_files/icon_property_932503272.png" name="synthetic" refid="_17_0_5_1_43701b0_1461923350191_280691_3666"/><operation classType="Operation" humanType="Operation" icon="ripples_files/icon_operation_1932009480.png" name="toGenericString" refid="_17_0_5_1_43701b0_1461923350188_877079_3651"/><property classType="Property" humanType="Property" icon="ripples_files/icon_property_932503272.png" name="typeName" refid="_17_0_5_1_43701b0_1461923350197_2144_3700"/></feature><generalization humanName="Generalization"><generalization classType="Generalization" humanType="Generalization" icon="ripples_files/icon_generalization_1418550995.png" isRelationship="true" refid="_17_0_5_1_43701b0_1461923350188_764844_3650"/></generalization><interfaceRealization humanName="Interface Realization"><interfacerealization classType="InterfaceRealization" humanType="Interface Realization" icon="ripples_files/icon_interfacerealization_1172450799.png" isRelationship="true" name="Interface Realization[Class -&gt; AnnotatedElement]" refid="_17_0_5_1_43701b0_1461923350188_860048_3649"/><interfacerealization classType="InterfaceRealization" humanType="Interface Realization" icon="ripples_files/icon_interfacerealization_1172450799.png" isRelationship="true" name="Interface Realization[Class -&gt; GenericDeclaration]" refid="_17_0_5_1_43701b0_1461923350188_879423_3648"/><interfacerealization classType="InterfaceRealization" humanType="Interface Realization" icon="ripples_files/icon_interfacerealization_1172450799.png" isRelationship="true" name="Interface Realization[Class -&gt; Type]" refid="_17_0_5_1_43701b0_1461923350185_923782_3633"/></interfaceRealization><isAbstract humanName="Is Abstract" mode="s,e">false</isAbstract><isActive humanName="Is Active" mode="s,e">false</isActive><isFinalSpecialization humanName="Is Final Specialization" mode="e">false</isFinalSpecialization><isLeaf humanName="Is Leaf" mode="s,e">false</isLeaf><member humanName="Member"><property classType="Property" humanType="Property" icon="ripples_files/icon_property_932503272.png" name="annotatedInterfaces" refid="_17_0_5_1_43701b0_1461923350200_596301_3705"/><property classType="Property" humanType="Property" icon="ripples_files/icon_property_932503272.png" name="annotatedSuperclass" refid="_17_0_5_1_43701b0_1461923350200_564761_3704"/><property classType="Property" humanType="Property" icon="ripples_files/icon_property_932503272.png" name="annotation" refid="_17_0_5_1_43701b0_1461923350191_243776_3665"/><property classType="Property" humanType="Property" icon="ripples_files/icon_property_932503272.png" name="anonymousClass" refid="_17_0_5_1_43701b0_1461923350192_652670_3667"/><property classType="Property" humanType="Property" icon="ripples_files/icon_property_932503272.png" name="array" refid="_17_0_5_1_43701b0_1461923350191_778613_3663"/><operation classType="Operation" humanType="Operation" icon="ripples_files/icon_operation_1932009480.png" name="asSubclass" refid="_17_0_5_1_43701b0_1461923350190_687908_3660"/><property classType="Property" humanType="Property" icon="ripples_files/icon_property_932503272.png" name="canonicalName" refid="_17_0_5_1_43701b0_1461923350197_94274_3701"/><operation classType="Operation" humanType="Operation" icon="ripples_files/icon_operation_1932009480.png" name="cast" refid="_17_0_5_1_43701b0_1461923350190_526611_3659"/><property classType="Property" humanType="Property" icon="ripples_files/icon_property_932503272.png" name="classes" refid="_17_0_5_1_43701b0_1461923350195_599654_3686"/><property classType="Property" humanType="Property" icon="ripples_files/icon_property_932503272.png" name="componentType" refid="_17_0_5_1_43701b0_1461923350193_759632_3673"/><property classType="Property" humanType="Property" icon="ripples_files/icon_property_932503272.png" name="constructor" refid="_17_0_5_1_43701b0_1461923350196_365784_3692"/><property classType="Property" humanType="Property" icon="ripples_files/icon_property_932503272.png" name="constructors" refid="_17_0_5_1_43701b0_1461923350195_506922_3688"/><property classType="Property" humanType="Property" icon="ripples_files/icon_property_932503272.png" name="declaredClasses" refid="_17_0_5_1_43701b0_1461923350196_825962_3693"/><property classType="Property" humanType="Property" icon="ripples_files/icon_property_932503272.png" name="declaredConstructor" refid="_17_0_5_1_43701b0_1461923350197_342700_3699"/><property classType="Property" humanType="Property" icon="ripples_files/icon_property_932503272.png" name="declaredConstructors" refid="_17_0_5_1_43701b0_1461923350197_955092_3696"/><property classType="Property" humanType="Property" icon="ripples_files/icon_property_932503272.png" name="declaredField" refid="_17_0_5_1_43701b0_1461923350197_131549_3697"/><property classType="Property" humanType="Property" icon="ripples_files/icon_property_932503272.png" name="declaredFields" refid="_17_0_5_1_43701b0_1461923350196_791208_3694"/><property classType="Property" humanType="Property" icon="ripples_files/icon_property_932503272.png" name="declaredMethod" refid="_17_0_5_1_43701b0_1461923350197_556043_3698"/><property classType="Property" humanType="Property" icon="ripples_files/icon_property_932503272.png" name="declaredMethods" refid="_17_0_5_1_43701b0_1461923350196_374596_3695"/><property classType="Property" humanType="Property" icon="ripples_files/icon_property_932503272.png" name="declaringClass" refid="_17_0_5_1_43701b0_1461923350193_932641_3678"/><property classType="Property" humanType="Property" icon="ripples_files/icon_property_932503272.png" name="desiredAssertionStatus" refid="_17_0_5_1_43701b0_1461923350194_543432_3680"/><property classType="Property" humanType="Property" icon="ripples_files/icon_property_932503272.png" name="enclosingClass" refid="_17_0_5_1_43701b0_1461923350194_871827_3679"/><property classType="Property" humanType="Property" icon="ripples_files/icon_property_932503272.png" name="enclosingConstructor" refid="_17_0_5_1_43701b0_1461923350193_793967_3677"/><property classType="Property" humanType="Property" icon="ripples_files/icon_property_932503272.png" name="enclosingMethod" refid="_17_0_5_1_43701b0_1461923350193_757542_3676"/><property classType="Property" humanType="Property" icon="ripples_files/icon_property_932503272.png" name="enum" refid="_17_0_5_1_43701b0_1461923350194_510175_3681"/><property classType="Property" humanType="Property" icon="ripples_files/icon_property_932503272.png" name="enumConstants" refid="_17_0_5_1_43701b0_1461923350198_305987_3703"/><property classType="Property" humanType="Property" icon="ripples_files/icon_property_932503272.png" name="field" refid="_17_0_5_1_43701b0_1461923350195_869545_3690"/><property classType="Property" humanType="Property" icon="ripples_files/icon_property_932503272.png" name="fields" refid="_17_0_5_1_43701b0_1461923350195_335839_3689"/><operation classType="Operation" humanType="Operation" icon="ripples_files/icon_operation_1932009480.png" name="forName" refid="_17_0_5_1_43701b0_1461923350188_404432_3652"/><operation classType="Operation" humanType="Operation" icon="ripples_files/icon_operation_1932009480.png" name="forName" refid="_17_0_5_1_43701b0_1461923350188_148719_3653"/><property classType="Property" humanType="Property" icon="ripples_files/icon_property_932503272.png" name="genericInterfaces" refid="_17_0_5_1_43701b0_1461923350192_198109_3672"/><property classType="Property" humanType="Property" icon="ripples_files/icon_property_932503272.png" name="genericSuperClass" refid="_17_0_5_1_43701b0_1461923350192_972535_3669"/><operation classType="Operation" humanType="Operation" icon="ripples_files/icon_operation_1932009480.png" name="getClassLoader" refid="_17_0_5_1_43701b0_1461923350190_392014_3661"/><operation classType="Operation" humanType="Operation" icon="ripples_files/icon_operation_1932009480.png" name="getResource" refid="_17_0_5_1_43701b0_1461923350190_810211_3658"/><operation classType="Operation" humanType="Operation" icon="ripples_files/icon_operation_1932009480.png" name="getResourceAsStream" refid="_17_0_5_1_43701b0_1461923350189_588274_3657"/><property classType="Property" humanType="Property" icon="ripples_files/icon_property_932503272.png" name="instance" refid="_17_0_5_1_43701b0_1461923350191_554663_3662"/><property classType="Property" humanType="Property" icon="ripples_files/icon_property_932503272.png" name="interfaces" refid="_17_0_5_1_43701b0_1461923350192_658827_3671"/><operation classType="Operation" humanType="Operation" icon="ripples_files/icon_operation_1932009480.png" name="isAssignableFrom" refid="_17_0_5_1_43701b0_1461923350189_343169_3656"/><operation classType="Operation" humanType="Operation" icon="ripples_files/icon_operation_1932009480.png" name="isInstance" refid="_17_0_5_1_43701b0_1461923350189_694104_3655"/><property classType="Property" humanType="Property" icon="ripples_files/icon_property_932503272.png" name="localClass" refid="_17_0_5_1_43701b0_1461923350193_900333_3674"/><property classType="Property" humanType="Property" icon="ripples_files/icon_property_932503272.png" name="memberClass" refid="_17_0_5_1_43701b0_1461923350193_721140_3675"/><property classType="Property" humanType="Property" icon="ripples_files/icon_property_932503272.png" name="method" refid="_17_0_5_1_43701b0_1461923350196_123145_3691"/><property classType="Property" humanType="Property" icon="ripples_files/icon_property_932503272.png" name="methods" refid="_17_0_5_1_43701b0_1461923350195_955776_3687"/><property classType="Property" humanType="Property" icon="ripples_files/icon_property_932503272.png" name="modifiers" refid="_17_0_5_1_43701b0_1461923350194_8402_3683"/><property classType="Property" humanType="Property" icon="ripples_files/icon_property_932503272.png" name="name" refid="_17_0_5_1_43701b0_1461923350194_425442_3682"/><operation classType="Operation" humanType="Operation" icon="ripples_files/icon_operation_1932009480.png" name="newInstance" refid="_17_0_5_1_43701b0_1461923350189_157720_3654"/><property classType="Property" humanType="Property" icon="ripples_files/icon_property_932503272.png" name="package" refid="_17_0_5_1_43701b0_1461923350192_417474_3670"/><property classType="Property" humanType="Property" icon="ripples_files/icon_property_932503272.png" name="primitive" refid="_17_0_5_1_43701b0_1461923350191_346167_3664"/><property classType="Property" humanType="Property" icon="ripples_files/icon_property_932503272.png" name="protectionDomain" refid="_17_0_5_1_43701b0_1461923350198_236795_3702"/><property classType="Property" humanType="Property" icon="ripples_files/icon_property_932503272.png" name="signers" refid="_17_0_5_1_43701b0_1461923350194_830830_3684"/><property classType="Property" humanType="Property" icon="ripples_files/icon_property_932503272.png" name="simpleName" refid="_17_0_5_1_43701b0_1461923350195_545820_3685"/><property classType="Property" humanType="Property" icon="ripples_files/icon_property_932503272.png" name="superClass" refid="_17_0_5_1_43701b0_1461923350192_18947_3668"/><property classType="Property" humanType="Property" icon="ripples_files/icon_property_932503272.png" name="synthetic" refid="_17_0_5_1_43701b0_1461923350191_280691_3666"/><operation classType="Operation" humanType="Operation" icon="ripples_files/icon_operation_1932009480.png" name="toGenericString" refid="_17_0_5_1_43701b0_1461923350188_877079_3651"/><property classType="Property" humanType="Property" icon="ripples_files/icon_property_932503272.png" name="typeName" refid="_17_0_5_1_43701b0_1461923350197_2144_3700"/></member><name humanName="Name" mode="s,e">Class</name><namespace classType="Package" humanName="Namespace" humanType="Package" icon="ripples_files/icon_package_1584688439.png" name="Java Reflection" refid="_17_0_5_1_43701b0_1462171467184_515020_8291"/><ownedAttribute humanName="Owned Attribute"><property classType="Property" humanType="Property" icon="ripples_files/icon_property_932503272.png" name="annotatedInterfaces" refid="_17_0_5_1_43701b0_1461923350200_596301_3705"/><property classType="Property" humanType="Property" icon="ripples_files/icon_property_932503272.png" name="annotatedSuperclass" refid="_17_0_5_1_43701b0_1461923350200_564761_3704"/><property classType="Property" humanType="Property" icon="ripples_files/icon_property_932503272.png" name="annotation" refid="_17_0_5_1_43701b0_1461923350191_243776_3665"/><property classType="Property" humanType="Property" icon="ripples_files/icon_property_932503272.png" name="anonymousClass" refid="_17_0_5_1_43701b0_1461923350192_652670_3667"/><property classType="Property" humanType="Property" icon="ripples_files/icon_property_932503272.png" name="array" refid="_17_0_5_1_43701b0_1461923350191_778613_3663"/><property classType="Property" humanType="Property" icon="ripples_files/icon_property_932503272.png" name="canonicalName" refid="_17_0_5_1_43701b0_1461923350197_94274_3701"/><property classType="Property" humanType="Property" icon="ripples_files/icon_property_932503272.png" name="classes" refid="_17_0_5_1_43701b0_1461923350195_599654_3686"/><property classType="Property" humanType="Property" icon="ripples_files/icon_property_932503272.png" name="componentType" refid="_17_0_5_1_43701b0_1461923350193_759632_3673"/><property classType="Property" humanType="Property" icon="ripples_files/icon_property_932503272.png" name="constructor" refid="_17_0_5_1_43701b0_1461923350196_365784_3692"/><property classType="Property" humanType="Property" icon="ripples_files/icon_property_932503272.png" name="constructors" refid="_17_0_5_1_43701b0_1461923350195_506922_3688"/><property classType="Property" humanType="Property" icon="ripples_files/icon_property_932503272.png" name="declaredClasses" refid="_17_0_5_1_43701b0_1461923350196_825962_3693"/><property classType="Property" humanType="Property" icon="ripples_files/icon_property_932503272.png" name="declaredConstructor" refid="_17_0_5_1_43701b0_1461923350197_342700_3699"/><property classType="Property" humanType="Property" icon="ripples_files/icon_property_932503272.png" name="declaredConstructors" refid="_17_0_5_1_43701b0_1461923350197_955092_3696"/><property classType="Property" humanType="Property" icon="ripples_files/icon_property_932503272.png" name="declaredField" refid="_17_0_5_1_43701b0_1461923350197_131549_3697"/><property classType="Property" humanType="Property" icon="ripples_files/icon_property_932503272.png" name="declaredFields" refid="_17_0_5_1_43701b0_1461923350196_791208_3694"/><property classType="Property" humanType="Property" icon="ripples_files/icon_property_932503272.png" name="declaredMethod" refid="_17_0_5_1_43701b0_1461923350197_556043_3698"/><property classType="Property" humanType="Property" icon="ripples_files/icon_property_932503272.png" name="declaredMethods" refid="_17_0_5_1_43701b0_1461923350196_374596_3695"/><property classType="Property" humanType="Property" icon="ripples_files/icon_property_932503272.png" name="declaringClass" refid="_17_0_5_1_43701b0_1461923350193_932641_3678"/><property classType="Property" humanType="Property" icon="ripples_files/icon_property_932503272.png" name="desiredAssertionStatus" refid="_17_0_5_1_43701b0_1461923350194_543432_3680"/><property classType="Property" humanType="Property" icon="ripples_files/icon_property_932503272.png" name="enclosingClass" refid="_17_0_5_1_43701b0_1461923350194_871827_3679"/><property classType="Property" humanType="Property" icon="ripples_files/icon_property_932503272.png" name="enclosingConstructor" refid="_17_0_5_1_43701b0_1461923350193_793967_3677"/><property classType="Property" humanType="Property" icon="ripples_files/icon_property_932503272.png" name="enclosingMethod" refid="_17_0_5_1_43701b0_1461923350193_757542_3676"/><property classType="Property" humanType="Property" icon="ripples_files/icon_property_932503272.png" name="enum" refid="_17_0_5_1_43701b0_1461923350194_510175_3681"/><property classType="Property" humanType="Property" icon="ripples_files/icon_property_932503272.png" name="enumConstants" refid="_17_0_5_1_43701b0_1461923350198_305987_3703"/><property classType="Property" humanType="Property" icon="ripples_files/icon_property_932503272.png" name="field" refid="_17_0_5_1_43701b0_1461923350195_869545_3690"/><property classType="Property" humanType="Property" icon="ripples_files/icon_property_932503272.png" name="fields" refid="_17_0_5_1_43701b0_1461923350195_335839_3689"/><property classType="Property" humanType="Property" icon="ripples_files/icon_property_932503272.png" name="genericInterfaces" refid="_17_0_5_1_43701b0_1461923350192_198109_3672"/><property classType="Property" humanType="Property" icon="ripples_files/icon_property_932503272.png" name="genericSuperClass" refid="_17_0_5_1_43701b0_1461923350192_972535_3669"/><property classType="Property" humanType="Property" icon="ripples_files/icon_property_932503272.png" name="instance" refid="_17_0_5_1_43701b0_1461923350191_554663_3662"/><property classType="Property" humanType="Property" icon="ripples_files/icon_property_932503272.png" name="interfaces" refid="_17_0_5_1_43701b0_1461923350192_658827_3671"/><property classType="Property" humanType="Property" icon="ripples_files/icon_property_932503272.png" name="localClass" refid="_17_0_5_1_43701b0_1461923350193_900333_3674"/><property classType="Property" humanType="Property" icon="ripples_files/icon_property_932503272.png" name="memberClass" refid="_17_0_5_1_43701b0_1461923350193_721140_3675"/><property classType="Property" humanType="Property" icon="ripples_files/icon_property_932503272.png" name="method" refid="_17_0_5_1_43701b0_1461923350196_123145_3691"/><property classType="Property" humanType="Property" icon="ripples_files/icon_property_932503272.png" name="methods" refid="_17_0_5_1_43701b0_1461923350195_955776_3687"/><property classType="Property" humanType="Property" icon="ripples_files/icon_property_932503272.png" name="modifiers" refid="_17_0_5_1_43701b0_1461923350194_8402_3683"/><property classType="Property" humanType="Property" icon="ripples_files/icon_property_932503272.png" name="name" refid="_17_0_5_1_43701b0_1461923350194_425442_3682"/><property classType="Property" humanType="Property" icon="ripples_files/icon_property_932503272.png" name="package" refid="_17_0_5_1_43701b0_1461923350192_417474_3670"/><property classType="Property" humanType="Property" icon="ripples_files/icon_property_932503272.png" name="primitive" refid="_17_0_5_1_43701b0_1461923350191_346167_3664"/><property classType="Property" humanType="Property" icon="ripples_files/icon_property_932503272.png" name="protectionDomain" refid="_17_0_5_1_43701b0_1461923350198_236795_3702"/><property classType="Property" humanType="Property" icon="ripples_files/icon_property_932503272.png" name="signers" refid="_17_0_5_1_43701b0_1461923350194_830830_3684"/><property classType="Property" humanType="Property" icon="ripples_files/icon_property_932503272.png" name="simpleName" refid="_17_0_5_1_43701b0_1461923350195_545820_3685"/><property classType="Property" humanType="Property" icon="ripples_files/icon_property_932503272.png" name="superClass" refid="_17_0_5_1_43701b0_1461923350192_18947_3668"/><property classType="Property" humanType="Property" icon="ripples_files/icon_property_932503272.png" name="synthetic" refid="_17_0_5_1_43701b0_1461923350191_280691_3666"/><property classType="Property" humanType="Property" icon="ripples_files/icon_property_932503272.png" name="typeName" refid="_17_0_5_1_43701b0_1461923350197_2144_3700"/></ownedAttribute><ownedElement humanName="Owned Element"><generalization classType="Generalization" humanType="Generalization" icon="ripples_files/icon_generalization_1418550995.png" isRelationship="true" refid="_17_0_5_1_43701b0_1461923350188_764844_3650"/><property classType="Property" humanType="Property" icon="ripples_files/icon_property_932503272.png" name="annotatedInterfaces" refid="_17_0_5_1_43701b0_1461923350200_596301_3705"/><property classType="Property" humanType="Property" icon="ripples_files/icon_property_932503272.png" name="annotatedSuperclass" refid="_17_0_5_1_43701b0_1461923350200_564761_3704"/><property classType="Property" humanType="Property" icon="ripples_files/icon_property_932503272.png" name="annotation" refid="_17_0_5_1_43701b0_1461923350191_243776_3665"/><property classType="Property" humanType="Property" icon="ripples_files/icon_property_932503272.png" name="anonymousClass" refid="_17_0_5_1_43701b0_1461923350192_652670_3667"/><property classType="Property" humanType="Property" icon="ripples_files/icon_property_932503272.png" name="array" refid="_17_0_5_1_43701b0_1461923350191_778613_3663"/><operation classType="Operation" humanType="Operation" icon="ripples_files/icon_operation_1932009480.png" name="asSubclass" refid="_17_0_5_1_43701b0_1461923350190_687908_3660"/><property classType="Property" humanType="Property" icon="ripples_files/icon_property_932503272.png" name="canonicalName" refid="_17_0_5_1_43701b0_1461923350197_94274_3701"/><operation classType="Operation" humanType="Operation" icon="ripples_files/icon_operation_1932009480.png" name="cast" refid="_17_0_5_1_43701b0_1461923350190_526611_3659"/><property classType="Property" humanType="Property" icon="ripples_files/icon_property_932503272.png" name="classes" refid="_17_0_5_1_43701b0_1461923350195_599654_3686"/><property classType="Property" humanType="Property" icon="ripples_files/icon_property_932503272.png" name="componentType" refid="_17_0_5_1_43701b0_1461923350193_759632_3673"/><property classType="Property" humanType="Property" icon="ripples_files/icon_property_932503272.png" name="constructor" refid="_17_0_5_1_43701b0_1461923350196_365784_3692"/><property classType="Property" humanType="Property" icon="ripples_files/icon_property_932503272.png" name="constructors" refid="_17_0_5_1_43701b0_1461923350195_506922_3688"/><property classType="Property" humanType="Property" icon="ripples_files/icon_property_932503272.png" name="declaredClasses" refid="_17_0_5_1_43701b0_1461923350196_825962_3693"/><property classType="Property" humanType="Property" icon="ripples_files/icon_property_932503272.png" name="declaredConstructor" refid="_17_0_5_1_43701b0_1461923350197_342700_3699"/><property classType="Property" humanType="Property" icon="ripples_files/icon_property_932503272.png" name="declaredConstructors" refid="_17_0_5_1_43701b0_1461923350197_955092_3696"/><property classType="Property" humanType="Property" icon="ripples_files/icon_property_932503272.png" name="declaredField" refid="_17_0_5_1_43701b0_1461923350197_131549_3697"/><property classType="Property" humanType="Property" icon="ripples_files/icon_property_932503272.png" name="declaredFields" refid="_17_0_5_1_43701b0_1461923350196_791208_3694"/><property classType="Property" humanType="Property" icon="ripples_files/icon_property_932503272.png" name="declaredMethod" refid="_17_0_5_1_43701b0_1461923350197_556043_3698"/><property classType="Property" humanType="Property" icon="ripples_files/icon_property_932503272.png" name="declaredMethods" refid="_17_0_5_1_43701b0_1461923350196_374596_3695"/><property classType="Property" humanType="Property" icon="ripples_files/icon_property_932503272.png" name="declaringClass" refid="_17_0_5_1_43701b0_1461923350193_932641_3678"/><property classType="Property" humanType="Property" icon="ripples_files/icon_property_932503272.png" name="desiredAssertionStatus" refid="_17_0_5_1_43701b0_1461923350194_543432_3680"/><property classType="Property" humanType="Property" icon="ripples_files/icon_property_932503272.png" name="enclosingClass" refid="_17_0_5_1_43701b0_1461923350194_871827_3679"/><property classType="Property" humanType="Property" icon="ripples_files/icon_property_932503272.png" name="enclosingConstructor" refid="_17_0_5_1_43701b0_1461923350193_793967_3677"/><property classType="Property" humanType="Property" icon="ripples_files/icon_property_932503272.png" name="enclosingMethod" refid="_17_0_5_1_43701b0_1461923350193_757542_3676"/><property classType="Property" humanType="Property" icon="ripples_files/icon_property_932503272.png" name="enum" refid="_17_0_5_1_43701b0_1461923350194_510175_3681"/><property classType="Property" humanType="Property" icon="ripples_files/icon_property_932503272.png" name="enumConstants" refid="_17_0_5_1_43701b0_1461923350198_305987_3703"/><property classType="Property" humanType="Property" icon="ripples_files/icon_property_932503272.png" name="field" refid="_17_0_5_1_43701b0_1461923350195_869545_3690"/><property classType="Property" humanType="Property" icon="ripples_files/icon_property_932503272.png" name="fields" refid="_17_0_5_1_43701b0_1461923350195_335839_3689"/><operation classType="Operation" humanType="Operation" icon="ripples_files/icon_operation_1932009480.png" name="forName" refid="_17_0_5_1_43701b0_1461923350188_404432_3652"/><operation classType="Operation" humanType="Operation" icon="ripples_files/icon_operation_1932009480.png" name="forName" refid="_17_0_5_1_43701b0_1461923350188_148719_3653"/><property classType="Property" humanType="Property" icon="ripples_files/icon_property_932503272.png" name="genericInterfaces" refid="_17_0_5_1_43701b0_1461923350192_198109_3672"/><property classType="Property" humanType="Property" icon="ripples_files/icon_property_932503272.png" name="genericSuperClass" refid="_17_0_5_1_43701b0_1461923350192_972535_3669"/><operation classType="Operation" humanType="Operation" icon="ripples_files/icon_operation_1932009480.png" name="getClassLoader" refid="_17_0_5_1_43701b0_1461923350190_392014_3661"/><operation classType="Operation" humanType="Operation" icon="ripples_files/icon_operation_1932009480.png" name="getResource" refid="_17_0_5_1_43701b0_1461923350190_810211_3658"/><operation classType="Operation" humanType="Operation" icon="ripples_files/icon_operation_1932009480.png" name="getResourceAsStream" refid="_17_0_5_1_43701b0_1461923350189_588274_3657"/><property classType="Property" humanType="Property" icon="ripples_files/icon_property_932503272.png" name="instance" refid="_17_0_5_1_43701b0_1461923350191_554663_3662"/><interfacerealization classType="InterfaceRealization" humanType="Interface Realization" icon="ripples_files/icon_interfacerealization_1172450799.png" isRelationship="true" name="Interface Realization[Class -&gt; AnnotatedElement]" refid="_17_0_5_1_43701b0_1461923350188_860048_3649"/><interfacerealization classType="InterfaceRealization" humanType="Interface Realization" icon="ripples_files/icon_interfacerealization_1172450799.png" isRelationship="true" name="Interface Realization[Class -&gt; GenericDeclaration]" refid="_17_0_5_1_43701b0_1461923350188_879423_3648"/><interfacerealization classType="InterfaceRealization" humanType="Interface Realization" icon="ripples_files/icon_interfacerealization_1172450799.png" isRelationship="true" name="Interface Realization[Class -&gt; Type]" refid="_17_0_5_1_43701b0_1461923350185_923782_3633"/><property classType="Property" humanType="Property" icon="ripples_files/icon_property_932503272.png" name="interfaces" refid="_17_0_5_1_43701b0_1461923350192_658827_3671"/><operation classType="Operation" humanType="Operation" icon="ripples_files/icon_operation_1932009480.png" name="isAssignableFrom" refid="_17_0_5_1_43701b0_1461923350189_343169_3656"/><operation classType="Operation" humanType="Operation" icon="ripples_files/icon_operation_1932009480.png" name="isInstance" refid="_17_0_5_1_43701b0_1461923350189_694104_3655"/><property classType="Property" humanType="Property" icon="ripples_files/icon_property_932503272.png" name="localClass" refid="_17_0_5_1_43701b0_1461923350193_900333_3674"/><property classType="Property" humanType="Property" icon="ripples_files/icon_property_932503272.png" name="memberClass" refid="_17_0_5_1_43701b0_1461923350193_721140_3675"/><property classType="Property" humanType="Property" icon="ripples_files/icon_property_932503272.png" name="method" refid="_17_0_5_1_43701b0_1461923350196_123145_3691"/><property classType="Property" humanType="Property" icon="ripples_files/icon_property_932503272.png" name="methods" refid="_17_0_5_1_43701b0_1461923350195_955776_3687"/><property classType="Property" humanType="Property" icon="ripples_files/icon_property_932503272.png" name="modifiers" refid="_17_0_5_1_43701b0_1461923350194_8402_3683"/><property classType="Property" humanType="Property" icon="ripples_files/icon_property_932503272.png" name="name" refid="_17_0_5_1_43701b0_1461923350194_425442_3682"/><operation classType="Operation" humanType="Operation" icon="ripples_files/icon_operation_1932009480.png" name="newInstance" refid="_17_0_5_1_43701b0_1461923350189_157720_3654"/><property classType="Property" humanType="Property" icon="ripples_files/icon_property_932503272.png" name="package" refid="_17_0_5_1_43701b0_1461923350192_417474_3670"/><property classType="Property" humanType="Property" icon="ripples_files/icon_property_932503272.png" name="primitive" refid="_17_0_5_1_43701b0_1461923350191_346167_3664"/><property classType="Property" humanType="Property" icon="ripples_files/icon_property_932503272.png" name="protectionDomain" refid="_17_0_5_1_43701b0_1461923350198_236795_3702"/><property classType="Property" humanType="Property" icon="ripples_files/icon_property_932503272.png" name="signers" refid="_17_0_5_1_43701b0_1461923350194_830830_3684"/><property classType="Property" humanType="Property" icon="ripples_files/icon_property_932503272.png" name="simpleName" refid="_17_0_5_1_43701b0_1461923350195_545820_3685"/><property classType="Property" humanType="Property" icon="ripples_files/icon_property_932503272.png" name="superClass" refid="_17_0_5_1_43701b0_1461923350192_18947_3668"/><property classType="Property" humanType="Property" icon="ripples_files/icon_property_932503272.png" name="synthetic" refid="_17_0_5_1_43701b0_1461923350191_280691_3666"/><operation classType="Operation" humanType="Operation" icon="ripples_files/icon_operation_1932009480.png" name="toGenericString" refid="_17_0_5_1_43701b0_1461923350188_877079_3651"/><property classType="Property" humanType="Property" icon="ripples_files/icon_property_932503272.png" name="typeName" refid="_17_0_5_1_43701b0_1461923350197_2144_3700"/></ownedElement><ownedMember humanName="Owned Member"><property classType="Property" humanType="Property" icon="ripples_files/icon_property_932503272.png" name="annotatedInterfaces" refid="_17_0_5_1_43701b0_1461923350200_596301_3705"/><property classType="Property" humanType="Property" icon="ripples_files/icon_property_932503272.png" name="annotatedSuperclass" refid="_17_0_5_1_43701b0_1461923350200_564761_3704"/><property classType="Property" humanType="Property" icon="ripples_files/icon_property_932503272.png" name="annotation" refid="_17_0_5_1_43701b0_1461923350191_243776_3665"/><property classType="Property" humanType="Property" icon="ripples_files/icon_property_932503272.png" name="anonymousClass" refid="_17_0_5_1_43701b0_1461923350192_652670_3667"/><property classType="Property" humanType="Property" icon="ripples_files/icon_property_932503272.png" name="array" refid="_17_0_5_1_43701b0_1461923350191_778613_3663"/><operation classType="Operation" humanType="Operation" icon="ripples_files/icon_operation_1932009480.png" name="asSubclass" refid="_17_0_5_1_43701b0_1461923350190_687908_3660"/><property classType="Property" humanType="Property" icon="ripples_files/icon_property_932503272.png" name="canonicalName" refid="_17_0_5_1_43701b0_1461923350197_94274_3701"/><operation classType="Operation" humanType="Operation" icon="ripples_files/icon_operation_1932009480.png" name="cast" refid="_17_0_5_1_43701b0_1461923350190_526611_3659"/><property classType="Property" humanType="Property" icon="ripples_files/icon_property_932503272.png" name="classes" refid="_17_0_5_1_43701b0_1461923350195_599654_3686"/><property classType="Property" humanType="Property" icon="ripples_files/icon_property_932503272.png" name="componentType" refid="_17_0_5_1_43701b0_1461923350193_759632_3673"/><property classType="Property" humanType="Property" icon="ripples_files/icon_property_932503272.png" name="constructor" refid="_17_0_5_1_43701b0_1461923350196_365784_3692"/><property classType="Property" humanType="Property" icon="ripples_files/icon_property_932503272.png" name="constructors" refid="_17_0_5_1_43701b0_1461923350195_506922_3688"/><property classType="Property" humanType="Property" icon="ripples_files/icon_property_932503272.png" name="declaredClasses" refid="_17_0_5_1_43701b0_1461923350196_825962_3693"/><property classType="Property" humanType="Property" icon="ripples_files/icon_property_932503272.png" name="declaredConstructor" refid="_17_0_5_1_43701b0_1461923350197_342700_3699"/><property classType="Property" humanType="Property" icon="ripples_files/icon_property_932503272.png" name="declaredConstructors" refid="_17_0_5_1_43701b0_1461923350197_955092_3696"/><property classType="Property" humanType="Property" icon="ripples_files/icon_property_932503272.png" name="declaredField" refid="_17_0_5_1_43701b0_1461923350197_131549_3697"/><property classType="Property" humanType="Property" icon="ripples_files/icon_property_932503272.png" name="declaredFields" refid="_17_0_5_1_43701b0_1461923350196_791208_3694"/><property classType="Property" humanType="Property" icon="ripples_files/icon_property_932503272.png" name="declaredMethod" refid="_17_0_5_1_43701b0_1461923350197_556043_3698"/><property classType="Property" humanType="Property" icon="ripples_files/icon_property_932503272.png" name="declaredMethods" refid="_17_0_5_1_43701b0_1461923350196_374596_3695"/><property classType="Property" humanType="Property" icon="ripples_files/icon_property_932503272.png" name="declaringClass" refid="_17_0_5_1_43701b0_1461923350193_932641_3678"/><property classType="Property" humanType="Property" icon="ripples_files/icon_property_932503272.png" name="desiredAssertionStatus" refid="_17_0_5_1_43701b0_1461923350194_543432_3680"/><property classType="Property" humanType="Property" icon="ripples_files/icon_property_932503272.png" name="enclosingClass" refid="_17_0_5_1_43701b0_1461923350194_871827_3679"/><property classType="Property" humanType="Property" icon="ripples_files/icon_property_932503272.png" name="enclosingConstructor" refid="_17_0_5_1_43701b0_1461923350193_793967_3677"/><property classType="Property" humanType="Property" icon="ripples_files/icon_property_932503272.png" name="enclosingMethod" refid="_17_0_5_1_43701b0_1461923350193_757542_3676"/><property classType="Property" humanType="Property" icon="ripples_files/icon_property_932503272.png" name="enum" refid="_17_0_5_1_43701b0_1461923350194_510175_3681"/><property classType="Property" humanType="Property" icon="ripples_files/icon_property_932503272.png" name="enumConstants" refid="_17_0_5_1_43701b0_1461923350198_305987_3703"/><property classType="Property" humanType="Property" icon="ripples_files/icon_property_932503272.png" name="field" refid="_17_0_5_1_43701b0_1461923350195_869545_3690"/><property classType="Property" humanType="Property" icon="ripples_files/icon_property_932503272.png" name="fields" refid="_17_0_5_1_43701b0_1461923350195_335839_3689"/><operation classType="Operation" humanType="Operation" icon="ripples_files/icon_operation_1932009480.png" name="forName" refid="_17_0_5_1_43701b0_1461923350188_404432_3652"/><operation classType="Operation" humanType="Operation" icon="ripples_files/icon_operation_1932009480.png" name="forName" refid="_17_0_5_1_43701b0_1461923350188_148719_3653"/><property classType="Property" humanType="Property" icon="ripples_files/icon_property_932503272.png" name="genericInterfaces" refid="_17_0_5_1_43701b0_1461923350192_198109_3672"/><property classType="Property" humanType="Property" icon="ripples_files/icon_property_932503272.png" name="genericSuperClass" refid="_17_0_5_1_43701b0_1461923350192_972535_3669"/><operation classType="Operation" humanType="Operation" icon="ripples_files/icon_operation_1932009480.png" name="getClassLoader" refid="_17_0_5_1_43701b0_1461923350190_392014_3661"/><operation classType="Operation" humanType="Operation" icon="ripples_files/icon_operation_1932009480.png" name="getResource" refid="_17_0_5_1_43701b0_1461923350190_810211_3658"/><operation classType="Operation" humanType="Operation" icon="ripples_files/icon_operation_1932009480.png" name="getResourceAsStream" refid="_17_0_5_1_43701b0_1461923350189_588274_3657"/><property classType="Property" humanType="Property" icon="ripples_files/icon_property_932503272.png" name="instance" refid="_17_0_5_1_43701b0_1461923350191_554663_3662"/><property classType="Property" humanType="Property" icon="ripples_files/icon_property_932503272.png" name="interfaces" refid="_17_0_5_1_43701b0_1461923350192_658827_3671"/><operation classType="Operation" humanType="Operation" icon="ripples_files/icon_operation_1932009480.png" name="isAssignableFrom" refid="_17_0_5_1_43701b0_1461923350189_343169_3656"/><operation classType="Operation" humanType="Operation" icon="ripples_files/icon_operation_1932009480.png" name="isInstance" refid="_17_0_5_1_43701b0_1461923350189_694104_3655"/><property classType="Property" humanType="Property" icon="ripples_files/icon_property_932503272.png" name="localClass" refid="_17_0_5_1_43701b0_1461923350193_900333_3674"/><property classType="Property" humanType="Property" icon="ripples_files/icon_property_932503272.png" name="memberClass" refid="_17_0_5_1_43701b0_1461923350193_721140_3675"/><property classType="Property" humanType="Property" icon="ripples_files/icon_property_932503272.png" name="method" refid="_17_0_5_1_43701b0_1461923350196_123145_3691"/><property classType="Property" humanType="Property" icon="ripples_files/icon_property_932503272.png" name="methods" refid="_17_0_5_1_43701b0_1461923350195_955776_3687"/><property classType="Property" humanType="Property" icon="ripples_files/icon_property_932503272.png" name="modifiers" refid="_17_0_5_1_43701b0_1461923350194_8402_3683"/><property classType="Property" humanType="Property" icon="ripples_files/icon_property_932503272.png" name="name" refid="_17_0_5_1_43701b0_1461923350194_425442_3682"/><operation classType="Operation" humanType="Operation" icon="ripples_files/icon_operation_1932009480.png" name="newInstance" refid="_17_0_5_1_43701b0_1461923350189_157720_3654"/><property classType="Property" humanType="Property" icon="ripples_files/icon_property_932503272.png" name="package" refid="_17_0_5_1_43701b0_1461923350192_417474_3670"/><property classType="Property" humanType="Property" icon="ripples_files/icon_property_932503272.png" name="primitive" refid="_17_0_5_1_43701b0_1461923350191_346167_3664"/><property classType="Property" humanType="Property" icon="ripples_files/icon_property_932503272.png" name="protectionDomain" refid="_17_0_5_1_43701b0_1461923350198_236795_3702"/><property classType="Property" humanType="Property" icon="ripples_files/icon_property_932503272.png" name="signers" refid="_17_0_5_1_43701b0_1461923350194_830830_3684"/><property classType="Property" humanType="Property" icon="ripples_files/icon_property_932503272.png" name="simpleName" refid="_17_0_5_1_43701b0_1461923350195_545820_3685"/><property classType="Property" humanType="Property" icon="ripples_files/icon_property_932503272.png" name="superClass" refid="_17_0_5_1_43701b0_1461923350192_18947_3668"/><property classType="Property" humanType="Property" icon="ripples_files/icon_property_932503272.png" name="synthetic" refid="_17_0_5_1_43701b0_1461923350191_280691_3666"/><operation classType="Operation" humanType="Operation" icon="ripples_files/icon_operation_1932009480.png" name="toGenericString" refid="_17_0_5_1_43701b0_1461923350188_877079_3651"/><property classType="Property" humanType="Property" icon="ripples_files/icon_property_932503272.png" name="typeName" refid="_17_0_5_1_43701b0_1461923350197_2144_3700"/></ownedMember><ownedOperation humanName="Owned Operation"><operation classType="Operation" humanType="Operation" icon="ripples_files/icon_operation_1932009480.png" name="asSubclass" refid="_17_0_5_1_43701b0_1461923350190_687908_3660"/><operation classType="Operation" humanType="Operation" icon="ripples_files/icon_operation_1932009480.png" name="cast" refid="_17_0_5_1_43701b0_1461923350190_526611_3659"/><operation classType="Operation" humanType="Operation" icon="ripples_files/icon_operation_1932009480.png" name="forName" refid="_17_0_5_1_43701b0_1461923350188_404432_3652"/><operation classType="Operation" humanType="Operation" icon="ripples_files/icon_operation_1932009480.png" name="forName" refid="_17_0_5_1_43701b0_1461923350188_148719_3653"/><operation classType="Operation" humanType="Operation" icon="ripples_files/icon_operation_1932009480.png" name="getClassLoader" refid="_17_0_5_1_43701b0_1461923350190_392014_3661"/><operation classType="Operation" humanType="Operation" icon="ripples_files/icon_operation_1932009480.png" name="getResource" refid="_17_0_5_1_43701b0_1461923350190_810211_3658"/><operation classType="Operation" humanType="Operation" icon="ripples_files/icon_operation_1932009480.png" name="getResourceAsStream" refid="_17_0_5_1_43701b0_1461923350189_588274_3657"/><operation classType="Operation" humanType="Operation" icon="ripples_files/icon_operation_1932009480.png" name="isAssignableFrom" refid="_17_0_5_1_43701b0_1461923350189_343169_3656"/><operation classType="Operation" humanType="Operation" icon="ripples_files/icon_operation_1932009480.png" name="isInstance" refid="_17_0_5_1_43701b0_1461923350189_694104_3655"/><operation classType="Operation" humanType="Operation" icon="ripples_files/icon_operation_1932009480.png" name="newInstance" refid="_17_0_5_1_43701b0_1461923350189_157720_3654"/><operation classType="Operation" humanType="Operation" icon="ripples_files/icon_operation_1932009480.png" name="toGenericString" refid="_17_0_5_1_43701b0_1461923350188_877079_3651"/></ownedOperation><owner classType="Package" humanName="Owner" humanType="Package" icon="ripples_files/icon_package_1584688439.png" mode="s,e" name="Java Reflection" refid="_17_0_5_1_43701b0_1462171467184_515020_8291"/><owningPackage classType="Package" humanName="Owning Package" humanType="Package" icon="ripples_files/icon_package_1584688439.png" name="Java Reflection" refid="_17_0_5_1_43701b0_1462171467184_515020_8291"/><package classType="Package" humanName="Package" humanType="Package" icon="ripples_files/icon_package_1584688439.png" name="Java Reflection" refid="_17_0_5_1_43701b0_1462171467184_515020_8291"/><qualifiedName humanName="Qualified Name" mode="e">Java Reflection::Class</qualifiedName><realizedInterfaces humanName="Realized Interface" mode="s,e"><interface classType="Interface" humanType="Interface" icon="ripples_files/icon_interface_753692748.png" name="AnnotatedElement" refid="_17_0_5_1_43701b0_1461923350095_531597_3375"/><interface classType="Interface" humanType="Interface" icon="ripples_files/icon_interface_753692748.png" name="GenericDeclaration" refid="_17_0_5_1_43701b0_1461923350097_986189_3381"/><interface classType="Interface" humanType="Interface" icon="ripples_files/icon_interface_753692748.png" name="Type" refid="_17_0_5_1_43701b0_1461923350088_841582_3369"/></realizedInterfaces><role humanName="Role"><property classType="Property" humanType="Property" icon="ripples_files/icon_property_932503272.png" name="annotatedInterfaces" refid="_17_0_5_1_43701b0_1461923350200_596301_3705"/><property classType="Property" humanType="Property" icon="ripples_files/icon_property_932503272.png" name="annotatedSuperclass" refid="_17_0_5_1_43701b0_1461923350200_564761_3704"/><property classType="Property" humanType="Property" icon="ripples_files/icon_property_932503272.png" name="annotation" refid="_17_0_5_1_43701b0_1461923350191_243776_3665"/><property classType="Property" humanType="Property" icon="ripples_files/icon_property_932503272.png" name="anonymousClass" refid="_17_0_5_1_43701b0_1461923350192_652670_3667"/><property classType="Property" humanType="Property" icon="ripples_files/icon_property_932503272.png" name="array" refid="_17_0_5_1_43701b0_1461923350191_778613_3663"/><property classType="Property" humanType="Property" icon="ripples_files/icon_property_932503272.png" name="canonicalName" refid="_17_0_5_1_43701b0_1461923350197_94274_3701"/><property classType="Property" humanType="Property" icon="ripples_files/icon_property_932503272.png" name="classes" refid="_17_0_5_1_43701b0_1461923350195_599654_3686"/><property classType="Property" humanType="Property" icon="ripples_files/icon_property_932503272.png" name="componentType" refid="_17_0_5_1_43701b0_1461923350193_759632_3673"/><property classType="Property" humanType="Property" icon="ripples_files/icon_property_932503272.png" name="constructor" refid="_17_0_5_1_43701b0_1461923350196_365784_3692"/><property classType="Property" humanType="Property" icon="ripples_files/icon_property_932503272.png" name="constructors" refid="_17_0_5_1_43701b0_1461923350195_506922_3688"/><property classType="Property" humanType="Property" icon="ripples_files/icon_property_932503272.png" name="declaredClasses" refid="_17_0_5_1_43701b0_1461923350196_825962_3693"/><property classType="Property" humanType="Property" icon="ripples_files/icon_property_932503272.png" name="declaredConstructor" refid="_17_0_5_1_43701b0_1461923350197_342700_3699"/><property classType="Property" humanType="Property" icon="ripples_files/icon_property_932503272.png" name="declaredConstructors" refid="_17_0_5_1_43701b0_1461923350197_955092_3696"/><property classType="Property" humanType="Property" icon="ripples_files/icon_property_932503272.png" name="declaredField" refid="_17_0_5_1_43701b0_1461923350197_131549_3697"/><property classType="Property" humanType="Property" icon="ripples_files/icon_property_932503272.png" name="declaredFields" refid="_17_0_5_1_43701b0_1461923350196_791208_3694"/><property classType="Property" humanType="Property" icon="ripples_files/icon_property_932503272.png" name="declaredMethod" refid="_17_0_5_1_43701b0_1461923350197_556043_3698"/><property classType="Property" humanType="Property" icon="ripples_files/icon_property_932503272.png" name="declaredMethods" refid="_17_0_5_1_43701b0_1461923350196_374596_3695"/><property classType="Property" humanType="Property" icon="ripples_files/icon_property_932503272.png" name="declaringClass" refid="_17_0_5_1_43701b0_1461923350193_932641_3678"/><property classType="Property" humanType="Property" icon="ripples_files/icon_property_932503272.png" name="desiredAssertionStatus" refid="_17_0_5_1_43701b0_1461923350194_543432_3680"/><property classType="Property" humanType="Property" icon="ripples_files/icon_property_932503272.png" name="enclosingClass" refid="_17_0_5_1_43701b0_1461923350194_871827_3679"/><property classType="Property" humanType="Property" icon="ripples_files/icon_property_932503272.png" name="enclosingConstructor" refid="_17_0_5_1_43701b0_1461923350193_793967_3677"/><property classType="Property" humanType="Property" icon="ripples_files/icon_property_932503272.png" name="enclosingMethod" refid="_17_0_5_1_43701b0_1461923350193_757542_3676"/><property classType="Property" humanType="Property" icon="ripples_files/icon_property_932503272.png" name="enum" refid="_17_0_5_1_43701b0_1461923350194_510175_3681"/><property classType="Property" humanType="Property" icon="ripples_files/icon_property_932503272.png" name="enumConstants" refid="_17_0_5_1_43701b0_1461923350198_305987_3703"/><property classType="Property" humanType="Property" icon="ripples_files/icon_property_932503272.png" name="field" refid="_17_0_5_1_43701b0_1461923350195_869545_3690"/><property classType="Property" humanType="Property" icon="ripples_files/icon_property_932503272.png" name="fields" refid="_17_0_5_1_43701b0_1461923350195_335839_3689"/><property classType="Property" humanType="Property" icon="ripples_files/icon_property_932503272.png" name="genericInterfaces" refid="_17_0_5_1_43701b0_1461923350192_198109_3672"/><property classType="Property" humanType="Property" icon="ripples_files/icon_property_932503272.png" name="genericSuperClass" refid="_17_0_5_1_43701b0_1461923350192_972535_3669"/><property classType="Property" humanType="Property" icon="ripples_files/icon_property_932503272.png" name="instance" refid="_17_0_5_1_43701b0_1461923350191_554663_3662"/><property classType="Property" humanType="Property" icon="ripples_files/icon_property_932503272.png" name="interfaces" refid="_17_0_5_1_43701b0_1461923350192_658827_3671"/><property classType="Property" humanType="Property" icon="ripples_files/icon_property_932503272.png" name="localClass" refid="_17_0_5_1_43701b0_1461923350193_900333_3674"/><property classType="Property" humanType="Property" icon="ripples_files/icon_property_932503272.png" name="memberClass" refid="_17_0_5_1_43701b0_1461923350193_721140_3675"/><property classType="Property" humanType="Property" icon="ripples_files/icon_property_932503272.png" name="method" refid="_17_0_5_1_43701b0_1461923350196_123145_3691"/><property classType="Property" humanType="Property" icon="ripples_files/icon_property_932503272.png" name="methods" refid="_17_0_5_1_43701b0_1461923350195_955776_3687"/><property classType="Property" humanType="Property" icon="ripples_files/icon_property_932503272.png" name="modifiers" refid="_17_0_5_1_43701b0_1461923350194_8402_3683"/><property classType="Property" humanType="Property" icon="ripples_files/icon_property_932503272.png" name="name" refid="_17_0_5_1_43701b0_1461923350194_425442_3682"/><property classType="Property" humanType="Property" icon="ripples_files/icon_property_932503272.png" name="package" refid="_17_0_5_1_43701b0_1461923350192_417474_3670"/><property classType="Property" humanType="Property" icon="ripples_files/icon_property_932503272.png" name="primitive" refid="_17_0_5_1_43701b0_1461923350191_346167_3664"/><property classType="Property" humanType="Property" icon="ripples_files/icon_property_932503272.png" name="protectionDomain" refid="_17_0_5_1_43701b0_1461923350198_236795_3702"/><property classType="Property" humanType="Property" icon="ripples_files/icon_property_932503272.png" name="signers" refid="_17_0_5_1_43701b0_1461923350194_830830_3684"/><property classType="Property" humanType="Property" icon="ripples_files/icon_property_932503272.png" name="simpleName" refid="_17_0_5_1_43701b0_1461923350195_545820_3685"/><property classType="Property" humanType="Property" icon="ripples_files/icon_property_932503272.png" name="superClass" refid="_17_0_5_1_43701b0_1461923350192_18947_3668"/><property classType="Property" humanType="Property" icon="ripples_files/icon_property_932503272.png" name="synthetic" refid="_17_0_5_1_43701b0_1461923350191_280691_3666"/><property classType="Property" humanType="Property" icon="ripples_files/icon_property_932503272.png" name="typeName" refid="_17_0_5_1_43701b0_1461923350197_2144_3700"/></role><specifyingElement humanName="Specifying Element"><interface classType="Interface" humanType="Interface" icon="ripples_files/icon_interface_753692748.png" name="AnnotatedElement" refid="_17_0_5_1_43701b0_1461923350095_531597_3375"/><interface classType="Interface" humanType="Interface" icon="ripples_files/icon_interface_753692748.png" name="GenericDeclaration" refid="_17_0_5_1_43701b0_1461923350097_986189_3381"/><interface classType="Interface" humanType="Interface" icon="ripples_files/icon_interface_753692748.png" name="Type" refid="_17_0_5_1_43701b0_1461923350088_841582_3369"/></specifyingElement><superClass humanName="Super Class"><class classType="Class" humanType="Class" icon="ripples_files/icon_class_1403380247.png" name="Object" refid="_17_0_5_1_43701b0_1461923350105_682820_3411"/></superClass><TO_DO humanName="To Do" mode="s,e"/><visibility humanName="Visibility" mode="e">public</visibility><appearsIn><diagram classType="Diagram" humanType="Diagram" icon="ripples_files/icon_Class Diagram_62827829.png" name="Generics Associations" refid="_17_0_5_1_43701b0_1461923350141_67354_3505"/><diagram classType="Diagram" humanType="Diagram" icon="ripples_files/icon_Class Diagram_62827829.png" name="Core Hierarchy" refid="_17_0_5_1_43701b0_1461923350115_398316_3462"/><diagram classType="Diagram" humanType="Diagram" icon="ripples_files/icon_Class Diagram_62827829.png" name="Core Relationships" refid="_17_0_5_1_43701b0_1461923350148_642350_3526"/><diagram classType="Diagram" humanType="Diagram" icon="ripples_files/icon_Class Diagram_62827829.png" name="Annotations Hierarchy" refid="_17_0_5_1_43701b0_1461923350133_414887_3484"/><diagram classType="Diagram" humanType="Diagram" icon="ripples_files/icon_Class Diagram_62827829.png" name="Annotations Relationships" refid="_17_0_5_1_43701b0_1461923350169_961248_3589"/><diagram classType="Diagram" humanType="Diagram" icon="ripples_files/icon_Class Diagram_62827829.png" name="Generics Hierarchy" refid="_17_0_5_1_43701b0_1461923350162_929744_3568"/></appearsIn></class></magicdraw>