<?xml version="1.0" encoding="UTF-8"?><magicdraw><class classType="Class" humanType="Class" icon="ripples_files/icon_class_1403380247.png" id="_17_0_5_1_43701b0_1461923350099_796054_3387"><allGeneralClassifiers humanName="All General Classifiers"><class classType="Class" humanType="Class" icon="ripples_files/icon_class_1403380247.png" name="Object" refid="_17_0_5_1_43701b0_1461923350105_682820_3411"/></allGeneralClassifiers><allSpecifyingElements humanName="All Specifying Elements"><interface classType="Interface" humanType="Interface" icon="ripples_files/icon_interface_753692748.png" name="AnnotatedElement" refid="_17_0_5_1_43701b0_1461923350095_531597_3375"/></allSpecifyingElements><attribute humanName="Attribute"><property classType="Property" humanType="Property" icon="ripples_files/icon_property_932503272.png" name="implementationTitle" refid="_17_0_5_1_43701b0_1461923350213_2480_3790"/><property classType="Property" humanType="Property" icon="ripples_files/icon_property_932503272.png" name="implementationVendor" refid="_17_0_5_1_43701b0_1461923350213_487831_3792"/><property classType="Property" humanType="Property" icon="ripples_files/icon_property_932503272.png" name="implementationVersion" refid="_17_0_5_1_43701b0_1461923350213_976729_3791"/><property classType="Property" humanType="Property" icon="ripples_files/icon_property_932503272.png" name="name" refid="_17_0_5_1_43701b0_1461923350212_594345_3786"/><property classType="Property" humanType="Property" icon="ripples_files/icon_property_932503272.png" name="sealed" refid="_17_0_5_1_43701b0_1461923350213_205582_3793"/><property classType="Property" humanType="Property" icon="ripples_files/icon_property_932503272.png" name="specificationTitle" refid="_17_0_5_1_43701b0_1461923350212_137107_3787"/><property classType="Property" humanType="Property" icon="ripples_files/icon_property_932503272.png" name="specificationVendor" refid="_17_0_5_1_43701b0_1461923350213_776963_3789"/><property classType="Property" humanType="Property" icon="ripples_files/icon_property_932503272.png" name="specificationVersion" refid="_17_0_5_1_43701b0_1461923350213_966284_3788"/></attribute><clientDependency humanName="Client Dependency"><interfacerealization classType="InterfaceRealization" humanType="Interface Realization" icon="ripples_files/icon_interfacerealization_1172450799.png" isRelationship="true" name="Interface Realization[Package -&gt; AnnotatedElement]" refid="_17_0_5_1_43701b0_1461923350200_924028_3707"/></clientDependency><feature humanName="Feature"><operation classType="Operation" humanType="Operation" icon="ripples_files/icon_operation_1932009480.png" name="getPackage" refid="_17_0_5_1_43701b0_1461923350212_269533_3784"/><operation classType="Operation" humanType="Operation" icon="ripples_files/icon_operation_1932009480.png" name="getPackages" refid="_17_0_5_1_43701b0_1461923350212_855899_3785"/><property classType="Property" humanType="Property" icon="ripples_files/icon_property_932503272.png" name="implementationTitle" refid="_17_0_5_1_43701b0_1461923350213_2480_3790"/><property classType="Property" humanType="Property" icon="ripples_files/icon_property_932503272.png" name="implementationVendor" refid="_17_0_5_1_43701b0_1461923350213_487831_3792"/><property classType="Property" humanType="Property" icon="ripples_files/icon_property_932503272.png" name="implementationVersion" refid="_17_0_5_1_43701b0_1461923350213_976729_3791"/><operation classType="Operation" humanType="Operation" icon="ripples_files/icon_operation_1932009480.png" name="isCompatibleWith" refid="_17_0_5_1_43701b0_1461923350212_584179_3783"/><operation classType="Operation" humanType="Operation" icon="ripples_files/icon_operation_1932009480.png" name="isSealed" refid="_17_0_5_1_43701b0_1461923350212_235976_3782"/><property classType="Property" humanType="Property" icon="ripples_files/icon_property_932503272.png" name="name" refid="_17_0_5_1_43701b0_1461923350212_594345_3786"/><property classType="Property" humanType="Property" icon="ripples_files/icon_property_932503272.png" name="sealed" refid="_17_0_5_1_43701b0_1461923350213_205582_3793"/><property classType="Property" humanType="Property" icon="ripples_files/icon_property_932503272.png" name="specificationTitle" refid="_17_0_5_1_43701b0_1461923350212_137107_3787"/><property classType="Property" humanType="Property" icon="ripples_files/icon_property_932503272.png" name="specificationVendor" refid="_17_0_5_1_43701b0_1461923350213_776963_3789"/><property classType="Property" humanType="Property" icon="ripples_files/icon_property_932503272.png" name="specificationVersion" refid="_17_0_5_1_43701b0_1461923350213_966284_3788"/></feature><generalization humanName="Generalization"><generalization classType="Generalization" humanType="Generalization" icon="ripples_files/icon_generalization_1418550995.png" isRelationship="true" refid="_17_0_5_1_43701b0_1461923350211_273268_3781"/></generalization><interfaceRealization humanName="Interface Realization"><interfacerealization classType="InterfaceRealization" humanType="Interface Realization" icon="ripples_files/icon_interfacerealization_1172450799.png" isRelationship="true" name="Interface Realization[Package -&gt; AnnotatedElement]" refid="_17_0_5_1_43701b0_1461923350200_924028_3707"/></interfaceRealization><isAbstract humanName="Is Abstract" mode="s,e">false</isAbstract><isActive humanName="Is Active" mode="s,e">false</isActive><isFinalSpecialization humanName="Is Final Specialization" mode="e">false</isFinalSpecialization><isLeaf humanName="Is Leaf" mode="s,e">false</isLeaf><member humanName="Member"><operation classType="Operation" humanType="Operation" icon="ripples_files/icon_operation_1932009480.png" name="getPackage" refid="_17_0_5_1_43701b0_1461923350212_269533_3784"/><operation classType="Operation" humanType="Operation" icon="ripples_files/icon_operation_1932009480.png" name="getPackages" refid="_17_0_5_1_43701b0_1461923350212_855899_3785"/><property classType="Property" humanType="Property" icon="ripples_files/icon_property_932503272.png" name="implementationTitle" refid="_17_0_5_1_43701b0_1461923350213_2480_3790"/><property classType="Property" humanType="Property" icon="ripples_files/icon_property_932503272.png" name="implementationVendor" refid="_17_0_5_1_43701b0_1461923350213_487831_3792"/><property classType="Property" humanType="Property" icon="ripples_files/icon_property_932503272.png" name="implementationVersion" refid="_17_0_5_1_43701b0_1461923350213_976729_3791"/><operation classType="Operation" humanType="Operation" icon="ripples_files/icon_operation_1932009480.png" name="isCompatibleWith" refid="_17_0_5_1_43701b0_1461923350212_584179_3783"/><operation classType="Operation" humanType="Operation" icon="ripples_files/icon_operation_1932009480.png" name="isSealed" refid="_17_0_5_1_43701b0_1461923350212_235976_3782"/><property classType="Property" humanType="Property" icon="ripples_files/icon_property_932503272.png" name="name" refid="_17_0_5_1_43701b0_1461923350212_594345_3786"/><property classType="Property" humanType="Property" icon="ripples_files/icon_property_932503272.png" name="sealed" refid="_17_0_5_1_43701b0_1461923350213_205582_3793"/><property classType="Property" humanType="Property" icon="ripples_files/icon_property_932503272.png" name="specificationTitle" refid="_17_0_5_1_43701b0_1461923350212_137107_3787"/><property classType="Property" humanType="Property" icon="ripples_files/icon_property_932503272.png" name="specificationVendor" refid="_17_0_5_1_43701b0_1461923350213_776963_3789"/><property classType="Property" humanType="Property" icon="ripples_files/icon_property_932503272.png" name="specificationVersion" refid="_17_0_5_1_43701b0_1461923350213_966284_3788"/></member><name humanName="Name" mode="s,e">Package</name><namespace classType="Package" humanName="Namespace" humanType="Package" icon="ripples_files/icon_package_1584688439.png" name="Java Reflection" refid="_17_0_5_1_43701b0_1462171467184_515020_8291"/><ownedAttribute humanName="Owned Attribute"><property classType="Property" humanType="Property" icon="ripples_files/icon_property_932503272.png" name="implementationTitle" refid="_17_0_5_1_43701b0_1461923350213_2480_3790"/><property classType="Property" humanType="Property" icon="ripples_files/icon_property_932503272.png" name="implementationVendor" refid="_17_0_5_1_43701b0_1461923350213_487831_3792"/><property classType="Property" humanType="Property" icon="ripples_files/icon_property_932503272.png" name="implementationVersion" refid="_17_0_5_1_43701b0_1461923350213_976729_3791"/><property classType="Property" humanType="Property" icon="ripples_files/icon_property_932503272.png" name="name" refid="_17_0_5_1_43701b0_1461923350212_594345_3786"/><property classType="Property" humanType="Property" icon="ripples_files/icon_property_932503272.png" name="sealed" refid="_17_0_5_1_43701b0_1461923350213_205582_3793"/><property classType="Property" humanType="Property" icon="ripples_files/icon_property_932503272.png" name="specificationTitle" refid="_17_0_5_1_43701b0_1461923350212_137107_3787"/><property classType="Property" humanType="Property" icon="ripples_files/icon_property_932503272.png" name="specificationVendor" refid="_17_0_5_1_43701b0_1461923350213_776963_3789"/><property classType="Property" humanType="Property" icon="ripples_files/icon_property_932503272.png" name="specificationVersion" refid="_17_0_5_1_43701b0_1461923350213_966284_3788"/></ownedAttribute><ownedElement humanName="Owned Element"><generalization classType="Generalization" humanType="Generalization" icon="ripples_files/icon_generalization_1418550995.png" isRelationship="true" refid="_17_0_5_1_43701b0_1461923350211_273268_3781"/><operation classType="Operation" humanType="Operation" icon="ripples_files/icon_operation_1932009480.png" name="getPackage" refid="_17_0_5_1_43701b0_1461923350212_269533_3784"/><operation classType="Operation" humanType="Operation" icon="ripples_files/icon_operation_1932009480.png" name="getPackages" refid="_17_0_5_1_43701b0_1461923350212_855899_3785"/><property classType="Property" humanType="Property" icon="ripples_files/icon_property_932503272.png" name="implementationTitle" refid="_17_0_5_1_43701b0_1461923350213_2480_3790"/><property classType="Property" humanType="Property" icon="ripples_files/icon_property_932503272.png" name="implementationVendor" refid="_17_0_5_1_43701b0_1461923350213_487831_3792"/><property classType="Property" humanType="Property" icon="ripples_files/icon_property_932503272.png" name="implementationVersion" refid="_17_0_5_1_43701b0_1461923350213_976729_3791"/><interfacerealization classType="InterfaceRealization" humanType="Interface Realization" icon="ripples_files/icon_interfacerealization_1172450799.png" isRelationship="true" name="Interface Realization[Package -&gt; AnnotatedElement]" refid="_17_0_5_1_43701b0_1461923350200_924028_3707"/><operation classType="Operation" humanType="Operation" icon="ripples_files/icon_operation_1932009480.png" name="isCompatibleWith" refid="_17_0_5_1_43701b0_1461923350212_584179_3783"/><operation classType="Operation" humanType="Operation" icon="ripples_files/icon_operation_1932009480.png" name="isSealed" refid="_17_0_5_1_43701b0_1461923350212_235976_3782"/><property classType="Property" humanType="Property" icon="ripples_files/icon_property_932503272.png" name="name" refid="_17_0_5_1_43701b0_1461923350212_594345_3786"/><property classType="Property" humanType="Property" icon="ripples_files/icon_property_932503272.png" name="sealed" refid="_17_0_5_1_43701b0_1461923350213_205582_3793"/><property classType="Property" humanType="Property" icon="ripples_files/icon_property_932503272.png" name="specificationTitle" refid="_17_0_5_1_43701b0_1461923350212_137107_3787"/><property classType="Property" humanType="Property" icon="ripples_files/icon_property_932503272.png" name="specificationVendor" refid="_17_0_5_1_43701b0_1461923350213_776963_3789"/><property classType="Property" humanType="Property" icon="ripples_files/icon_property_932503272.png" name="specificationVersion" refid="_17_0_5_1_43701b0_1461923350213_966284_3788"/></ownedElement><ownedMember humanName="Owned Member"><operation classType="Operation" humanType="Operation" icon="ripples_files/icon_operation_1932009480.png" name="getPackage" refid="_17_0_5_1_43701b0_1461923350212_269533_3784"/><operation classType="Operation" humanType="Operation" icon="ripples_files/icon_operation_1932009480.png" name="getPackages" refid="_17_0_5_1_43701b0_1461923350212_855899_3785"/><property classType="Property" humanType="Property" icon="ripples_files/icon_property_932503272.png" name="implementationTitle" refid="_17_0_5_1_43701b0_1461923350213_2480_3790"/><property classType="Property" humanType="Property" icon="ripples_files/icon_property_932503272.png" name="implementationVendor" refid="_17_0_5_1_43701b0_1461923350213_487831_3792"/><property classType="Property" humanType="Property" icon="ripples_files/icon_property_932503272.png" name="implementationVersion" refid="_17_0_5_1_43701b0_1461923350213_976729_3791"/><operation classType="Operation" humanType="Operation" icon="ripples_files/icon_operation_1932009480.png" name="isCompatibleWith" refid="_17_0_5_1_43701b0_1461923350212_584179_3783"/><operation classType="Operation" humanType="Operation" icon="ripples_files/icon_operation_1932009480.png" name="isSealed" refid="_17_0_5_1_43701b0_1461923350212_235976_3782"/><property classType="Property" humanType="Property" icon="ripples_files/icon_property_932503272.png" name="name" refid="_17_0_5_1_43701b0_1461923350212_594345_3786"/><property classType="Property" humanType="Property" icon="ripples_files/icon_property_932503272.png" name="sealed" refid="_17_0_5_1_43701b0_1461923350213_205582_3793"/><property classType="Property" humanType="Property" icon="ripples_files/icon_property_932503272.png" name="specificationTitle" refid="_17_0_5_1_43701b0_1461923350212_137107_3787"/><property classType="Property" humanType="Property" icon="ripples_files/icon_property_932503272.png" name="specificationVendor" refid="_17_0_5_1_43701b0_1461923350213_776963_3789"/><property classType="Property" humanType="Property" icon="ripples_files/icon_property_932503272.png" name="specificationVersion" refid="_17_0_5_1_43701b0_1461923350213_966284_3788"/></ownedMember><ownedOperation humanName="Owned Operation"><operation classType="Operation" humanType="Operation" icon="ripples_files/icon_operation_1932009480.png" name="getPackage" refid="_17_0_5_1_43701b0_1461923350212_269533_3784"/><operation classType="Operation" humanType="Operation" icon="ripples_files/icon_operation_1932009480.png" name="getPackages" refid="_17_0_5_1_43701b0_1461923350212_855899_3785"/><operation classType="Operation" humanType="Operation" icon="ripples_files/icon_operation_1932009480.png" name="isCompatibleWith" refid="_17_0_5_1_43701b0_1461923350212_584179_3783"/><operation classType="Operation" humanType="Operation" icon="ripples_files/icon_operation_1932009480.png" name="isSealed" refid="_17_0_5_1_43701b0_1461923350212_235976_3782"/></ownedOperation><owner classType="Package" humanName="Owner" humanType="Package" icon="ripples_files/icon_package_1584688439.png" mode="s,e" name="Java Reflection" refid="_17_0_5_1_43701b0_1462171467184_515020_8291"/><owningPackage classType="Package" humanName="Owning Package" humanType="Package" icon="ripples_files/icon_package_1584688439.png" name="Java Reflection" refid="_17_0_5_1_43701b0_1462171467184_515020_8291"/><package classType="Package" humanName="Package" humanType="Package" icon="ripples_files/icon_package_1584688439.png" name="Java Reflection" refid="_17_0_5_1_43701b0_1462171467184_515020_8291"/><qualifiedName humanName="Qualified Name" mode="e">Java Reflection::Package</qualifiedName><realizedInterfaces humanName="Realized Interface" mode="s,e"><interface classType="Interface" humanType="Interface" icon="ripples_files/icon_interface_753692748.png" name="AnnotatedElement" refid="_17_0_5_1_43701b0_1461923350095_531597_3375"/></realizedInterfaces><role humanName="Role"><property classType="Property" humanType="Property" icon="ripples_files/icon_property_932503272.png" name="implementationTitle" refid="_17_0_5_1_43701b0_1461923350213_2480_3790"/><property classType="Property" humanType="Property" icon="ripples_files/icon_property_932503272.png" name="implementationVendor" refid="_17_0_5_1_43701b0_1461923350213_487831_3792"/><property classType="Property" humanType="Property" icon="ripples_files/icon_property_932503272.png" name="implementationVersion" refid="_17_0_5_1_43701b0_1461923350213_976729_3791"/><property classType="Property" humanType="Property" icon="ripples_files/icon_property_932503272.png" name="name" refid="_17_0_5_1_43701b0_1461923350212_594345_3786"/><property classType="Property" humanType="Property" icon="ripples_files/icon_property_932503272.png" name="sealed" refid="_17_0_5_1_43701b0_1461923350213_205582_3793"/><property classType="Property" humanType="Property" icon="ripples_files/icon_property_932503272.png" name="specificationTitle" refid="_17_0_5_1_43701b0_1461923350212_137107_3787"/><property classType="Property" humanType="Property" icon="ripples_files/icon_property_932503272.png" name="specificationVendor" refid="_17_0_5_1_43701b0_1461923350213_776963_3789"/><property classType="Property" humanType="Property" icon="ripples_files/icon_property_932503272.png" name="specificationVersion" refid="_17_0_5_1_43701b0_1461923350213_966284_3788"/></role><specifyingElement humanName="Specifying Element"><interface classType="Interface" humanType="Interface" icon="ripples_files/icon_interface_753692748.png" name="AnnotatedElement" refid="_17_0_5_1_43701b0_1461923350095_531597_3375"/></specifyingElement><superClass humanName="Super Class"><class classType="Class" humanType="Class" icon="ripples_files/icon_class_1403380247.png" name="Object" refid="_17_0_5_1_43701b0_1461923350105_682820_3411"/></superClass><TO_DO humanName="To Do" mode="s,e"/><visibility humanName="Visibility" mode="e">public</visibility><appearsIn><diagram classType="Diagram" humanType="Diagram" icon="ripples_files/icon_Class Diagram_62827829.png" name="Core Hierarchy" refid="_17_0_5_1_43701b0_1461923350115_398316_3462"/><diagram classType="Diagram" humanType="Diagram" icon="ripples_files/icon_Class Diagram_62827829.png" name="Core Relationships" refid="_17_0_5_1_43701b0_1461923350148_642350_3526"/><diagram classType="Diagram" humanType="Diagram" icon="ripples_files/icon_Class Diagram_62827829.png" name="Annotations Hierarchy" refid="_17_0_5_1_43701b0_1461923350133_414887_3484"/></appearsIn></class></magicdraw>