<?xml version="1.0" encoding="UTF-8"?><magicdraw><property classType="Property" humanType="Property" icon="ripples_files/icon_property_932503272.png" id="_17_0_5_1_43701b0_1461923350248_398052_3951"><aggregation humanName="Aggregation" mode="s,e">none</aggregation><associationEnd classType="Property" humanName="Association End" humanType="Property" icon="ripples_files/icon_property_932503272.png" name="field" refid="_17_0_5_1_43701b0_1461923350195_869545_3690"/><isComposite humanName="Is Composite">false</isComposite><isDerived humanName="Is Derived" mode="s,e">false</isDerived><isDerivedUnion humanName="Is Derived Union" mode="s,e">false</isDerivedUnion><isID humanName="Is ID" mode="e">false</isID><isLeaf humanName="Is Leaf" mode="s,e">false</isLeaf><isOrdered humanName="Is Ordered" mode="s,e">false</isOrdered><isReadOnly humanName="Is Read Only" mode="s,e">false</isReadOnly><isStatic humanName="Is Static" mode="s,e">false</isStatic><isUnique humanName="Is Unique" mode="e">true</isUnique><lower humanName="Lower">1</lower><multiplicity humanName="Multiplicity" mode="s,e"/><multiplicity humanName="Multiplicity" mode="s,e"/><name humanName="Name" mode="s,e">name</name><navigable humanName="Navigable">false</navigable><ownedBy classType="Property" humanName="Owned By" humanType="Property" icon="ripples_files/icon_property_932503272.png" name="field" refid="_17_0_5_1_43701b0_1461923350195_869545_3690"/><owner classType="Property" humanName="Owner" humanType="Property" icon="ripples_files/icon_property_932503272.png" mode="s,e" name="field" refid="_17_0_5_1_43701b0_1461923350195_869545_3690"/><qualifiedName humanName="Qualified Name" mode="e">Java Reflection::Class::field::name</qualifiedName><TO_DO humanName="To Do" mode="s,e"/><type classType="PrimitiveType" humanName="Type" humanType="Primitive Type" icon="ripples_files/icon_primitivetype_1048842522.png" mode="s,e" name="String" refid="_9_0_2_91a0295_1110274713995_297054_0"/><TYPE_MODIFIER humanName="Type Modifier" mode="e"/><upper humanName="Upper">1</upper><visibility humanName="Visibility" mode="s,e">private</visibility></property></magicdraw>