<?xml version="1.0" encoding="UTF-8"?><magicdraw><literalunlimitednatural classType="LiteralUnlimitedNatural" humanType="Literal Unlimited Natural" icon="ripples_files/icon_literalunlimitednatural_1874326541.png" id="_17_0_5_1_43701b0_1461923350251_238310_3985"><name humanName="Name"/><owner classType="Property" humanName="Owner" humanType="Property" icon="ripples_files/icon_property_932503272.png" mode="e" name="annotation" refid="_17_0_5_1_43701b0_1461923350201_640221_3712"/><owningUpper classType="Property" humanName="Owning Upper" humanType="Property" icon="ripples_files/icon_property_932503272.png" name="annotation" refid="_17_0_5_1_43701b0_1461923350201_640221_3712"/><qualifiedName humanName="Qualified Name">Java Reflection::AnnotatedElement::annotation::</qualifiedName><text humanName="Text" mode="standard">1</text><TO_DO humanName="To Do"/><TYPE_MODIFIER humanName="Type Modifier"/><value humanName="Value" mode="s,e">1</value><visibility humanName="Visibility">public</visibility></literalunlimitednatural></magicdraw>