<?xml version="1.0" encoding="UTF-8"?><magicdraw><operation classType="Operation" humanType="Operation" icon="ripples_files/icon_operation_1932009480.png" id="_17_0_5_1_43701b0_1461923350212_855899_3785"><UMLClass classType="Class" humanName="Class" humanType="Class" icon="ripples_files/icon_class_1403380247.png" name="Package" refid="_17_0_5_1_43701b0_1461923350099_796054_3387"/><concurrency humanName="Concurrency" mode="e">sequential</concurrency><featuringClassifier classType="Class" humanName="Featuring Classifier" humanType="Class" icon="ripples_files/icon_class_1403380247.png" name="Package" refid="_17_0_5_1_43701b0_1461923350099_796054_3387"/><isAbstract humanName="Is Abstract" mode="s,e">false</isAbstract><isLeaf humanName="Is Leaf" mode="e">false</isLeaf><isOrdered humanName="Is Ordered">false</isOrdered><isQuery humanName="Is Query" mode="e">false</isQuery><isStatic humanName="Is Static" mode="s,e">true</isStatic><isUnique humanName="Is Unique">true</isUnique><lower humanName="Lower">0</lower><member humanName="Member"><parameter classType="Parameter" humanType="Parameter" icon="ripples_files/icon_parameter_572370257.png" name="return  : Package [*]" refid="_17_0_5_1_43701b0_1461923350261_809087_4101"/></member><name humanName="Name" mode="s,e">getPackages</name><namespace classType="Class" humanName="Namespace" humanType="Class" icon="ripples_files/icon_class_1403380247.png" name="Package" refid="_17_0_5_1_43701b0_1461923350099_796054_3387"/><ownedElement humanName="Owned Element"><parameter classType="Parameter" humanType="Parameter" icon="ripples_files/icon_parameter_572370257.png" name="return  : Package [*]" refid="_17_0_5_1_43701b0_1461923350261_809087_4101"/></ownedElement><ownedMember humanName="Owned Member"><parameter classType="Parameter" humanType="Parameter" icon="ripples_files/icon_parameter_572370257.png" name="return  : Package [*]" refid="_17_0_5_1_43701b0_1461923350261_809087_4101"/></ownedMember><ownedParameter humanName="Owned Parameter"><parameter classType="Parameter" humanType="Parameter" icon="ripples_files/icon_parameter_572370257.png" name="return  : Package [*]" refid="_17_0_5_1_43701b0_1461923350261_809087_4101"/></ownedParameter><owner classType="Class" humanName="Owner" humanType="Class" icon="ripples_files/icon_class_1403380247.png" mode="s,e" name="Package" refid="_17_0_5_1_43701b0_1461923350099_796054_3387"/><qualifiedName humanName="Qualified Name" mode="e">Java Reflection::Package::getPackages</qualifiedName><redefinitionContext humanName="Redefinition Context"><class classType="Class" humanType="Class" icon="ripples_files/icon_class_1403380247.png" name="Package" refid="_17_0_5_1_43701b0_1461923350099_796054_3387"/></redefinitionContext><TO_DO humanName="To Do" mode="s,e"/><type classType="Class" humanName="Type" humanType="Class" icon="ripples_files/icon_class_1403380247.png" mode="s,e" name="Package" refid="_17_0_5_1_43701b0_1461923350099_796054_3387"/><TYPE_MODIFIER humanName="Type Modifier" mode="e"/><upper humanName="Upper">-1</upper><visibility humanName="Visibility" mode="s,e">public</visibility></operation></magicdraw>