<?xml version="1.0" encoding="UTF-8"?><magicdraw><interface classType="Interface" humanType="Interface" icon="ripples_files/icon_interface_753692748.png" id="_17_0_5_1_43701b0_1461923350093_426228_3373"><allGeneralClassifiers humanName="All General Classifiers"><interface classType="Interface" humanType="Interface" icon="ripples_files/icon_interface_753692748.png" name="Type" refid="_17_0_5_1_43701b0_1461923350088_841582_3369"/></allGeneralClassifiers><attribute humanName="Attribute"><property classType="Property" humanType="Property" icon="ripples_files/icon_property_932503272.png" name="lowerBounds" refid="_17_0_5_1_43701b0_1461923350187_87460_3646"/><property classType="Property" humanType="Property" icon="ripples_files/icon_property_932503272.png" name="upperBounds" refid="_17_0_5_1_43701b0_1461923350187_772813_3647"/></attribute><feature humanName="Feature"><property classType="Property" humanType="Property" icon="ripples_files/icon_property_932503272.png" name="lowerBounds" refid="_17_0_5_1_43701b0_1461923350187_87460_3646"/><property classType="Property" humanType="Property" icon="ripples_files/icon_property_932503272.png" name="upperBounds" refid="_17_0_5_1_43701b0_1461923350187_772813_3647"/></feature><general humanName="General"><interface classType="Interface" humanType="Interface" icon="ripples_files/icon_interface_753692748.png" name="Type" refid="_17_0_5_1_43701b0_1461923350088_841582_3369"/></general><generalization humanName="Generalization"><generalization classType="Generalization" humanType="Generalization" icon="ripples_files/icon_generalization_1418550995.png" isRelationship="true" refid="_17_0_5_1_43701b0_1461923350185_660278_3632"/></generalization><inheritedMember humanName="Inherited Member"><property classType="Property" humanType="Property" icon="ripples_files/icon_property_932503272.png" name="typeName" refid="_17_0_5_1_43701b0_1461923350185_60187_3636"/></inheritedMember><isAbstract humanName="Is Abstract" mode="s,e">false</isAbstract><isFinalSpecialization humanName="Is Final Specialization" mode="e">false</isFinalSpecialization><isLeaf humanName="Is Leaf" mode="e">false</isLeaf><member humanName="Member"><property classType="Property" humanType="Property" icon="ripples_files/icon_property_932503272.png" name="lowerBounds" refid="_17_0_5_1_43701b0_1461923350187_87460_3646"/><property classType="Property" humanType="Property" icon="ripples_files/icon_property_932503272.png" name="typeName" refid="_17_0_5_1_43701b0_1461923350185_60187_3636"/><property classType="Property" humanType="Property" icon="ripples_files/icon_property_932503272.png" name="upperBounds" refid="_17_0_5_1_43701b0_1461923350187_772813_3647"/></member><name humanName="Name" mode="s,e">WildcardType</name><namespace classType="Package" humanName="Namespace" humanType="Package" icon="ripples_files/icon_package_1584688439.png" name="Java Reflection" refid="_17_0_5_1_43701b0_1462171467184_515020_8291"/><ownedAttribute humanName="Owned Attribute"><property classType="Property" humanType="Property" icon="ripples_files/icon_property_932503272.png" name="lowerBounds" refid="_17_0_5_1_43701b0_1461923350187_87460_3646"/><property classType="Property" humanType="Property" icon="ripples_files/icon_property_932503272.png" name="upperBounds" refid="_17_0_5_1_43701b0_1461923350187_772813_3647"/></ownedAttribute><ownedElement humanName="Owned Element"><generalization classType="Generalization" humanType="Generalization" icon="ripples_files/icon_generalization_1418550995.png" isRelationship="true" refid="_17_0_5_1_43701b0_1461923350185_660278_3632"/><property classType="Property" humanType="Property" icon="ripples_files/icon_property_932503272.png" name="lowerBounds" refid="_17_0_5_1_43701b0_1461923350187_87460_3646"/><property classType="Property" humanType="Property" icon="ripples_files/icon_property_932503272.png" name="upperBounds" refid="_17_0_5_1_43701b0_1461923350187_772813_3647"/></ownedElement><ownedMember humanName="Owned Member"><property classType="Property" humanType="Property" icon="ripples_files/icon_property_932503272.png" name="lowerBounds" refid="_17_0_5_1_43701b0_1461923350187_87460_3646"/><property classType="Property" humanType="Property" icon="ripples_files/icon_property_932503272.png" name="upperBounds" refid="_17_0_5_1_43701b0_1461923350187_772813_3647"/></ownedMember><owner classType="Package" humanName="Owner" humanType="Package" icon="ripples_files/icon_package_1584688439.png" mode="s,e" name="Java Reflection" refid="_17_0_5_1_43701b0_1462171467184_515020_8291"/><owningPackage classType="Package" humanName="Owning Package" humanType="Package" icon="ripples_files/icon_package_1584688439.png" name="Java Reflection" refid="_17_0_5_1_43701b0_1462171467184_515020_8291"/><package classType="Package" humanName="Package" humanType="Package" icon="ripples_files/icon_package_1584688439.png" name="Java Reflection" refid="_17_0_5_1_43701b0_1462171467184_515020_8291"/><qualifiedName humanName="Qualified Name" mode="e">Java Reflection::WildcardType</qualifiedName><TO_DO humanName="To Do" mode="s,e"/><visibility humanName="Visibility">public</visibility><appearsIn><diagram classType="Diagram" humanType="Diagram" icon="ripples_files/icon_Class Diagram_62827829.png" name="Generics Associations" refid="_17_0_5_1_43701b0_1461923350141_67354_3505"/><diagram classType="Diagram" humanType="Diagram" icon="ripples_files/icon_Class Diagram_62827829.png" name="Generics Hierarchy" refid="_17_0_5_1_43701b0_1461923350162_929744_3568"/></appearsIn></interface></magicdraw>