<?xml version="1.0" encoding="UTF-8"?><magicdraw><property classType="Property" humanType="Property" icon="ripples_files/icon_property_932503272.png" id="_17_0_5_1_43701b0_1461923350216_135351_3824"><aggregation humanName="Aggregation" mode="s,e">none</aggregation><association classType="Association" humanName="Association" humanType="Association" icon="ripples_files/icon_association_399155742.png" isRelationship="true" name="Association[Member -&gt; declaringClass:Class]" refid="_17_0_5_1_43701b0_1461923350105_932319_3412"/><classifier classType="Interface" humanName="Classifier" humanType="Interface" icon="ripples_files/icon_interface_753692748.png" name="Member" refid="_17_0_5_1_43701b0_1461923350105_720350_3410"/><featuringClassifier classType="Interface" humanName="Featuring Classifier" humanType="Interface" icon="ripples_files/icon_interface_753692748.png" name="Member" refid="_17_0_5_1_43701b0_1461923350105_720350_3410"/><interface classType="Interface" humanName="Interface" humanType="Interface" icon="ripples_files/icon_interface_753692748.png" name="Member" refid="_17_0_5_1_43701b0_1461923350105_720350_3410"/><isComposite humanName="Is Composite">false</isComposite><isDerived humanName="Is Derived" mode="s,e">false</isDerived><isDerivedUnion humanName="Is Derived Union" mode="s,e">false</isDerivedUnion><isID humanName="Is ID" mode="e">false</isID><isLeaf humanName="Is Leaf" mode="s,e">false</isLeaf><isOrdered humanName="Is Ordered" mode="s,e">false</isOrdered><isReadOnly humanName="Is Read Only" mode="s,e">false</isReadOnly><isStatic humanName="Is Static" mode="s,e">false</isStatic><isUnique humanName="Is Unique" mode="e">true</isUnique><lower humanName="Lower">1</lower><lowerValue classType="LiteralInteger" humanName="Lower Value" humanType="Literal Integer" icon="ripples_files/icon_literalinteger_182673449.png" name="1" refid="_17_0_5_1_43701b0_1461923350262_164599_4111" text="1"/><multiplicity humanName="Multiplicity" mode="s,e">1</multiplicity><multiplicity humanName="Multiplicity" mode="s,e">1</multiplicity><name humanName="Name" mode="s,e">declaringClass</name><namespace classType="Interface" humanName="Namespace" humanType="Interface" icon="ripples_files/icon_interface_753692748.png" name="Member" refid="_17_0_5_1_43701b0_1461923350105_720350_3410"/><navigable humanName="Navigable">true</navigable><opposite classType="Property" humanName="Opposite" humanType="Property" icon="ripples_files/icon_property_932503272.png" name=" : Member" refid="_17_0_5_1_43701b0_1461923350217_175219_3828"/><ownedBy classType="Interface" humanName="Owned By" humanType="Interface" icon="ripples_files/icon_interface_753692748.png" name="Member" refid="_17_0_5_1_43701b0_1461923350105_720350_3410"/><ownedElement humanName="Owned Element"><literalinteger classType="LiteralInteger" humanType="Literal Integer" icon="ripples_files/icon_literalinteger_182673449.png" name="1" refid="_17_0_5_1_43701b0_1461923350262_164599_4111" text="1"/><literalunlimitednatural classType="LiteralUnlimitedNatural" humanType="Literal Unlimited Natural" icon="ripples_files/icon_literalunlimitednatural_1874326541.png" name="1" refid="_17_0_5_1_43701b0_1461923350262_801469_4110" text="1"/></ownedElement><owner classType="Interface" humanName="Owner" humanType="Interface" icon="ripples_files/icon_interface_753692748.png" mode="s,e" name="Member" refid="_17_0_5_1_43701b0_1461923350105_720350_3410"/><qualifiedName humanName="Qualified Name" mode="e">Java Reflection::Member::declaringClass</qualifiedName><redefinitionContext humanName="Redefinition Context"><interface classType="Interface" humanType="Interface" icon="ripples_files/icon_interface_753692748.png" name="Member" refid="_17_0_5_1_43701b0_1461923350105_720350_3410"/></redefinitionContext><TO_DO humanName="To Do" mode="s,e"/><type classType="Class" humanName="Type" humanType="Class" icon="ripples_files/icon_class_1403380247.png" mode="s,e" name="Class" refid="_17_0_5_1_43701b0_1461923350094_55897_3374"/><TYPE_MODIFIER humanName="Type Modifier" mode="e"/><upper humanName="Upper">1</upper><upperValue classType="LiteralUnlimitedNatural" humanName="Upper Value" humanType="Literal Unlimited Natural" icon="ripples_files/icon_literalunlimitednatural_1874326541.png" name="1" refid="_17_0_5_1_43701b0_1461923350262_801469_4110" text="1"/><visibility humanName="Visibility" mode="s,e">public</visibility></property></magicdraw>