<?xml version="1.0" encoding="UTF-8"?><magicdraw><operation classType="Operation" humanType="Operation" icon="ripples_files/icon_operation_1932009480.png" id="_17_0_5_1_43701b0_1461923350209_506417_3764"><UMLClass classType="Class" humanName="Class" humanType="Class" icon="ripples_files/icon_class_1403380247.png" name="Field" refid="_17_0_5_1_43701b0_1461923350098_684609_3385"/><concurrency humanName="Concurrency" mode="e">sequential</concurrency><featuringClassifier classType="Class" humanName="Featuring Classifier" humanType="Class" icon="ripples_files/icon_class_1403380247.png" name="Field" refid="_17_0_5_1_43701b0_1461923350098_684609_3385"/><isAbstract humanName="Is Abstract" mode="s,e">false</isAbstract><isLeaf humanName="Is Leaf" mode="e">false</isLeaf><isOrdered humanName="Is Ordered">false</isOrdered><isQuery humanName="Is Query" mode="e">false</isQuery><isStatic humanName="Is Static" mode="s,e">false</isStatic><isUnique humanName="Is Unique">true</isUnique><lower humanName="Lower">1</lower><member humanName="Member"><parameter classType="Parameter" humanType="Parameter" icon="ripples_files/icon_parameter_572370257.png" name="obj" refid="_17_0_5_1_43701b0_1461923350257_463964_4061"/><parameter classType="Parameter" humanType="Parameter" icon="ripples_files/icon_parameter_572370257.png" name="return  : byte" refid="_17_0_5_1_43701b0_1461923350258_380391_4063"/><parameter classType="Parameter" humanType="Parameter" icon="ripples_files/icon_parameter_572370257.png" name="value" refid="_17_0_5_1_43701b0_1461923350258_590286_4062"/></member><name humanName="Name" mode="s,e">setByte</name><namespace classType="Class" humanName="Namespace" humanType="Class" icon="ripples_files/icon_class_1403380247.png" name="Field" refid="_17_0_5_1_43701b0_1461923350098_684609_3385"/><ownedElement humanName="Owned Element"><parameter classType="Parameter" humanType="Parameter" icon="ripples_files/icon_parameter_572370257.png" name="obj" refid="_17_0_5_1_43701b0_1461923350257_463964_4061"/><parameter classType="Parameter" humanType="Parameter" icon="ripples_files/icon_parameter_572370257.png" name="return  : byte" refid="_17_0_5_1_43701b0_1461923350258_380391_4063"/><parameter classType="Parameter" humanType="Parameter" icon="ripples_files/icon_parameter_572370257.png" name="value" refid="_17_0_5_1_43701b0_1461923350258_590286_4062"/></ownedElement><ownedMember humanName="Owned Member"><parameter classType="Parameter" humanType="Parameter" icon="ripples_files/icon_parameter_572370257.png" name="obj" refid="_17_0_5_1_43701b0_1461923350257_463964_4061"/><parameter classType="Parameter" humanType="Parameter" icon="ripples_files/icon_parameter_572370257.png" name="return  : byte" refid="_17_0_5_1_43701b0_1461923350258_380391_4063"/><parameter classType="Parameter" humanType="Parameter" icon="ripples_files/icon_parameter_572370257.png" name="value" refid="_17_0_5_1_43701b0_1461923350258_590286_4062"/></ownedMember><ownedParameter humanName="Owned Parameter"><parameter classType="Parameter" humanType="Parameter" icon="ripples_files/icon_parameter_572370257.png" name="obj" refid="_17_0_5_1_43701b0_1461923350257_463964_4061"/><parameter classType="Parameter" humanType="Parameter" icon="ripples_files/icon_parameter_572370257.png" name="return  : byte" refid="_17_0_5_1_43701b0_1461923350258_380391_4063"/><parameter classType="Parameter" humanType="Parameter" icon="ripples_files/icon_parameter_572370257.png" name="value" refid="_17_0_5_1_43701b0_1461923350258_590286_4062"/></ownedParameter><owner classType="Class" humanName="Owner" humanType="Class" icon="ripples_files/icon_class_1403380247.png" mode="s,e" name="Field" refid="_17_0_5_1_43701b0_1461923350098_684609_3385"/><qualifiedName humanName="Qualified Name" mode="e">Java Reflection::Field::setByte</qualifiedName><redefinitionContext humanName="Redefinition Context"><class classType="Class" humanType="Class" icon="ripples_files/icon_class_1403380247.png" name="Field" refid="_17_0_5_1_43701b0_1461923350098_684609_3385"/></redefinitionContext><TO_DO humanName="To Do" mode="s,e"/><type classType="DataType" humanName="Type" humanType="Data Type" icon="ripples_files/icon_datatype_1169894049.png" mode="s,e" name="byte" refid="eee_1045467100323_375172_58"/><TYPE_MODIFIER humanName="Type Modifier" mode="e"/><upper humanName="Upper">1</upper><visibility humanName="Visibility" mode="s,e">public</visibility></operation></magicdraw>