<?xml version="1.0" encoding="UTF-8"?><magicdraw><interface classType="Interface" humanType="Interface" icon="ripples_files/icon_interface_753692748.png" id="_17_0_5_1_43701b0_1461923350088_841582_3369"><allRealizingElements humanName="All Realizing Elements"><class classType="Class" humanType="Class" icon="ripples_files/icon_class_1403380247.png" name="Class" refid="_17_0_5_1_43701b0_1461923350094_55897_3374"/></allRealizingElements><allSpecificClassifiers humanName="All Specific Classifiers"><interface classType="Interface" humanType="Interface" icon="ripples_files/icon_interface_753692748.png" name="GenericArrayType" refid="_17_0_5_1_43701b0_1461923350092_886739_3370"/><interface classType="Interface" humanType="Interface" icon="ripples_files/icon_interface_753692748.png" name="ParameterizedType" refid="_17_0_5_1_43701b0_1461923350093_436421_3371"/><interface classType="Interface" humanType="Interface" icon="ripples_files/icon_interface_753692748.png" name="TypeVariable" refid="_17_0_5_1_43701b0_1461923350093_956120_3372"/><interface classType="Interface" humanType="Interface" icon="ripples_files/icon_interface_753692748.png" name="WildcardType" refid="_17_0_5_1_43701b0_1461923350093_426228_3373"/></allSpecificClassifiers><attribute humanName="Attribute"><property classType="Property" humanType="Property" icon="ripples_files/icon_property_932503272.png" name="typeName" refid="_17_0_5_1_43701b0_1461923350185_60187_3636"/></attribute><feature humanName="Feature"><property classType="Property" humanType="Property" icon="ripples_files/icon_property_932503272.png" name="typeName" refid="_17_0_5_1_43701b0_1461923350185_60187_3636"/></feature><isAbstract humanName="Is Abstract" mode="s,e">false</isAbstract><isFinalSpecialization humanName="Is Final Specialization" mode="e">false</isFinalSpecialization><isLeaf humanName="Is Leaf" mode="e">false</isLeaf><member humanName="Member"><property classType="Property" humanType="Property" icon="ripples_files/icon_property_932503272.png" name="typeName" refid="_17_0_5_1_43701b0_1461923350185_60187_3636"/></member><name humanName="Name" mode="s,e">Type</name><namespace classType="Package" humanName="Namespace" humanType="Package" icon="ripples_files/icon_package_1584688439.png" name="Java Reflection" refid="_17_0_5_1_43701b0_1462171467184_515020_8291"/><ownedAttribute humanName="Owned Attribute"><property classType="Property" humanType="Property" icon="ripples_files/icon_property_932503272.png" name="typeName" refid="_17_0_5_1_43701b0_1461923350185_60187_3636"/></ownedAttribute><ownedElement humanName="Owned Element"><property classType="Property" humanType="Property" icon="ripples_files/icon_property_932503272.png" name="typeName" refid="_17_0_5_1_43701b0_1461923350185_60187_3636"/></ownedElement><ownedMember humanName="Owned Member"><property classType="Property" humanType="Property" icon="ripples_files/icon_property_932503272.png" name="typeName" refid="_17_0_5_1_43701b0_1461923350185_60187_3636"/></ownedMember><owner classType="Package" humanName="Owner" humanType="Package" icon="ripples_files/icon_package_1584688439.png" mode="s,e" name="Java Reflection" refid="_17_0_5_1_43701b0_1462171467184_515020_8291"/><owningPackage classType="Package" humanName="Owning Package" humanType="Package" icon="ripples_files/icon_package_1584688439.png" name="Java Reflection" refid="_17_0_5_1_43701b0_1462171467184_515020_8291"/><package classType="Package" humanName="Package" humanType="Package" icon="ripples_files/icon_package_1584688439.png" name="Java Reflection" refid="_17_0_5_1_43701b0_1462171467184_515020_8291"/><qualifiedName humanName="Qualified Name" mode="e">Java Reflection::Type</qualifiedName><realizingClassifier humanName="Realizing Classifier"><class classType="Class" humanType="Class" icon="ripples_files/icon_class_1403380247.png" name="Class" refid="_17_0_5_1_43701b0_1461923350094_55897_3374"/></realizingClassifier><realizingElement humanName="Realizing Element"><class classType="Class" humanType="Class" icon="ripples_files/icon_class_1403380247.png" name="Class" refid="_17_0_5_1_43701b0_1461923350094_55897_3374"/></realizingElement><specificClassifier humanName="Specific Classifier"><interface classType="Interface" humanType="Interface" icon="ripples_files/icon_interface_753692748.png" name="GenericArrayType" refid="_17_0_5_1_43701b0_1461923350092_886739_3370"/><interface classType="Interface" humanType="Interface" icon="ripples_files/icon_interface_753692748.png" name="ParameterizedType" refid="_17_0_5_1_43701b0_1461923350093_436421_3371"/><interface classType="Interface" humanType="Interface" icon="ripples_files/icon_interface_753692748.png" name="TypeVariable" refid="_17_0_5_1_43701b0_1461923350093_956120_3372"/><interface classType="Interface" humanType="Interface" icon="ripples_files/icon_interface_753692748.png" name="WildcardType" refid="_17_0_5_1_43701b0_1461923350093_426228_3373"/></specificClassifier><supplierDependency humanName="Supplier Dependency"><dependency classType="Dependency" humanType="Dependency" icon="ripples_files/icon_dependency_804347788.png" isRelationship="true" name="defines arguments of Parameterized Type (may be Wildcard Type, Parameterized Type, Generic Array Type or Classes" refid="_17_0_5_1_43701b0_1471602810493_304231_4430"/><dependency classType="Dependency" humanType="Dependency" icon="ripples_files/icon_dependency_804347788.png" isRelationship="true" name="defines bounds of Type Variable (may be Parameterized Type or Classes)" refid="_17_0_5_1_43701b0_1471605179924_653322_6375"/><interfacerealization classType="InterfaceRealization" humanType="Interface Realization" icon="ripples_files/icon_interfacerealization_1172450799.png" isRelationship="true" name="Interface Realization[Class -&gt; Type]" refid="_17_0_5_1_43701b0_1461923350185_923782_3633"/></supplierDependency><TO_DO humanName="To Do" mode="s,e"/><visibility humanName="Visibility">public</visibility><appearsIn><diagram classType="Diagram" humanType="Diagram" icon="ripples_files/icon_Class Diagram_62827829.png" name="Generics Dependencies" refid="_17_0_5_1_43701b0_1471603263481_426334_4722"/><diagram classType="Diagram" humanType="Diagram" icon="ripples_files/icon_Class Diagram_62827829.png" name="Generics Associations" refid="_17_0_5_1_43701b0_1461923350141_67354_3505"/><diagram classType="Diagram" humanType="Diagram" icon="ripples_files/icon_Class Diagram_62827829.png" name="Generics Hierarchy" refid="_17_0_5_1_43701b0_1461923350162_929744_3568"/></appearsIn></interface></magicdraw>