<?xml version="1.0" encoding="UTF-8"?><magicdraw><literalunlimitednatural classType="LiteralUnlimitedNatural" humanType="Literal Unlimited Natural" icon="ripples_files/icon_literalunlimitednatural_1874326541.png" id="_17_0_5_1_43701b0_1461923350249_60822_3957"><name humanName="Name"/><owner classType="Property" humanName="Owner" humanType="Property" icon="ripples_files/icon_property_932503272.png" mode="e" name="constructor" refid="_17_0_5_1_43701b0_1461923350196_365784_3692"/><owningUpper classType="Property" humanName="Owning Upper" humanType="Property" icon="ripples_files/icon_property_932503272.png" name="constructor" refid="_17_0_5_1_43701b0_1461923350196_365784_3692"/><qualifiedName humanName="Qualified Name">Java Reflection::Class::constructor::</qualifiedName><text humanName="Text" mode="standard">1</text><TO_DO humanName="To Do"/><TYPE_MODIFIER humanName="Type Modifier"/><value humanName="Value" mode="s,e">1</value><visibility humanName="Visibility">public</visibility></literalunlimitednatural></magicdraw>