<?xml version="1.0" encoding="UTF-8"?><magicdraw><interface classType="Interface" humanType="Interface" icon="ripples_files/icon_interface_753692748.png" id="_17_0_5_1_43701b0_1461923350105_720350_3410"><allRealizingElements humanName="All Realizing Elements"><class classType="Class" humanType="Class" icon="ripples_files/icon_class_1403380247.png" name="Executable" refid="_17_0_5_1_43701b0_1461923350098_731815_3384"/><class classType="Class" humanType="Class" icon="ripples_files/icon_class_1403380247.png" name="Field" refid="_17_0_5_1_43701b0_1461923350098_684609_3385"/></allRealizingElements><attribute humanName="Attribute"><property classType="Property" humanType="Property" icon="ripples_files/icon_property_932503272.png" name="declaringClass" refid="_17_0_5_1_43701b0_1461923350216_135351_3824"/><property classType="Property" humanType="Property" icon="ripples_files/icon_property_932503272.png" name="modifiers" refid="_17_0_5_1_43701b0_1461923350217_794215_3826"/><property classType="Property" humanType="Property" icon="ripples_files/icon_property_932503272.png" name="name" refid="_17_0_5_1_43701b0_1461923350217_602661_3825"/><property classType="Property" humanType="Property" icon="ripples_files/icon_property_932503272.png" name="synthetic" refid="_17_0_5_1_43701b0_1461923350217_454938_3827"/></attribute><feature humanName="Feature"><property classType="Property" humanType="Property" icon="ripples_files/icon_property_932503272.png" name="declaringClass" refid="_17_0_5_1_43701b0_1461923350216_135351_3824"/><property classType="Property" humanType="Property" icon="ripples_files/icon_property_932503272.png" name="modifiers" refid="_17_0_5_1_43701b0_1461923350217_794215_3826"/><property classType="Property" humanType="Property" icon="ripples_files/icon_property_932503272.png" name="name" refid="_17_0_5_1_43701b0_1461923350217_602661_3825"/><property classType="Property" humanType="Property" icon="ripples_files/icon_property_932503272.png" name="synthetic" refid="_17_0_5_1_43701b0_1461923350217_454938_3827"/></feature><isAbstract humanName="Is Abstract" mode="s,e">false</isAbstract><isFinalSpecialization humanName="Is Final Specialization" mode="e">false</isFinalSpecialization><isLeaf humanName="Is Leaf" mode="e">false</isLeaf><member humanName="Member"><property classType="Property" humanType="Property" icon="ripples_files/icon_property_932503272.png" name="declaringClass" refid="_17_0_5_1_43701b0_1461923350216_135351_3824"/><property classType="Property" humanType="Property" icon="ripples_files/icon_property_932503272.png" name="modifiers" refid="_17_0_5_1_43701b0_1461923350217_794215_3826"/><property classType="Property" humanType="Property" icon="ripples_files/icon_property_932503272.png" name="name" refid="_17_0_5_1_43701b0_1461923350217_602661_3825"/><property classType="Property" humanType="Property" icon="ripples_files/icon_property_932503272.png" name="synthetic" refid="_17_0_5_1_43701b0_1461923350217_454938_3827"/></member><name humanName="Name" mode="s,e">Member</name><namespace classType="Package" humanName="Namespace" humanType="Package" icon="ripples_files/icon_package_1584688439.png" name="Java Reflection" refid="_17_0_5_1_43701b0_1462171467184_515020_8291"/><ownedAttribute humanName="Owned Attribute"><property classType="Property" humanType="Property" icon="ripples_files/icon_property_932503272.png" name="declaringClass" refid="_17_0_5_1_43701b0_1461923350216_135351_3824"/><property classType="Property" humanType="Property" icon="ripples_files/icon_property_932503272.png" name="modifiers" refid="_17_0_5_1_43701b0_1461923350217_794215_3826"/><property classType="Property" humanType="Property" icon="ripples_files/icon_property_932503272.png" name="name" refid="_17_0_5_1_43701b0_1461923350217_602661_3825"/><property classType="Property" humanType="Property" icon="ripples_files/icon_property_932503272.png" name="synthetic" refid="_17_0_5_1_43701b0_1461923350217_454938_3827"/></ownedAttribute><ownedElement humanName="Owned Element"><property classType="Property" humanType="Property" icon="ripples_files/icon_property_932503272.png" name="declaringClass" refid="_17_0_5_1_43701b0_1461923350216_135351_3824"/><property classType="Property" humanType="Property" icon="ripples_files/icon_property_932503272.png" name="modifiers" refid="_17_0_5_1_43701b0_1461923350217_794215_3826"/><property classType="Property" humanType="Property" icon="ripples_files/icon_property_932503272.png" name="name" refid="_17_0_5_1_43701b0_1461923350217_602661_3825"/><property classType="Property" humanType="Property" icon="ripples_files/icon_property_932503272.png" name="synthetic" refid="_17_0_5_1_43701b0_1461923350217_454938_3827"/></ownedElement><ownedMember humanName="Owned Member"><property classType="Property" humanType="Property" icon="ripples_files/icon_property_932503272.png" name="declaringClass" refid="_17_0_5_1_43701b0_1461923350216_135351_3824"/><property classType="Property" humanType="Property" icon="ripples_files/icon_property_932503272.png" name="modifiers" refid="_17_0_5_1_43701b0_1461923350217_794215_3826"/><property classType="Property" humanType="Property" icon="ripples_files/icon_property_932503272.png" name="name" refid="_17_0_5_1_43701b0_1461923350217_602661_3825"/><property classType="Property" humanType="Property" icon="ripples_files/icon_property_932503272.png" name="synthetic" refid="_17_0_5_1_43701b0_1461923350217_454938_3827"/></ownedMember><owner classType="Package" humanName="Owner" humanType="Package" icon="ripples_files/icon_package_1584688439.png" mode="s,e" name="Java Reflection" refid="_17_0_5_1_43701b0_1462171467184_515020_8291"/><owningPackage classType="Package" humanName="Owning Package" humanType="Package" icon="ripples_files/icon_package_1584688439.png" name="Java Reflection" refid="_17_0_5_1_43701b0_1462171467184_515020_8291"/><package classType="Package" humanName="Package" humanType="Package" icon="ripples_files/icon_package_1584688439.png" name="Java Reflection" refid="_17_0_5_1_43701b0_1462171467184_515020_8291"/><qualifiedName humanName="Qualified Name" mode="e">Java Reflection::Member</qualifiedName><realizingClassifier humanName="Realizing Classifier"><class classType="Class" humanType="Class" icon="ripples_files/icon_class_1403380247.png" name="Executable" refid="_17_0_5_1_43701b0_1461923350098_731815_3384"/><class classType="Class" humanType="Class" icon="ripples_files/icon_class_1403380247.png" name="Field" refid="_17_0_5_1_43701b0_1461923350098_684609_3385"/></realizingClassifier><realizingElement humanName="Realizing Element"><class classType="Class" humanType="Class" icon="ripples_files/icon_class_1403380247.png" name="Executable" refid="_17_0_5_1_43701b0_1461923350098_731815_3384"/><class classType="Class" humanType="Class" icon="ripples_files/icon_class_1403380247.png" name="Field" refid="_17_0_5_1_43701b0_1461923350098_684609_3385"/></realizingElement><supplierDependency humanName="Supplier Dependency"><interfacerealization classType="InterfaceRealization" humanType="Interface Realization" icon="ripples_files/icon_interfacerealization_1172450799.png" isRelationship="true" name="Interface Realization[Executable -&gt; Member]" refid="_17_0_5_1_43701b0_1461923350204_125686_3738"/><interfacerealization classType="InterfaceRealization" humanType="Interface Realization" icon="ripples_files/icon_interfacerealization_1172450799.png" isRelationship="true" name="Interface Realization[Field -&gt; Member]" refid="_17_0_5_1_43701b0_1461923350206_160526_3752"/></supplierDependency><TO_DO humanName="To Do" mode="s,e"/><visibility humanName="Visibility">public</visibility><appearsIn><diagram classType="Diagram" humanType="Diagram" icon="ripples_files/icon_Class Diagram_62827829.png" name="Core Hierarchy" refid="_17_0_5_1_43701b0_1461923350115_398316_3462"/><diagram classType="Diagram" humanType="Diagram" icon="ripples_files/icon_Class Diagram_62827829.png" name="Core Relationships" refid="_17_0_5_1_43701b0_1461923350148_642350_3526"/></appearsIn></interface></magicdraw>