<?xml version="1.0" encoding="UTF-8"?><magicdraw><parameter classType="Parameter" humanType="Parameter" icon="ripples_files/icon_parameter_572370257.png" id="_17_0_5_1_43701b0_1461923350246_612326_3919"><default humanName="Default"/><direction humanName="Direction" mode="s,e">return</direction><isException humanName="Is Exception">false</isException><isOrdered humanName="Is Ordered">false</isOrdered><isStream humanName="Is Stream" mode="e">false</isStream><isUnique humanName="Is Unique">true</isUnique><lower humanName="Lower">1</lower><multiplicity humanName="Multiplicity" mode="s,e"/><multiplicity humanName="Multiplicity" mode="s,e"/><name humanName="Name" mode="s,e"/><namespace classType="Operation" humanName="Namespace" humanType="Operation" icon="ripples_files/icon_operation_1932009480.png" name="getClassLoader" refid="_17_0_5_1_43701b0_1461923350190_392014_3661"/><operation classType="Operation" humanName="Operation" humanType="Operation" icon="ripples_files/icon_operation_1932009480.png" name="getClassLoader" refid="_17_0_5_1_43701b0_1461923350190_392014_3661"/><owner classType="Operation" humanName="Owner" humanType="Operation" icon="ripples_files/icon_operation_1932009480.png" mode="s,e" name="getClassLoader" refid="_17_0_5_1_43701b0_1461923350190_392014_3661"/><ownerFormalParam classType="Operation" humanName="Owner Formal Param" humanType="Operation" icon="ripples_files/icon_operation_1932009480.png" name="getClassLoader" refid="_17_0_5_1_43701b0_1461923350190_392014_3661"/><qualifiedName humanName="Qualified Name">Java Reflection::Class::getClassLoader::</qualifiedName><TO_DO humanName="To Do" mode="s,e"/><type classType="Class" humanName="Type" humanType="Class" icon="ripples_files/icon_class_1403380247.png" mode="s,e" name="ClassLoader" refid="_17_0_5_1_43701b0_1461923350109_759231_3432"/><TYPE_MODIFIER humanName="Type Modifier" mode="e"/><upper humanName="Upper">1</upper><visibility humanName="Visibility">public</visibility></parameter></magicdraw>