<?xml version="1.0" encoding="UTF-8"?><magicdraw><interface classType="Interface" humanType="Interface" icon="ripples_files/icon_interface_753692748.png" id="_17_0_5_1_43701b0_1461923350093_436421_3371"><allGeneralClassifiers humanName="All General Classifiers"><interface classType="Interface" humanType="Interface" icon="ripples_files/icon_interface_753692748.png" name="Type" refid="_17_0_5_1_43701b0_1461923350088_841582_3369"/></allGeneralClassifiers><attribute humanName="Attribute"><property classType="Property" humanType="Property" icon="ripples_files/icon_property_932503272.png" name="actualTypeArguments" refid="_17_0_5_1_43701b0_1461923350186_901886_3638"/><property classType="Property" humanType="Property" icon="ripples_files/icon_property_932503272.png" name="ownerType" refid="_17_0_5_1_43701b0_1461923350186_233388_3639"/><property classType="Property" humanType="Property" icon="ripples_files/icon_property_932503272.png" name="rawType" refid="_17_0_5_1_43701b0_1461923350186_508758_3640"/></attribute><clientDependency humanName="Client Dependency"><dependency classType="Dependency" humanType="Dependency" icon="ripples_files/icon_dependency_804347788.png" isRelationship="true" name="defines arguments of Parameterized Type (may be Wildcard Type, Parameterized Type, Generic Array Type or Classes" refid="_17_0_5_1_43701b0_1471602810493_304231_4430"/><dependency classType="Dependency" humanType="Dependency" icon="ripples_files/icon_dependency_804347788.png" isRelationship="true" name="parameterizes a Generic Declaration" refid="_17_0_5_1_43701b0_1471602463423_467091_4257"/></clientDependency><feature humanName="Feature"><property classType="Property" humanType="Property" icon="ripples_files/icon_property_932503272.png" name="actualTypeArguments" refid="_17_0_5_1_43701b0_1461923350186_901886_3638"/><property classType="Property" humanType="Property" icon="ripples_files/icon_property_932503272.png" name="ownerType" refid="_17_0_5_1_43701b0_1461923350186_233388_3639"/><property classType="Property" humanType="Property" icon="ripples_files/icon_property_932503272.png" name="rawType" refid="_17_0_5_1_43701b0_1461923350186_508758_3640"/></feature><general humanName="General"><interface classType="Interface" humanType="Interface" icon="ripples_files/icon_interface_753692748.png" name="Type" refid="_17_0_5_1_43701b0_1461923350088_841582_3369"/></general><generalization humanName="Generalization"><generalization classType="Generalization" humanType="Generalization" icon="ripples_files/icon_generalization_1418550995.png" isRelationship="true" refid="_17_0_5_1_43701b0_1461923350185_736009_3635"/></generalization><inheritedMember humanName="Inherited Member"><property classType="Property" humanType="Property" icon="ripples_files/icon_property_932503272.png" name="typeName" refid="_17_0_5_1_43701b0_1461923350185_60187_3636"/></inheritedMember><isAbstract humanName="Is Abstract" mode="s,e">false</isAbstract><isFinalSpecialization humanName="Is Final Specialization" mode="e">false</isFinalSpecialization><isLeaf humanName="Is Leaf" mode="e">false</isLeaf><member humanName="Member"><property classType="Property" humanType="Property" icon="ripples_files/icon_property_932503272.png" name="actualTypeArguments" refid="_17_0_5_1_43701b0_1461923350186_901886_3638"/><property classType="Property" humanType="Property" icon="ripples_files/icon_property_932503272.png" name="ownerType" refid="_17_0_5_1_43701b0_1461923350186_233388_3639"/><property classType="Property" humanType="Property" icon="ripples_files/icon_property_932503272.png" name="rawType" refid="_17_0_5_1_43701b0_1461923350186_508758_3640"/><property classType="Property" humanType="Property" icon="ripples_files/icon_property_932503272.png" name="typeName" refid="_17_0_5_1_43701b0_1461923350185_60187_3636"/></member><name humanName="Name" mode="s,e">ParameterizedType</name><namespace classType="Package" humanName="Namespace" humanType="Package" icon="ripples_files/icon_package_1584688439.png" name="Java Reflection" refid="_17_0_5_1_43701b0_1462171467184_515020_8291"/><ownedAttribute humanName="Owned Attribute"><property classType="Property" humanType="Property" icon="ripples_files/icon_property_932503272.png" name="actualTypeArguments" refid="_17_0_5_1_43701b0_1461923350186_901886_3638"/><property classType="Property" humanType="Property" icon="ripples_files/icon_property_932503272.png" name="ownerType" refid="_17_0_5_1_43701b0_1461923350186_233388_3639"/><property classType="Property" humanType="Property" icon="ripples_files/icon_property_932503272.png" name="rawType" refid="_17_0_5_1_43701b0_1461923350186_508758_3640"/></ownedAttribute><ownedElement humanName="Owned Element"><generalization classType="Generalization" humanType="Generalization" icon="ripples_files/icon_generalization_1418550995.png" isRelationship="true" refid="_17_0_5_1_43701b0_1461923350185_736009_3635"/><property classType="Property" humanType="Property" icon="ripples_files/icon_property_932503272.png" name="actualTypeArguments" refid="_17_0_5_1_43701b0_1461923350186_901886_3638"/><property classType="Property" humanType="Property" icon="ripples_files/icon_property_932503272.png" name="ownerType" refid="_17_0_5_1_43701b0_1461923350186_233388_3639"/><property classType="Property" humanType="Property" icon="ripples_files/icon_property_932503272.png" name="rawType" refid="_17_0_5_1_43701b0_1461923350186_508758_3640"/></ownedElement><ownedMember humanName="Owned Member"><property classType="Property" humanType="Property" icon="ripples_files/icon_property_932503272.png" name="actualTypeArguments" refid="_17_0_5_1_43701b0_1461923350186_901886_3638"/><property classType="Property" humanType="Property" icon="ripples_files/icon_property_932503272.png" name="ownerType" refid="_17_0_5_1_43701b0_1461923350186_233388_3639"/><property classType="Property" humanType="Property" icon="ripples_files/icon_property_932503272.png" name="rawType" refid="_17_0_5_1_43701b0_1461923350186_508758_3640"/></ownedMember><owner classType="Package" humanName="Owner" humanType="Package" icon="ripples_files/icon_package_1584688439.png" mode="s,e" name="Java Reflection" refid="_17_0_5_1_43701b0_1462171467184_515020_8291"/><owningPackage classType="Package" humanName="Owning Package" humanType="Package" icon="ripples_files/icon_package_1584688439.png" name="Java Reflection" refid="_17_0_5_1_43701b0_1462171467184_515020_8291"/><package classType="Package" humanName="Package" humanType="Package" icon="ripples_files/icon_package_1584688439.png" name="Java Reflection" refid="_17_0_5_1_43701b0_1462171467184_515020_8291"/><qualifiedName humanName="Qualified Name" mode="e">Java Reflection::ParameterizedType</qualifiedName><supplierDependency humanName="Supplier Dependency"><dependency classType="Dependency" humanType="Dependency" icon="ripples_files/icon_dependency_804347788.png" isRelationship="true" name="arrays of Parameterized Types" refid="_17_0_5_1_43701b0_1471602635281_526006_4281"/></supplierDependency><TO_DO humanName="To Do" mode="s,e"/><visibility humanName="Visibility">public</visibility><appearsIn><diagram classType="Diagram" humanType="Diagram" icon="ripples_files/icon_Class Diagram_62827829.png" name="Generics Dependencies" refid="_17_0_5_1_43701b0_1471603263481_426334_4722"/><diagram classType="Diagram" humanType="Diagram" icon="ripples_files/icon_Class Diagram_62827829.png" name="Generics Associations" refid="_17_0_5_1_43701b0_1461923350141_67354_3505"/><diagram classType="Diagram" humanType="Diagram" icon="ripples_files/icon_Class Diagram_62827829.png" name="Generics Hierarchy" refid="_17_0_5_1_43701b0_1461923350162_929744_3568"/></appearsIn></interface></magicdraw>