<?xml version="1.0" encoding="UTF-8"?><magicdraw><parameter classType="Parameter" humanType="Parameter" icon="ripples_files/icon_parameter_572370257.png" id="_17_0_5_1_43701b0_1461923350246_697358_3918"><default humanName="Default"/><direction humanName="Direction" mode="s,e">return</direction><isException humanName="Is Exception">false</isException><isOrdered humanName="Is Ordered">false</isOrdered><isStream humanName="Is Stream" mode="e">false</isStream><isUnique humanName="Is Unique">true</isUnique><lower humanName="Lower">1</lower><multiplicity humanName="Multiplicity" mode="s,e"/><multiplicity humanName="Multiplicity" mode="s,e"/><name humanName="Name" mode="s,e"/><namespace classType="Operation" humanName="Namespace" humanType="Operation" icon="ripples_files/icon_operation_1932009480.png" name="asSubclass" refid="_17_0_5_1_43701b0_1461923350190_687908_3660"/><operation classType="Operation" humanName="Operation" humanType="Operation" icon="ripples_files/icon_operation_1932009480.png" name="asSubclass" refid="_17_0_5_1_43701b0_1461923350190_687908_3660"/><owner classType="Operation" humanName="Owner" humanType="Operation" icon="ripples_files/icon_operation_1932009480.png" mode="s,e" name="asSubclass" refid="_17_0_5_1_43701b0_1461923350190_687908_3660"/><ownerFormalParam classType="Operation" humanName="Owner Formal Param" humanType="Operation" icon="ripples_files/icon_operation_1932009480.png" name="asSubclass" refid="_17_0_5_1_43701b0_1461923350190_687908_3660"/><qualifiedName humanName="Qualified Name">Java Reflection::Class::asSubclass::</qualifiedName><TO_DO humanName="To Do" mode="s,e"/><type classType="Class" humanName="Type" humanType="Class" icon="ripples_files/icon_class_1403380247.png" mode="s,e" name="Class" refid="_17_0_5_1_43701b0_1461923350094_55897_3374"/><TYPE_MODIFIER humanName="Type Modifier" mode="e"/><upper humanName="Upper">1</upper><visibility humanName="Visibility">public</visibility></parameter></magicdraw>