<?xml version="1.0" encoding="UTF-8"?><magicdraw><interface classType="Interface" humanType="Interface" icon="ripples_files/icon_interface_753692748.png" id="_17_0_5_1_43701b0_1461923350102_794940_3397"><attribute humanName="Attribute"><property classType="Property" humanType="Property" icon="ripples_files/icon_property_932503272.png" name="annotation type" refid="_17_0_5_1_43701b0_1462220088731_218784_4915"/></attribute><feature humanName="Feature"><property classType="Property" humanType="Property" icon="ripples_files/icon_property_932503272.png" name="annotation type" refid="_17_0_5_1_43701b0_1462220088731_218784_4915"/></feature><isAbstract humanName="Is Abstract" mode="s,e">false</isAbstract><isFinalSpecialization humanName="Is Final Specialization" mode="e">false</isFinalSpecialization><isLeaf humanName="Is Leaf" mode="e">false</isLeaf><member humanName="Member"><property classType="Property" humanType="Property" icon="ripples_files/icon_property_932503272.png" name="annotation type" refid="_17_0_5_1_43701b0_1462220088731_218784_4915"/></member><name humanName="Name" mode="s,e">Annotation</name><namespace classType="Package" humanName="Namespace" humanType="Package" icon="ripples_files/icon_package_1584688439.png" name="Java Reflection" refid="_17_0_5_1_43701b0_1462171467184_515020_8291"/><ownedAttribute humanName="Owned Attribute"><property classType="Property" humanType="Property" icon="ripples_files/icon_property_932503272.png" name="annotation type" refid="_17_0_5_1_43701b0_1462220088731_218784_4915"/></ownedAttribute><ownedElement humanName="Owned Element"><property classType="Property" humanType="Property" icon="ripples_files/icon_property_932503272.png" name="annotation type" refid="_17_0_5_1_43701b0_1462220088731_218784_4915"/></ownedElement><ownedMember humanName="Owned Member"><property classType="Property" humanType="Property" icon="ripples_files/icon_property_932503272.png" name="annotation type" refid="_17_0_5_1_43701b0_1462220088731_218784_4915"/></ownedMember><owner classType="Package" humanName="Owner" humanType="Package" icon="ripples_files/icon_package_1584688439.png" mode="s,e" name="Java Reflection" refid="_17_0_5_1_43701b0_1462171467184_515020_8291"/><owningPackage classType="Package" humanName="Owning Package" humanType="Package" icon="ripples_files/icon_package_1584688439.png" name="Java Reflection" refid="_17_0_5_1_43701b0_1462171467184_515020_8291"/><package classType="Package" humanName="Package" humanType="Package" icon="ripples_files/icon_package_1584688439.png" name="Java Reflection" refid="_17_0_5_1_43701b0_1462171467184_515020_8291"/><qualifiedName humanName="Qualified Name" mode="e">Java Reflection::Annotation</qualifiedName><TO_DO humanName="To Do" mode="s,e"/><visibility humanName="Visibility">public</visibility><appearsIn><diagram classType="Diagram" humanType="Diagram" icon="ripples_files/icon_Class Diagram_62827829.png" name="Annotations Relationships" refid="_17_0_5_1_43701b0_1461923350169_961248_3589"/></appearsIn></interface></magicdraw>