<?xml version="1.0" encoding="UTF-8"?><magicdraw><property classType="Property" humanType="Property" icon="ripples_files/icon_property_932503272.png" id="_17_0_5_1_43701b0_1461923350187_360711_3645"><aggregation humanName="Aggregation" mode="s,e">none</aggregation><association classType="Association" humanName="Association" humanType="Association" icon="ripples_files/icon_association_1615949987.png" isRelationship="true" name="Association[genericDeclaration:GenericDeclaration - typeParameters:TypeVariable]" refid="_17_0_5_1_43701b0_1461923350102_181242_3396"/><classifier classType="Interface" humanName="Classifier" humanType="Interface" icon="ripples_files/icon_interface_753692748.png" name="TypeVariable" refid="_17_0_5_1_43701b0_1461923350093_956120_3372"/><featuringClassifier classType="Interface" humanName="Featuring Classifier" humanType="Interface" icon="ripples_files/icon_interface_753692748.png" name="TypeVariable" refid="_17_0_5_1_43701b0_1461923350093_956120_3372"/><interface classType="Interface" humanName="Interface" humanType="Interface" icon="ripples_files/icon_interface_753692748.png" name="TypeVariable" refid="_17_0_5_1_43701b0_1461923350093_956120_3372"/><isComposite humanName="Is Composite">false</isComposite><isDerived humanName="Is Derived" mode="s,e">false</isDerived><isDerivedUnion humanName="Is Derived Union" mode="s,e">false</isDerivedUnion><isID humanName="Is ID" mode="e">false</isID><isLeaf humanName="Is Leaf" mode="s,e">false</isLeaf><isOrdered humanName="Is Ordered" mode="s,e">false</isOrdered><isReadOnly humanName="Is Read Only" mode="s,e">false</isReadOnly><isStatic humanName="Is Static" mode="s,e">false</isStatic><isUnique humanName="Is Unique" mode="e">true</isUnique><lower humanName="Lower">1</lower><lowerValue classType="LiteralInteger" humanName="Lower Value" humanType="Literal Integer" icon="ripples_files/icon_literalinteger_182673449.png" name="1" refid="_17_0_5_1_43701b0_1461923350243_115631_3894" text="1"/><multiplicity humanName="Multiplicity" mode="s,e">1</multiplicity><multiplicity humanName="Multiplicity" mode="s,e">1</multiplicity><name humanName="Name" mode="s,e">genericDeclaration</name><namespace classType="Interface" humanName="Namespace" humanType="Interface" icon="ripples_files/icon_interface_753692748.png" name="TypeVariable" refid="_17_0_5_1_43701b0_1461923350093_956120_3372"/><navigable humanName="Navigable">true</navigable><opposite classType="Property" humanName="Opposite" humanType="Property" icon="ripples_files/icon_property_932503272.png" name="typeParameters" refid="_17_0_5_1_43701b0_1461923350203_76101_3729"/><ownedBy classType="Interface" humanName="Owned By" humanType="Interface" icon="ripples_files/icon_interface_753692748.png" name="TypeVariable" refid="_17_0_5_1_43701b0_1461923350093_956120_3372"/><ownedElement humanName="Owned Element"><literalinteger classType="LiteralInteger" humanType="Literal Integer" icon="ripples_files/icon_literalinteger_182673449.png" name="1" refid="_17_0_5_1_43701b0_1461923350243_115631_3894" text="1"/><literalunlimitednatural classType="LiteralUnlimitedNatural" humanType="Literal Unlimited Natural" icon="ripples_files/icon_literalunlimitednatural_1874326541.png" name="1" refid="_17_0_5_1_43701b0_1461923350243_384164_3893" text="1"/></ownedElement><owner classType="Interface" humanName="Owner" humanType="Interface" icon="ripples_files/icon_interface_753692748.png" mode="s,e" name="TypeVariable" refid="_17_0_5_1_43701b0_1461923350093_956120_3372"/><qualifiedName humanName="Qualified Name" mode="e">Java Reflection::TypeVariable::genericDeclaration</qualifiedName><redefinitionContext humanName="Redefinition Context"><interface classType="Interface" humanType="Interface" icon="ripples_files/icon_interface_753692748.png" name="TypeVariable" refid="_17_0_5_1_43701b0_1461923350093_956120_3372"/></redefinitionContext><TO_DO humanName="To Do" mode="s,e"/><type classType="Interface" humanName="Type" humanType="Interface" icon="ripples_files/icon_interface_753692748.png" mode="s,e" name="GenericDeclaration" refid="_17_0_5_1_43701b0_1461923350097_986189_3381"/><TYPE_MODIFIER humanName="Type Modifier" mode="e"/><upper humanName="Upper">1</upper><upperValue classType="LiteralUnlimitedNatural" humanName="Upper Value" humanType="Literal Unlimited Natural" icon="ripples_files/icon_literalunlimitednatural_1874326541.png" name="1" refid="_17_0_5_1_43701b0_1461923350243_384164_3893" text="1"/><visibility humanName="Visibility" mode="s,e">public</visibility></property></magicdraw>