<?xml version="1.0" encoding="UTF-8"?><magicdraw><comment classType="Comment" humanType="Comment" icon="ripples_files/icon_comment_1635551039.png" id="_17_0_5_1_43701b0_1461923337782_351977_3364"><annotatedElement humanName="Annotated Element" mode="s,e"><model classType="Model" humanType="Model" icon="ripples_files/icon_model_1329938019.png" name="Model" refid="eee_1045467100313_135436_1"/></annotatedElement><body humanName="Body" mode="s,e">Author:john.
Created:4/29/16 11:48 AM.
Title:.
Comment:.
</body><owner classType="Model" humanName="Owner" humanType="Model" icon="ripples_files/icon_model_1329938019.png" mode="s,e" name="Model" refid="eee_1045467100313_135436_1"/><owningElement classType="Model" humanName="Owning Element" humanType="Model" icon="ripples_files/icon_model_1329938019.png" name="Model" refid="eee_1045467100313_135436_1"/><TO_DO humanName="To Do" mode="s,e"/></comment></magicdraw>