<?xml version="1.0" encoding="UTF-8"?><magicdraw><diagram classType="Diagram" diagramType="Class Diagram" height="259" humanType="Diagram" icon="ripples_files/icon_Class Diagram_62827829.png" id="_17_0_5_1_43701b0_1461923350115_398316_3462" src="ripples_files/_17_0_5_1_43701b0_1461923350115_398316_3462.png" width="379"><APPLIED_STEREOTYPES humanName="Applied Stereotype" mode="s,e"><stereotype classType="Stereotype" humanType="Stereotype" icon="ripples_files/icon_stereotype_1934908288.png" name="DiagramInfo" refid="_9_0_be00301_1108044380615_150487_0"/></APPLIED_STEREOTYPES><appliedStereotype humanName="Applied Stereotype" mode="s,e"><stereotype classType="Stereotype" humanType="Stereotype" icon="ripples_files/icon_stereotype_1934908288.png" name="DiagramInfo" refid="_9_0_be00301_1108044380615_150487_0"><property classType="Property" humanName="Author" humanType="Property" icon="ripples_files/icon_property_932503272.png" name="Author" refid="_be00301_1077726770128_871366_1"><String>john</String></property><property classType="Property" humanName="Base_ Diagram" humanType="Property" icon="ripples_files/icon_property_932503272.png" name="base_Diagram" refid="_10_0EAPbeta_be00301_1123081772498_901864_356"/><property classType="Property" humanName="Base_ Element" humanType="Property" icon="ripples_files/icon_property_932503272.png" name="base_Element" refid="_10_0EAPbeta_be00301_1123081772098_411862_275"/><property classType="Property" humanName="Creation Date" humanType="Property" icon="ripples_files/icon_property_932503272.png" name="Creation date" refid="_be00301_1073306188629_537791_2"><String>4/29/16 11:49 AM</String></property><property classType="Property" humanName="Last modified by" humanType="Property" icon="ripples_files/icon_property_932503272.png" name="Last modified by" refid="_16_8beta_8ca0285_1257244649124_794756_344"><String>john</String></property><property classType="Property" humanName="Modification Date" humanType="Property" icon="ripples_files/icon_property_932503272.png" name="Modification date" refid="_be00301_1073394345322_922552_1"><String>26/10/16 13:00</String></property></stereotype></appliedStereotype><appliedStereotypeInstance classType="InstanceSpecification" humanName="Applied Stereotype Instance" humanType="Instance Specification" icon="ripples_files/icon_instancespecification_1939970407.png" name=" : DiagramInfo" refid="_17_0_5_1_43701b0_1461923350221_735723_3873"/><map><area isNotContentShape="false" name="Generalization" refid="_17_0_5_1_43701b0_1461923350203_185802_3732" shape="poly" type="0"><point x="89" y="139"/><point x="89" y="153"/><point x="87" y="155"/><point x="87" y="141"/></area><area isNotContentShape="false" name="Generalization" refid="_17_0_5_1_43701b0_1461923350203_234065_3730" shape="poly" type="0"><point x="121" y="83"/><point x="121" y="97"/><point x="119" y="99"/><point x="119" y="85"/></area><area isNotContentShape="false" name="Generalization" refid="_17_0_5_1_43701b0_1461923350203_940181_3731" shape="poly" type="0"><point x="152" y="139"/><point x="152" y="153"/><point x="150" y="155"/><point x="150" y="141"/></area><area isNotContentShape="false" name="Generalization" refid="_17_0_5_1_43701b0_1461923350211_273268_3781" shape="poly" type="0"><point x="208" y="83"/><point x="208" y="97"/><point x="206" y="99"/><point x="206" y="85"/></area><area isNotContentShape="false" name="Generalization" refid="_17_0_5_1_43701b0_1461923350213_817769_3794" shape="poly" type="0"><point x="325" y="83"/><point x="325" y="97"/><point x="323" y="99"/><point x="323" y="85"/></area><area isNotContentShape="false" name="Generalization" refid="_17_0_5_1_43701b0_1461923350188_764844_3650" shape="poly" type="0"><point x="264" y="83"/><point x="264" y="97"/><point x="262" y="99"/><point x="262" y="85"/></area><area isNotContentShape="false" name="Generalization" refid="_17_0_5_1_43701b0_1461923350204_753738_3737" shape="poly" type="0"><point x="122" y="193"/><point x="122" y="209"/><point x="120" y="211"/><point x="120" y="195"/></area><area isNotContentShape="false" name="Generalization" refid="_17_0_5_1_43701b0_1461923350204_811990_3735" shape="poly" type="0"><point x="57" y="193"/><point x="57" y="209"/><point x="55" y="211"/><point x="55" y="195"/></area><area isNotContentShape="false" name="Interface Realization" refid="_17_0_5_1_43701b0_1461923350204_125686_3738" shape="poly" type="0"><point x="257" y="184"/><point x="243" y="209"/><point x="241" y="211"/><point x="255" y="186"/></area><area isNotContentShape="false" name="Interface Realization" refid="_17_0_5_1_43701b0_1461923350206_160526_3752" shape="poly" type="0"><point x="273" y="184"/><point x="290" y="209"/><point x="288" y="211"/><point x="271" y="186"/></area><area isNotContentShape="false" name="Class Class" refid="_17_0_5_1_43701b0_1461923350094_55897_3374" shape="rect" type="0"><point x="245" y="98"/><point x="282" y="98"/><point x="282" y="123"/><point x="245" y="123"/></area><area isNotContentShape="false" name="Class Field" refid="_17_0_5_1_43701b0_1461923350098_684609_3385" shape="rect" type="0"><point x="133" y="154"/><point x="170" y="154"/><point x="170" y="179"/><point x="133" y="179"/></area><area isNotContentShape="false" name="Class Field" refid="_17_0_5_1_43701b0_1461923350098_684609_3385" shape="rect" type="0"><point x="280" y="210"/><point x="317" y="210"/><point x="317" y="235"/><point x="280" y="235"/></area><area isNotContentShape="false" name="Class Object" refid="_17_0_5_1_43701b0_1461923350105_682820_3411" shape="rect" type="0"><point x="196" y="42"/><point x="239" y="42"/><point x="239" y="67"/><point x="196" y="67"/></area><area isNotContentShape="false" name="Class Method" refid="_17_0_5_1_43701b0_1461923350099_228003_3386" shape="rect" type="0"><point x="98" y="210"/><point x="146" y="210"/><point x="146" y="235"/><point x="98" y="235"/></area><area isNotContentShape="false" name="Class Package" refid="_17_0_5_1_43701b0_1461923350099_796054_3387" shape="rect" type="0"><point x="182" y="98"/><point x="234" y="98"/><point x="234" y="123"/><point x="182" y="123"/></area><area isNotContentShape="false" name="Class Parameter" refid="_17_0_5_1_43701b0_1461923350100_6410_3388" shape="rect" type="0"><point x="294" y="98"/><point x="355" y="98"/><point x="355" y="123"/><point x="294" y="123"/></area><area isNotContentShape="false" name="Interface Member" refid="_17_0_5_1_43701b0_1461923350105_720350_3410" shape="rect" type="0"><point x="231" y="161"/><point x="296" y="161"/><point x="296" y="186"/><point x="231" y="186"/></area><area isNotContentShape="false" name="Class Executable" refid="_17_0_5_1_43701b0_1461923350098_731815_3384" shape="rect" type="0"><point x="56" y="154"/><point x="122" y="154"/><point x="122" y="179"/><point x="56" y="179"/></area><area isNotContentShape="false" name="Class Executable" refid="_17_0_5_1_43701b0_1461923350098_731815_3384" shape="rect" type="0"><point x="203" y="210"/><point x="269" y="210"/><point x="269" y="235"/><point x="203" y="235"/></area><area isNotContentShape="false" name="Class Constructor" refid="_17_0_5_1_43701b0_1461923350097_348287_3383" shape="rect" type="0"><point x="21" y="210"/><point x="93" y="210"/><point x="93" y="235"/><point x="21" y="235"/></area><area isNotContentShape="false" name="Class AccessibleObject" refid="_17_0_5_1_43701b0_1461923350097_173006_3382" shape="rect" type="0"><point x="70" y="98"/><point x="170" y="98"/><point x="170" y="123"/><point x="70" y="123"/></area></map><name humanName="Name" mode="s,e">Core Hierarchy</name><namespace classType="Package" humanName="Namespace" humanType="Package" icon="ripples_files/icon_package_1584688439.png" name="Java Reflection" refid="_17_0_5_1_43701b0_1462171467184_515020_8291"/><ownedElement humanName="Owned Element"><instancespecification classType="InstanceSpecification" humanType="Instance Specification" icon="ripples_files/icon_instancespecification_1939970407.png" name=" : DiagramInfo" refid="_17_0_5_1_43701b0_1461923350221_735723_3873"/></ownedElement><owner classType="Package" humanName="Owner" humanType="Package" icon="ripples_files/icon_package_1584688439.png" mode="s,e" name="Java Reflection" refid="_17_0_5_1_43701b0_1462171467184_515020_8291"/><ownerOfDiagram classType="Package" humanName="Owner Of Diagram" humanType="Package" icon="ripples_files/icon_package_1584688439.png" name="Java Reflection" refid="_17_0_5_1_43701b0_1462171467184_515020_8291"/><qualifiedName humanName="Qualified Name" mode="e">Java Reflection::Core Hierarchy</qualifiedName><TO_DO humanName="To Do" mode="s,e"/><DIAGRAM_TYPE_DERIVED_PROPERTY humanName="Type">Class Diagram</DIAGRAM_TYPE_DERIVED_PROPERTY><visibility humanName="Visibility">public</visibility><appearsIn><diagram classType="Diagram" humanType="Diagram" icon="ripples_files/icon_Class Diagram_62827829.png" name="Overview" refid="_17_0_5_1_43701b0_1461923350177_263390_3610"/><diagram classType="Diagram" humanType="Diagram" icon="ripples_files/icon_Class Diagram_62827829.png" name="Java Reflection Overview" refid="_17_0_5_1_43701b0_1461923439215_855377_7821"/></appearsIn></diagram></magicdraw>