<?xml version="1.0" encoding="UTF-8"?><magicdraw><property classType="Property" humanType="Property" icon="ripples_files/icon_property_932503272.png" id="_17_0_5_1_43701b0_1461923350206_293589_3747"><aggregation humanName="Aggregation" mode="s,e">none</aggregation><association classType="Association" humanName="Association" humanType="Association" icon="ripples_files/icon_association_399155742.png" isRelationship="true" name="Association[Executable -&gt; parameterAnnotations:Annotation]" refid="_17_0_5_1_43701b0_1461923350107_869355_3420"/><UMLClass classType="Class" humanName="Class" humanType="Class" icon="ripples_files/icon_class_1403380247.png" name="Executable" refid="_17_0_5_1_43701b0_1461923350098_731815_3384"/><classifier classType="Class" humanName="Classifier" humanType="Class" icon="ripples_files/icon_class_1403380247.png" name="Executable" refid="_17_0_5_1_43701b0_1461923350098_731815_3384"/><featuringClassifier classType="Class" humanName="Featuring Classifier" humanType="Class" icon="ripples_files/icon_class_1403380247.png" name="Executable" refid="_17_0_5_1_43701b0_1461923350098_731815_3384"/><isComposite humanName="Is Composite">false</isComposite><isDerived humanName="Is Derived" mode="s,e">false</isDerived><isDerivedUnion humanName="Is Derived Union" mode="s,e">false</isDerivedUnion><isID humanName="Is ID" mode="e">false</isID><isLeaf humanName="Is Leaf" mode="s,e">false</isLeaf><isOrdered humanName="Is Ordered" mode="s,e">false</isOrdered><isReadOnly humanName="Is Read Only" mode="s,e">false</isReadOnly><isStatic humanName="Is Static" mode="s,e">false</isStatic><isUnique humanName="Is Unique" mode="e">true</isUnique><lower humanName="Lower">0</lower><lowerValue classType="LiteralString" humanName="Lower Value" humanType="Literal String" icon="ripples_files/icon_literalstring_614739550.png" name="*, *" refid="_17_0_5_1_43701b0_1461923350255_398408_4034" text="*, *"/><multiplicity humanName="Multiplicity" mode="s,e">*, *</multiplicity><multiplicity humanName="Multiplicity" mode="s,e">*, *</multiplicity><name humanName="Name" mode="s,e">parameterAnnotations</name><namespace classType="Class" humanName="Namespace" humanType="Class" icon="ripples_files/icon_class_1403380247.png" name="Executable" refid="_17_0_5_1_43701b0_1461923350098_731815_3384"/><navigable humanName="Navigable">true</navigable><opposite classType="Property" humanName="Opposite" humanType="Property" icon="ripples_files/icon_property_932503272.png" name=" : Executable" refid="_17_0_5_1_43701b0_1461923350218_80249_3836"/><ownedBy classType="Class" humanName="Owned By" humanType="Class" icon="ripples_files/icon_class_1403380247.png" name="Executable" refid="_17_0_5_1_43701b0_1461923350098_731815_3384"/><ownedElement humanName="Owned Element"><literalstring classType="LiteralString" humanType="Literal String" icon="ripples_files/icon_literalstring_614739550.png" name="*, *" refid="_17_0_5_1_43701b0_1461923350255_398408_4034" text="*, *"/><literalstring classType="LiteralString" humanType="Literal String" icon="ripples_files/icon_literalstring_614739550.png" name="*, *" refid="_17_0_5_1_43701b0_1461923350255_798477_4033" text="*, *"/></ownedElement><owner classType="Class" humanName="Owner" humanType="Class" icon="ripples_files/icon_class_1403380247.png" mode="s,e" name="Executable" refid="_17_0_5_1_43701b0_1461923350098_731815_3384"/><qualifiedName humanName="Qualified Name" mode="e">Java Reflection::Executable::parameterAnnotations</qualifiedName><redefinitionContext humanName="Redefinition Context"><class classType="Class" humanType="Class" icon="ripples_files/icon_class_1403380247.png" name="Executable" refid="_17_0_5_1_43701b0_1461923350098_731815_3384"/></redefinitionContext><TO_DO humanName="To Do" mode="s,e"/><type classType="Interface" humanName="Type" humanType="Interface" icon="ripples_files/icon_interface_753692748.png" mode="s,e" name="Annotation" refid="_17_0_5_1_43701b0_1461923350102_794940_3397"/><TYPE_MODIFIER humanName="Type Modifier" mode="e"/><upper humanName="Upper">-1</upper><upperValue classType="LiteralString" humanName="Upper Value" humanType="Literal String" icon="ripples_files/icon_literalstring_614739550.png" name="*, *" refid="_17_0_5_1_43701b0_1461923350255_798477_4033" text="*, *"/><visibility humanName="Visibility" mode="s,e">private</visibility></property></magicdraw>