<?xml version="1.0" encoding="UTF-8"?><magicdraw><property classType="Property" humanType="Property" icon="ripples_files/icon_property_932503272.png" id="_17_0_5_1_43701b0_1461923350214_769541_3801"><aggregation humanName="Aggregation" mode="s,e">none</aggregation><association classType="Association" humanName="Association" humanType="Association" icon="ripples_files/icon_association_399155742.png" isRelationship="true" name="Association[Parameter -&gt; annotatedType:AnnotatedType]" refid="_17_0_5_1_43701b0_1461923350108_980498_3428"/><UMLClass classType="Class" humanName="Class" humanType="Class" icon="ripples_files/icon_class_1403380247.png" name="Parameter" refid="_17_0_5_1_43701b0_1461923350100_6410_3388"/><classifier classType="Class" humanName="Classifier" humanType="Class" icon="ripples_files/icon_class_1403380247.png" name="Parameter" refid="_17_0_5_1_43701b0_1461923350100_6410_3388"/><featuringClassifier classType="Class" humanName="Featuring Classifier" humanType="Class" icon="ripples_files/icon_class_1403380247.png" name="Parameter" refid="_17_0_5_1_43701b0_1461923350100_6410_3388"/><isComposite humanName="Is Composite">false</isComposite><isDerived humanName="Is Derived" mode="s,e">false</isDerived><isDerivedUnion humanName="Is Derived Union" mode="s,e">false</isDerivedUnion><isID humanName="Is ID" mode="e">false</isID><isLeaf humanName="Is Leaf" mode="s,e">false</isLeaf><isOrdered humanName="Is Ordered" mode="s,e">false</isOrdered><isReadOnly humanName="Is Read Only" mode="s,e">false</isReadOnly><isStatic humanName="Is Static" mode="s,e">false</isStatic><isUnique humanName="Is Unique" mode="e">true</isUnique><lower humanName="Lower">1</lower><lowerValue classType="LiteralInteger" humanName="Lower Value" humanType="Literal Integer" icon="ripples_files/icon_literalinteger_182673449.png" name="1" refid="_17_0_5_1_43701b0_1461923350262_464136_4109" text="1"/><multiplicity humanName="Multiplicity" mode="s,e">1</multiplicity><multiplicity humanName="Multiplicity" mode="s,e">1</multiplicity><name humanName="Name" mode="s,e">annotatedType</name><namespace classType="Class" humanName="Namespace" humanType="Class" icon="ripples_files/icon_class_1403380247.png" name="Parameter" refid="_17_0_5_1_43701b0_1461923350100_6410_3388"/><navigable humanName="Navigable">true</navigable><opposite classType="Property" humanName="Opposite" humanType="Property" icon="ripples_files/icon_property_932503272.png" name=" : Parameter" refid="_17_0_5_1_43701b0_1461923350218_709291_3842"/><ownedBy classType="Class" humanName="Owned By" humanType="Class" icon="ripples_files/icon_class_1403380247.png" name="Parameter" refid="_17_0_5_1_43701b0_1461923350100_6410_3388"/><ownedElement humanName="Owned Element"><literalinteger classType="LiteralInteger" humanType="Literal Integer" icon="ripples_files/icon_literalinteger_182673449.png" name="1" refid="_17_0_5_1_43701b0_1461923350262_464136_4109" text="1"/><literalunlimitednatural classType="LiteralUnlimitedNatural" humanType="Literal Unlimited Natural" icon="ripples_files/icon_literalunlimitednatural_1874326541.png" name="1" refid="_17_0_5_1_43701b0_1461923350262_456084_4108" text="1"/></ownedElement><owner classType="Class" humanName="Owner" humanType="Class" icon="ripples_files/icon_class_1403380247.png" mode="s,e" name="Parameter" refid="_17_0_5_1_43701b0_1461923350100_6410_3388"/><qualifiedName humanName="Qualified Name" mode="e">Java Reflection::Parameter::annotatedType</qualifiedName><redefinitionContext humanName="Redefinition Context"><class classType="Class" humanType="Class" icon="ripples_files/icon_class_1403380247.png" name="Parameter" refid="_17_0_5_1_43701b0_1461923350100_6410_3388"/></redefinitionContext><TO_DO humanName="To Do" mode="s,e"/><type classType="Interface" humanName="Type" humanType="Interface" icon="ripples_files/icon_interface_753692748.png" mode="s,e" name="AnnotatedType" refid="_17_0_5_1_43701b0_1461923350096_974606_3378"/><TYPE_MODIFIER humanName="Type Modifier" mode="e"/><upper humanName="Upper">1</upper><upperValue classType="LiteralUnlimitedNatural" humanName="Upper Value" humanType="Literal Unlimited Natural" icon="ripples_files/icon_literalunlimitednatural_1874326541.png" name="1" refid="_17_0_5_1_43701b0_1461923350262_456084_4108" text="1"/><visibility humanName="Visibility" mode="s,e">private</visibility></property></magicdraw>