<?xml version="1.0" encoding="UTF-8"?><magicdraw><diagram classType="Diagram" diagramType="Class Diagram" height="431" humanType="Diagram" icon="ripples_files/icon_Class Diagram_62827829.png" id="_17_0_5_1_43701b0_1461923350141_67354_3505" src="ripples_files/_17_0_5_1_43701b0_1461923350141_67354_3505.png" width="740"><APPLIED_STEREOTYPES humanName="Applied Stereotype" mode="s,e"><stereotype classType="Stereotype" humanType="Stereotype" icon="ripples_files/icon_stereotype_1934908288.png" name="DiagramInfo" refid="_9_0_be00301_1108044380615_150487_0"/></APPLIED_STEREOTYPES><appliedStereotype humanName="Applied Stereotype" mode="s,e"><stereotype classType="Stereotype" humanType="Stereotype" icon="ripples_files/icon_stereotype_1934908288.png" name="DiagramInfo" refid="_9_0_be00301_1108044380615_150487_0"><property classType="Property" humanName="Author" humanType="Property" icon="ripples_files/icon_property_932503272.png" name="Author" refid="_be00301_1077726770128_871366_1"><String>john</String></property><property classType="Property" humanName="Base_ Diagram" humanType="Property" icon="ripples_files/icon_property_932503272.png" name="base_Diagram" refid="_10_0EAPbeta_be00301_1123081772498_901864_356"/><property classType="Property" humanName="Base_ Element" humanType="Property" icon="ripples_files/icon_property_932503272.png" name="base_Element" refid="_10_0EAPbeta_be00301_1123081772098_411862_275"/><property classType="Property" humanName="Creation Date" humanType="Property" icon="ripples_files/icon_property_932503272.png" name="Creation date" refid="_be00301_1073306188629_537791_2"><String>4/29/16 11:49 AM</String></property><property classType="Property" humanName="Last modified by" humanType="Property" icon="ripples_files/icon_property_932503272.png" name="Last modified by" refid="_16_8beta_8ca0285_1257244649124_794756_344"><String>john</String></property><property classType="Property" humanName="Modification Date" humanType="Property" icon="ripples_files/icon_property_932503272.png" name="Modification date" refid="_be00301_1073394345322_922552_1"><String>8/19/16 1:12 PM</String></property></stereotype></appliedStereotype><appliedStereotypeInstance classType="InstanceSpecification" humanName="Applied Stereotype Instance" humanType="Instance Specification" icon="ripples_files/icon_instancespecification_1939970407.png" name=" : DiagramInfo" refid="_17_0_5_1_43701b0_1461923350226_886201_3875"/><map><area isNotContentShape="false" name="Property parameterizedType" refid="_17_0_5_1_43701b0_1461923350214_552232_3799" shape="rect" type="0"><point x="378" y="359"/><point x="389" y="359"/><point x="389" y="370"/><point x="378" y="370"/></area><area isNotContentShape="false" name="Property" refid="_17_0_5_1_43701b0_1461923350218_505089_3840" shape="rect" type="0"><point x="536" y="359"/><point x="547" y="359"/><point x="547" y="370"/><point x="536" y="370"/></area><area isNotContentShape="false" name="Property genericReturnType" refid="_17_0_5_1_43701b0_1461923350211_429953_3777" shape="rect" type="0"><point x="378" y="163"/><point x="389" y="163"/><point x="389" y="174"/><point x="378" y="174"/></area><area isNotContentShape="false" name="Property" refid="_17_0_5_1_43701b0_1461923350218_209775_3838" shape="rect" type="0"><point x="536" y="163"/><point x="547" y="163"/><point x="547" y="174"/><point x="536" y="174"/></area><area isNotContentShape="false" name="Property upperBounds" refid="_17_0_5_1_43701b0_1461923350187_772813_3647" shape="rect" type="0"><point x="319" y="380"/><point x="330" y="380"/><point x="330" y="391"/><point x="319" y="391"/></area><area isNotContentShape="false" name="Property" refid="_17_0_5_1_43701b0_1461923350215_824681_3810" shape="rect" type="0"><point x="175" y="380"/><point x="186" y="380"/><point x="186" y="391"/><point x="175" y="391"/></area><area isNotContentShape="false" name="Property actualTypeArguments" refid="_17_0_5_1_43701b0_1461923350186_901886_3638" shape="rect" type="0"><point x="319" y="97"/><point x="330" y="97"/><point x="330" y="108"/><point x="319" y="108"/></area><area isNotContentShape="false" name="Property" refid="_17_0_5_1_43701b0_1461923350215_785256_3806" shape="rect" type="0"><point x="175" y="97"/><point x="186" y="97"/><point x="186" y="108"/><point x="175" y="108"/></area><area isNotContentShape="false" name="Property genericComponentType" refid="_17_0_5_1_43701b0_1461923350186_539522_3637" shape="rect" type="0"><point x="319" y="55"/><point x="330" y="55"/><point x="330" y="66"/><point x="319" y="66"/></area><area isNotContentShape="false" name="Property" refid="_17_0_5_1_43701b0_1461923350215_350713_3805" shape="rect" type="0"><point x="175" y="55"/><point x="186" y="55"/><point x="186" y="66"/><point x="175" y="66"/></area><area isNotContentShape="false" name="Property genericInterfaces" refid="_17_0_5_1_43701b0_1461923350192_198109_3672" shape="rect" type="0"><point x="378" y="314"/><point x="389" y="314"/><point x="389" y="325"/><point x="378" y="325"/></area><area isNotContentShape="false" name="Property" refid="_17_0_5_1_43701b0_1461923350219_753869_3850" shape="rect" type="0"><point x="536" y="314"/><point x="547" y="314"/><point x="547" y="325"/><point x="536" y="325"/></area><area isNotContentShape="false" name="Property rawType" refid="_17_0_5_1_43701b0_1461923350186_508758_3640" shape="rect" type="0"><point x="319" y="170"/><point x="330" y="170"/><point x="330" y="181"/><point x="319" y="181"/></area><area isNotContentShape="false" name="Property" refid="_17_0_5_1_43701b0_1461923350215_980401_3808" shape="rect" type="0"><point x="175" y="170"/><point x="186" y="170"/><point x="186" y="181"/><point x="175" y="181"/></area><area isNotContentShape="false" name="Property genericExceptionTypes" refid="_17_0_5_1_43701b0_1461923350205_980073_3745" shape="rect" type="0"><point x="378" y="62"/><point x="389" y="62"/><point x="389" y="73"/><point x="378" y="73"/></area><area isNotContentShape="false" name="Property" refid="_17_0_5_1_43701b0_1461923350218_515584_3834" shape="rect" type="0"><point x="536" y="62"/><point x="547" y="62"/><point x="547" y="73"/><point x="536" y="73"/></area><area isNotContentShape="false" name="Property genericSuperClass" refid="_17_0_5_1_43701b0_1461923350192_972535_3669" shape="rect" type="0"><point x="378" y="272"/><point x="389" y="272"/><point x="389" y="283"/><point x="378" y="283"/></area><area isNotContentShape="false" name="Property" refid="_17_0_5_1_43701b0_1461923350219_210092_3847" shape="rect" type="0"><point x="536" y="272"/><point x="547" y="272"/><point x="547" y="283"/><point x="536" y="283"/></area><area isNotContentShape="false" name="Property genericParameterTypes" refid="_17_0_5_1_43701b0_1461923350206_430760_3746" shape="rect" type="0"><point x="378" y="107"/><point x="389" y="107"/><point x="389" y="118"/><point x="378" y="118"/></area><area isNotContentShape="false" name="Property" refid="_17_0_5_1_43701b0_1461923350218_591172_3835" shape="rect" type="0"><point x="536" y="107"/><point x="547" y="107"/><point x="547" y="118"/><point x="536" y="118"/></area><area isNotContentShape="false" name="Property ownerType" refid="_17_0_5_1_43701b0_1461923350186_233388_3639" shape="rect" type="0"><point x="319" y="132"/><point x="330" y="132"/><point x="330" y="143"/><point x="319" y="143"/></area><area isNotContentShape="false" name="Property" refid="_17_0_5_1_43701b0_1461923350215_282266_3807" shape="rect" type="0"><point x="175" y="132"/><point x="186" y="132"/><point x="186" y="143"/><point x="175" y="143"/></area><area isNotContentShape="false" name="Property lowerBounds" refid="_17_0_5_1_43701b0_1461923350187_87460_3646" shape="rect" type="0"><point x="319" y="345"/><point x="330" y="345"/><point x="330" y="356"/><point x="319" y="356"/></area><area isNotContentShape="false" name="Property" refid="_17_0_5_1_43701b0_1461923350215_989179_3809" shape="rect" type="0"><point x="175" y="345"/><point x="186" y="345"/><point x="186" y="356"/><point x="175" y="356"/></area><area isNotContentShape="false" name="Property genericType" refid="_17_0_5_1_43701b0_1461923350210_787395_3773" shape="rect" type="0"><point x="378" y="198"/><point x="389" y="198"/><point x="389" y="209"/><point x="378" y="209"/></area><area isNotContentShape="false" name="Property" refid="_17_0_5_1_43701b0_1461923350218_732449_3844" shape="rect" type="0"><point x="536" y="198"/><point x="547" y="198"/><point x="547" y="209"/><point x="536" y="209"/></area><area isNotContentShape="false" name="Property" refid="_17_0_5_1_43701b0_1461923350216_471507_3823" shape="rect" type="0"><point x="172" y="219"/><point x="183" y="219"/><point x="183" y="230"/><point x="172" y="230"/></area><area isNotContentShape="false" name="Property bounds" refid="_17_0_5_1_43701b0_1461923350187_856811_3644" shape="rect" type="0"><point x="319" y="219"/><point x="330" y="219"/><point x="330" y="230"/><point x="319" y="230"/></area><area isNotContentShape="false" name="Property typeParameters" refid="_17_0_5_1_43701b0_1461923350203_76101_3729" shape="rect" type="0"><point x="111" y="237"/><point x="122" y="237"/><point x="122" y="248"/><point x="111" y="248"/></area><area isNotContentShape="false" name="Property genericDeclaration" refid="_17_0_5_1_43701b0_1461923350187_360711_3645" shape="rect" type="0"><point x="111" y="284"/><point x="122" y="284"/><point x="122" y="295"/><point x="111" y="295"/></area><area isNotContentShape="false" name="Property bounds" refid="_17_0_5_1_43701b0_1461923350187_856811_3644" shape="rect" type="0"><point x="283" y="208"/><point x="327" y="208"/><point x="327" y="222"/><point x="283" y="222"/></area><area isNotContentShape="false" name="Property rawType" refid="_17_0_5_1_43701b0_1461923350186_508758_3640" shape="rect" type="0"><point x="276" y="159"/><point x="327" y="159"/><point x="327" y="173"/><point x="276" y="173"/></area><area isNotContentShape="false" name="Property ownerType" refid="_17_0_5_1_43701b0_1461923350186_233388_3639" shape="rect" type="0"><point x="259" y="116"/><point x="322" y="116"/><point x="322" y="130"/><point x="259" y="130"/></area><area isNotContentShape="false" name="Property genericType" refid="_17_0_5_1_43701b0_1461923350210_787395_3773" shape="rect" type="0"><point x="381" y="187"/><point x="448" y="187"/><point x="448" y="201"/><point x="381" y="201"/></area><area isNotContentShape="false" name="Property lowerBounds" refid="_17_0_5_1_43701b0_1461923350187_87460_3646" shape="rect" type="0"><point x="252" y="331"/><point x="323" y="331"/><point x="323" y="345"/><point x="252" y="345"/></area><area isNotContentShape="false" name="Property upperBounds" refid="_17_0_5_1_43701b0_1461923350187_772813_3647" shape="rect" type="0"><point x="252" y="367"/><point x="325" y="367"/><point x="325" y="381"/><point x="252" y="381"/></area><area isNotContentShape="false" name="Property typeParameters" refid="_17_0_5_1_43701b0_1461923350203_76101_3729" shape="rect" type="0"><point x="28" y="240"/><point x="114" y="240"/><point x="114" y="254"/><point x="28" y="254"/></area><area isNotContentShape="false" name="Property genericInterfaces" refid="_17_0_5_1_43701b0_1461923350192_198109_3672" shape="rect" type="0"><point x="381" y="303"/><point x="472" y="303"/><point x="472" y="317"/><point x="381" y="317"/></area><area isNotContentShape="false" name="Property genericDeclaration" refid="_17_0_5_1_43701b0_1461923350187_360711_3645" shape="rect" type="0"><point x="15" y="278"/><point x="114" y="278"/><point x="114" y="292"/><point x="15" y="292"/></area><area isNotContentShape="false" name="Property genericSuperClass" refid="_17_0_5_1_43701b0_1461923350192_972535_3669" shape="rect" type="0"><point x="381" y="261"/><point x="480" y="261"/><point x="480" y="275"/><point x="381" y="275"/></area><area isNotContentShape="false" name="Property genericReturnType" refid="_17_0_5_1_43701b0_1461923350211_429953_3777" shape="rect" type="0"><point x="381" y="152"/><point x="481" y="152"/><point x="481" y="166"/><point x="381" y="166"/></area><area isNotContentShape="false" name="Property parameterizedType" refid="_17_0_5_1_43701b0_1461923350214_552232_3799" shape="rect" type="0"><point x="381" y="348"/><point x="482" y="348"/><point x="482" y="362"/><point x="381" y="362"/></area><area isNotContentShape="false" name="Property actualTypeArguments" refid="_17_0_5_1_43701b0_1461923350186_901886_3638" shape="rect" type="0"><point x="210" y="81"/><point x="325" y="81"/><point x="325" y="95"/><point x="210" y="95"/></area><area isNotContentShape="false" name="Property genericExceptionTypes" refid="_17_0_5_1_43701b0_1461923350205_980073_3745" shape="rect" type="0"><point x="381" y="51"/><point x="502" y="51"/><point x="502" y="65"/><point x="381" y="65"/></area><area isNotContentShape="false" name="Property genericParameterTypes" refid="_17_0_5_1_43701b0_1461923350206_430760_3746" shape="rect" type="0"><point x="381" y="96"/><point x="505" y="96"/><point x="505" y="110"/><point x="381" y="110"/></area><area isNotContentShape="false" name="Property genericComponentType" refid="_17_0_5_1_43701b0_1461923350186_539522_3637" shape="rect" type="0"><point x="203" y="42"/><point x="328" y="42"/><point x="328" y="56"/><point x="203" y="56"/></area><area isNotContentShape="false" name="Association" refid="_17_0_5_1_43701b0_1461923350102_181242_3396" shape="poly" type="0"><point x="117" y="236"/><point x="117" y="293"/><point x="115" y="295"/><point x="115" y="238"/></area><area isNotContentShape="false" name="Association" refid="_17_0_5_1_43701b0_1461923350100_625795_3389" shape="poly" type="0"><point x="330" y="59"/><point x="176" y="59"/><point x="174" y="61"/><point x="328" y="61"/></area><area isNotContentShape="false" name="Association" refid="_17_0_5_1_43701b0_1461923350101_16942_3391" shape="poly" type="0"><point x="330" y="136"/><point x="176" y="136"/><point x="174" y="138"/><point x="328" y="138"/></area><area isNotContentShape="false" name="Association" refid="_17_0_5_1_43701b0_1461923350101_897241_3392" shape="poly" type="0"><point x="330" y="174"/><point x="176" y="174"/><point x="174" y="176"/><point x="328" y="176"/></area><area isNotContentShape="false" name="Association" refid="_17_0_5_1_43701b0_1461923350101_709697_3393" shape="poly" type="0"><point x="330" y="349"/><point x="176" y="349"/><point x="174" y="351"/><point x="328" y="351"/></area><area isNotContentShape="false" name="Association" refid="_17_0_5_1_43701b0_1461923350101_102206_3390" shape="poly" type="0"><point x="330" y="101"/><point x="176" y="101"/><point x="174" y="103"/><point x="328" y="103"/></area><area isNotContentShape="false" name="Association" refid="_17_0_5_1_43701b0_1461923350101_95862_3394" shape="poly" type="0"><point x="330" y="384"/><point x="176" y="384"/><point x="174" y="386"/><point x="328" y="386"/></area><area isNotContentShape="false" name="Association" refid="_17_0_5_1_43701b0_1461923350104_115273_3409" shape="poly" type="0"><point x="173" y="223"/><point x="330" y="223"/><point x="328" y="225"/><point x="171" y="225"/></area><area isNotContentShape="false" name="Association" refid="_17_0_5_1_43701b0_1461923350109_671144_3430" shape="poly" type="0"><point x="379" y="202"/><point x="547" y="202"/><point x="545" y="204"/><point x="377" y="204"/></area><area isNotContentShape="false" name="Association" refid="_17_0_5_1_43701b0_1461923350109_580588_3434" shape="poly" type="0"><point x="379" y="276"/><point x="547" y="276"/><point x="545" y="278"/><point x="377" y="278"/></area><area isNotContentShape="false" name="Association" refid="_17_0_5_1_43701b0_1461923350106_980241_3419" shape="poly" type="0"><point x="379" y="111"/><point x="547" y="111"/><point x="545" y="113"/><point x="377" y="113"/></area><area isNotContentShape="false" name="Association" refid="_17_0_5_1_43701b0_1461923350107_846950_3423" shape="poly" type="0"><point x="379" y="167"/><point x="547" y="167"/><point x="545" y="169"/><point x="377" y="169"/></area><area isNotContentShape="false" name="Association" refid="_17_0_5_1_43701b0_1461923350106_714909_3418" shape="poly" type="0"><point x="379" y="66"/><point x="547" y="66"/><point x="545" y="68"/><point x="377" y="68"/></area><area isNotContentShape="false" name="Association" refid="_17_0_5_1_43701b0_1461923350108_59586_3426" shape="poly" type="0"><point x="379" y="363"/><point x="547" y="363"/><point x="545" y="365"/><point x="377" y="365"/></area><area isNotContentShape="false" name="Association" refid="_17_0_5_1_43701b0_1461923350110_378867_3437" shape="poly" type="0"><point x="379" y="318"/><point x="547" y="318"/><point x="545" y="320"/><point x="377" y="320"/></area><area isNotContentShape="false" name="Class Method" refid="_17_0_5_1_43701b0_1461923350099_228003_3386" shape="rect" type="0"><point x="546" y="154"/><point x="594" y="154"/><point x="594" y="179"/><point x="546" y="179"/></area><area isNotContentShape="false" name="Class Parameter" refid="_17_0_5_1_43701b0_1461923350100_6410_3388" shape="rect" type="0"><point x="546" y="350"/><point x="607" y="350"/><point x="607" y="375"/><point x="546" y="375"/></area><area isNotContentShape="false" name="Interface WildcardType" refid="_17_0_5_1_43701b0_1461923350093_426228_3373" shape="rect" type="0"><point x="77" y="336"/><point x="176" y="336"/><point x="176" y="393"/><point x="77" y="393"/></area><area isNotContentShape="false" name="Interface GenericArrayType" refid="_17_0_5_1_43701b0_1461923350092_886739_3370" shape="rect" type="0"><point x="56" y="42"/><point x="176" y="42"/><point x="176" y="67"/><point x="56" y="67"/></area><area isNotContentShape="false" name="Interface GenericDeclaration" refid="_17_0_5_1_43701b0_1461923350097_986189_3381" shape="rect" type="0"><point x="49" y="294"/><point x="173" y="294"/><point x="173" y="319"/><point x="49" y="319"/></area><area isNotContentShape="false" name="Property name" refid="_17_0_5_1_43701b0_1461923350186_551630_3642" shape="rect" type="0"><point x="45" y="218"/><point x="170" y="218"/><point x="170" y="232"/><point x="45" y="232"/></area><area isNotContentShape="false" name="Interface ParameterizedType" refid="_17_0_5_1_43701b0_1461923350093_436421_3371" shape="rect" type="0"><point x="49" y="77"/><point x="176" y="77"/><point x="176" y="183"/><point x="49" y="183"/></area><area isNotContentShape="false" name="Operation toGenericString" refid="_17_0_5_1_43701b0_1461923350207_351282_3753" shape="rect" type="0"><point x="549" y="211"/><point x="678" y="211"/><point x="678" y="225"/><point x="549" y="225"/></area><area isNotContentShape="false" name="Interface TypeVariable" refid="_17_0_5_1_43701b0_1461923350093_956120_3372" shape="rect" type="0"><point x="42" y="196"/><point x="173" y="196"/><point x="173" y="238"/><point x="42" y="238"/></area><area isNotContentShape="false" name="Class Field" refid="_17_0_5_1_43701b0_1461923350098_684609_3385" shape="rect" type="0"><point x="546" y="189"/><point x="681" y="189"/><point x="681" y="243"/><point x="546" y="243"/></area><area isNotContentShape="false" name="Operation toGenericString" refid="_17_0_5_1_43701b0_1461923350204_50550_3739" shape="rect" type="0"><point x="549" y="64"/><point x="684" y="64"/><point x="684" y="78"/><point x="549" y="78"/></area><area isNotContentShape="false" name="Class Executable" refid="_17_0_5_1_43701b0_1461923350098_731815_3384" shape="rect" type="0"><point x="546" y="42"/><point x="687" y="42"/><point x="687" y="134"/><point x="546" y="134"/></area><area isNotContentShape="false" name="Operation getClassLoader" refid="_17_0_5_1_43701b0_1461923350190_392014_3661" shape="rect" type="0"><point x="549" y="294"/><point x="713" y="294"/><point x="713" y="308"/><point x="549" y="308"/></area><area isNotContentShape="false" name="Operation toGenericString" refid="_17_0_5_1_43701b0_1461923350188_877079_3651" shape="rect" type="0"><point x="549" y="281"/><point x="713" y="281"/><point x="713" y="295"/><point x="549" y="295"/></area><area isNotContentShape="false" name="Class Class" refid="_17_0_5_1_43701b0_1461923350094_55897_3374" shape="rect" type="0"><point x="546" y="259"/><point x="716" y="259"/><point x="716" y="337"/><point x="546" y="337"/></area><area isNotContentShape="false" name="Interface Type" refid="_17_0_5_1_43701b0_1461923350088_841582_3369" shape="rect" type="0"><point x="329" y="42"/><point x="379" y="42"/><point x="379" y="407"/><point x="329" y="407"/></area></map><name humanName="Name" mode="s,e">Generics Associations</name><namespace classType="Package" humanName="Namespace" humanType="Package" icon="ripples_files/icon_package_1584688439.png" name="Java Reflection" refid="_17_0_5_1_43701b0_1462171467184_515020_8291"/><ownedElement humanName="Owned Element"><instancespecification classType="InstanceSpecification" humanType="Instance Specification" icon="ripples_files/icon_instancespecification_1939970407.png" name=" : DiagramInfo" refid="_17_0_5_1_43701b0_1461923350226_886201_3875"/></ownedElement><owner classType="Package" humanName="Owner" humanType="Package" icon="ripples_files/icon_package_1584688439.png" mode="s,e" name="Java Reflection" refid="_17_0_5_1_43701b0_1462171467184_515020_8291"/><ownerOfDiagram classType="Package" humanName="Owner Of Diagram" humanType="Package" icon="ripples_files/icon_package_1584688439.png" name="Java Reflection" refid="_17_0_5_1_43701b0_1462171467184_515020_8291"/><qualifiedName humanName="Qualified Name" mode="e">Java Reflection::Generics Associations</qualifiedName><TO_DO humanName="To Do" mode="s,e"/><DIAGRAM_TYPE_DERIVED_PROPERTY humanName="Type">Class Diagram</DIAGRAM_TYPE_DERIVED_PROPERTY><visibility humanName="Visibility">public</visibility><appearsIn><diagram classType="Diagram" humanType="Diagram" icon="ripples_files/icon_Class Diagram_62827829.png" name="Overview" refid="_17_0_5_1_43701b0_1461923350177_263390_3610"/><diagram classType="Diagram" humanType="Diagram" icon="ripples_files/icon_Class Diagram_62827829.png" name="Java Reflection Overview" refid="_17_0_5_1_43701b0_1461923439215_855377_7821"/></appearsIn></diagram></magicdraw>