<?xml version="1.0" encoding="UTF-8"?><magicdraw><generalization classType="Generalization" humanType="Generalization" icon="ripples_files/icon_generalization_1418550995.png" id="_17_0_5_1_43701b0_1461923350185_736009_3635"><general classType="Interface" humanName="General" humanType="Interface" icon="ripples_files/icon_interface_753692748.png" mode="s,e" name="Type" refid="_17_0_5_1_43701b0_1461923350088_841582_3369"/><isSubstitutable humanName="Is Substitutable">true</isSubstitutable><owner classType="Interface" humanName="Owner" humanType="Interface" icon="ripples_files/icon_interface_753692748.png" mode="s,e" name="ParameterizedType" refid="_17_0_5_1_43701b0_1461923350093_436421_3371"/><relatedElement humanName="Related Element"><interface classType="Interface" humanType="Interface" icon="ripples_files/icon_interface_753692748.png" name="ParameterizedType" refid="_17_0_5_1_43701b0_1461923350093_436421_3371"/><interface classType="Interface" humanType="Interface" icon="ripples_files/icon_interface_753692748.png" name="Type" refid="_17_0_5_1_43701b0_1461923350088_841582_3369"/></relatedElement><source humanName="Source"><interface classType="Interface" humanType="Interface" icon="ripples_files/icon_interface_753692748.png" name="ParameterizedType" refid="_17_0_5_1_43701b0_1461923350093_436421_3371"/></source><specific classType="Interface" humanName="Specific" humanType="Interface" icon="ripples_files/icon_interface_753692748.png" mode="s,e" name="ParameterizedType" refid="_17_0_5_1_43701b0_1461923350093_436421_3371"/><target humanName="Target"><interface classType="Interface" humanType="Interface" icon="ripples_files/icon_interface_753692748.png" name="Type" refid="_17_0_5_1_43701b0_1461923350088_841582_3369"/></target><TO_DO humanName="To Do" mode="s,e"/><appearsIn><diagram classType="Diagram" humanType="Diagram" icon="ripples_files/icon_Class Diagram_62827829.png" name="Generics Hierarchy" refid="_17_0_5_1_43701b0_1461923350162_929744_3568"/></appearsIn></generalization></magicdraw>