<?xml version="1.0" encoding="UTF-8"?><magicdraw><association classType="Association" humanType="Association" icon="ripples_files/icon_association_1615949987.png" id="_17_0_5_1_43701b0_1461923350102_181242_3396"><endType humanName="End Type"><interface classType="Interface" humanType="Interface" icon="ripples_files/icon_interface_753692748.png" name="GenericDeclaration" refid="_17_0_5_1_43701b0_1461923350097_986189_3381"/><interface classType="Interface" humanType="Interface" icon="ripples_files/icon_interface_753692748.png" name="TypeVariable" refid="_17_0_5_1_43701b0_1461923350093_956120_3372"/></endType><isAbstract humanName="Is Abstract">false</isAbstract><isDerived humanName="Is Derived" mode="s,e">false</isDerived><isFinalSpecialization humanName="Is Final Specialization">false</isFinalSpecialization><isLeaf humanName="Is Leaf" mode="s,e">false</isLeaf><member humanName="Member"><property classType="Property" humanType="Property" icon="ripples_files/icon_property_932503272.png" name="genericDeclaration" refid="_17_0_5_1_43701b0_1461923350187_360711_3645"/><property classType="Property" humanType="Property" icon="ripples_files/icon_property_932503272.png" name="typeParameters" refid="_17_0_5_1_43701b0_1461923350203_76101_3729"/></member><memberEnd humanName="Member End"><property classType="Property" humanType="Property" icon="ripples_files/icon_property_932503272.png" name="genericDeclaration" refid="_17_0_5_1_43701b0_1461923350187_360711_3645"/><property classType="Property" humanType="Property" icon="ripples_files/icon_property_932503272.png" name="typeParameters" refid="_17_0_5_1_43701b0_1461923350203_76101_3729"/></memberEnd><name humanName="Name" mode="s,e"/><namespace classType="Package" humanName="Namespace" humanType="Package" icon="ripples_files/icon_package_1584688439.png" name="Java Reflection" refid="_17_0_5_1_43701b0_1462171467184_515020_8291"/><owner classType="Package" humanName="Owner" humanType="Package" icon="ripples_files/icon_package_1584688439.png" mode="s,e" name="Java Reflection" refid="_17_0_5_1_43701b0_1462171467184_515020_8291"/><owningPackage classType="Package" humanName="Owning Package" humanType="Package" icon="ripples_files/icon_package_1584688439.png" name="Java Reflection" refid="_17_0_5_1_43701b0_1462171467184_515020_8291"/><package classType="Package" humanName="Package" humanType="Package" icon="ripples_files/icon_package_1584688439.png" name="Java Reflection" refid="_17_0_5_1_43701b0_1462171467184_515020_8291"/><qualifiedName humanName="Qualified Name" mode="e">Java Reflection::</qualifiedName><relatedElement humanName="Related Element"><interface classType="Interface" humanType="Interface" icon="ripples_files/icon_interface_753692748.png" name="GenericDeclaration" refid="_17_0_5_1_43701b0_1461923350097_986189_3381"/><interface classType="Interface" humanType="Interface" icon="ripples_files/icon_interface_753692748.png" name="TypeVariable" refid="_17_0_5_1_43701b0_1461923350093_956120_3372"/></relatedElement><TO_DO humanName="To Do"/><visibility humanName="Visibility" mode="s,e">public</visibility><appearsIn><diagram classType="Diagram" humanType="Diagram" icon="ripples_files/icon_Class Diagram_62827829.png" name="Generics Associations" refid="_17_0_5_1_43701b0_1461923350141_67354_3505"/></appearsIn></association></magicdraw>