<?xml version="1.0" encoding="UTF-8"?><magicdraw><interface classType="Interface" humanType="Interface" icon="ripples_files/icon_interface_753692748.png" id="_17_0_5_1_43701b0_1461923350096_78956_3380"><allGeneralClassifiers humanName="All General Classifiers"><interface classType="Interface" humanType="Interface" icon="ripples_files/icon_interface_753692748.png" name="AnnotatedElement" refid="_17_0_5_1_43701b0_1461923350095_531597_3375"/><interface classType="Interface" humanType="Interface" icon="ripples_files/icon_interface_753692748.png" name="AnnotatedType" refid="_17_0_5_1_43701b0_1461923350096_974606_3378"/></allGeneralClassifiers><attribute humanName="Attribute"><property classType="Property" humanType="Property" icon="ripples_files/icon_property_932503272.png" name="annotatedLowerBounds" refid="_17_0_5_1_43701b0_1461923350203_646075_3726"/><property classType="Property" humanType="Property" icon="ripples_files/icon_property_932503272.png" name="annotatedUpperBounds" refid="_17_0_5_1_43701b0_1461923350203_896839_3727"/></attribute><feature humanName="Feature"><property classType="Property" humanType="Property" icon="ripples_files/icon_property_932503272.png" name="annotatedLowerBounds" refid="_17_0_5_1_43701b0_1461923350203_646075_3726"/><property classType="Property" humanType="Property" icon="ripples_files/icon_property_932503272.png" name="annotatedUpperBounds" refid="_17_0_5_1_43701b0_1461923350203_896839_3727"/></feature><general humanName="General"><interface classType="Interface" humanType="Interface" icon="ripples_files/icon_interface_753692748.png" name="AnnotatedType" refid="_17_0_5_1_43701b0_1461923350096_974606_3378"/></general><generalization humanName="Generalization"><generalization classType="Generalization" humanType="Generalization" icon="ripples_files/icon_generalization_1418550995.png" isRelationship="true" refid="_17_0_5_1_43701b0_1461923350202_624123_3722"/></generalization><inheritedMember humanName="Inherited Member"><property classType="Property" humanType="Property" icon="ripples_files/icon_property_932503272.png" name="annotation" refid="_17_0_5_1_43701b0_1461923350201_640221_3712"/><property classType="Property" humanType="Property" icon="ripples_files/icon_property_932503272.png" name="annotations" refid="_17_0_5_1_43701b0_1461923350201_991593_3713"/><property classType="Property" humanType="Property" icon="ripples_files/icon_property_932503272.png" name="annotationsByType" refid="_17_0_5_1_43701b0_1461923350201_890322_3714"/><property classType="Property" humanType="Property" icon="ripples_files/icon_property_932503272.png" name="declaredAnnotation" refid="_17_0_5_1_43701b0_1461923350201_799554_3715"/><property classType="Property" humanType="Property" icon="ripples_files/icon_property_932503272.png" name="declaredAnnotations" refid="_17_0_5_1_43701b0_1461923350201_122336_3716"/><property classType="Property" humanType="Property" icon="ripples_files/icon_property_932503272.png" name="declaredAnnotationsByType" refid="_17_0_5_1_43701b0_1461923350202_315971_3717"/><operation classType="Operation" humanType="Operation" icon="ripples_files/icon_operation_1932009480.png" name="isAnnotationPresent" refid="_17_0_5_1_43701b0_1461923350200_577944_3711"/><property classType="Property" humanType="Property" icon="ripples_files/icon_property_932503272.png" name="type" refid="_17_0_5_1_43701b0_1461923350202_867263_3724"/></inheritedMember><isAbstract humanName="Is Abstract" mode="s,e">false</isAbstract><isFinalSpecialization humanName="Is Final Specialization" mode="e">false</isFinalSpecialization><isLeaf humanName="Is Leaf" mode="e">false</isLeaf><member humanName="Member"><property classType="Property" humanType="Property" icon="ripples_files/icon_property_932503272.png" name="annotatedLowerBounds" refid="_17_0_5_1_43701b0_1461923350203_646075_3726"/><property classType="Property" humanType="Property" icon="ripples_files/icon_property_932503272.png" name="annotatedUpperBounds" refid="_17_0_5_1_43701b0_1461923350203_896839_3727"/><property classType="Property" humanType="Property" icon="ripples_files/icon_property_932503272.png" name="annotation" refid="_17_0_5_1_43701b0_1461923350201_640221_3712"/><property classType="Property" humanType="Property" icon="ripples_files/icon_property_932503272.png" name="annotations" refid="_17_0_5_1_43701b0_1461923350201_991593_3713"/><property classType="Property" humanType="Property" icon="ripples_files/icon_property_932503272.png" name="annotationsByType" refid="_17_0_5_1_43701b0_1461923350201_890322_3714"/><property classType="Property" humanType="Property" icon="ripples_files/icon_property_932503272.png" name="declaredAnnotation" refid="_17_0_5_1_43701b0_1461923350201_799554_3715"/><property classType="Property" humanType="Property" icon="ripples_files/icon_property_932503272.png" name="declaredAnnotations" refid="_17_0_5_1_43701b0_1461923350201_122336_3716"/><property classType="Property" humanType="Property" icon="ripples_files/icon_property_932503272.png" name="declaredAnnotationsByType" refid="_17_0_5_1_43701b0_1461923350202_315971_3717"/><operation classType="Operation" humanType="Operation" icon="ripples_files/icon_operation_1932009480.png" name="isAnnotationPresent" refid="_17_0_5_1_43701b0_1461923350200_577944_3711"/><property classType="Property" humanType="Property" icon="ripples_files/icon_property_932503272.png" name="type" refid="_17_0_5_1_43701b0_1461923350202_867263_3724"/></member><name humanName="Name" mode="s,e">AnnotatedWildcardType</name><namespace classType="Package" humanName="Namespace" humanType="Package" icon="ripples_files/icon_package_1584688439.png" name="Java Reflection" refid="_17_0_5_1_43701b0_1462171467184_515020_8291"/><ownedAttribute humanName="Owned Attribute"><property classType="Property" humanType="Property" icon="ripples_files/icon_property_932503272.png" name="annotatedLowerBounds" refid="_17_0_5_1_43701b0_1461923350203_646075_3726"/><property classType="Property" humanType="Property" icon="ripples_files/icon_property_932503272.png" name="annotatedUpperBounds" refid="_17_0_5_1_43701b0_1461923350203_896839_3727"/></ownedAttribute><ownedElement humanName="Owned Element"><generalization classType="Generalization" humanType="Generalization" icon="ripples_files/icon_generalization_1418550995.png" isRelationship="true" refid="_17_0_5_1_43701b0_1461923350202_624123_3722"/><property classType="Property" humanType="Property" icon="ripples_files/icon_property_932503272.png" name="annotatedLowerBounds" refid="_17_0_5_1_43701b0_1461923350203_646075_3726"/><property classType="Property" humanType="Property" icon="ripples_files/icon_property_932503272.png" name="annotatedUpperBounds" refid="_17_0_5_1_43701b0_1461923350203_896839_3727"/></ownedElement><ownedMember humanName="Owned Member"><property classType="Property" humanType="Property" icon="ripples_files/icon_property_932503272.png" name="annotatedLowerBounds" refid="_17_0_5_1_43701b0_1461923350203_646075_3726"/><property classType="Property" humanType="Property" icon="ripples_files/icon_property_932503272.png" name="annotatedUpperBounds" refid="_17_0_5_1_43701b0_1461923350203_896839_3727"/></ownedMember><owner classType="Package" humanName="Owner" humanType="Package" icon="ripples_files/icon_package_1584688439.png" mode="s,e" name="Java Reflection" refid="_17_0_5_1_43701b0_1462171467184_515020_8291"/><owningPackage classType="Package" humanName="Owning Package" humanType="Package" icon="ripples_files/icon_package_1584688439.png" name="Java Reflection" refid="_17_0_5_1_43701b0_1462171467184_515020_8291"/><package classType="Package" humanName="Package" humanType="Package" icon="ripples_files/icon_package_1584688439.png" name="Java Reflection" refid="_17_0_5_1_43701b0_1462171467184_515020_8291"/><qualifiedName humanName="Qualified Name" mode="e">Java Reflection::AnnotatedWildcardType</qualifiedName><TO_DO humanName="To Do" mode="s,e"/><visibility humanName="Visibility">public</visibility><appearsIn><diagram classType="Diagram" humanType="Diagram" icon="ripples_files/icon_Class Diagram_62827829.png" name="Annotations Hierarchy" refid="_17_0_5_1_43701b0_1461923350133_414887_3484"/><diagram classType="Diagram" humanType="Diagram" icon="ripples_files/icon_Class Diagram_62827829.png" name="Annotations Relationships" refid="_17_0_5_1_43701b0_1461923350169_961248_3589"/></appearsIn></interface></magicdraw>