<?xml version="1.0" encoding="UTF-8"?><magicdraw><property classType="Property" humanType="Property" icon="ripples_files/icon_property_932503272.png" id="_17_0_5_1_43701b0_1461923350196_825962_3693"><aggregation humanName="Aggregation" mode="s,e">none</aggregation><association classType="Association" humanName="Association" humanType="Association" icon="ripples_files/icon_association_399155742.png" isRelationship="true" name="Association[Class -&gt; declaredClasses:Class]" refid="_17_0_5_1_43701b0_1461923350112_356187_3450"/><UMLClass classType="Class" humanName="Class" humanType="Class" icon="ripples_files/icon_class_1403380247.png" name="Class" refid="_17_0_5_1_43701b0_1461923350094_55897_3374"/><classifier classType="Class" humanName="Classifier" humanType="Class" icon="ripples_files/icon_class_1403380247.png" name="Class" refid="_17_0_5_1_43701b0_1461923350094_55897_3374"/><featuringClassifier classType="Class" humanName="Featuring Classifier" humanType="Class" icon="ripples_files/icon_class_1403380247.png" name="Class" refid="_17_0_5_1_43701b0_1461923350094_55897_3374"/><isComposite humanName="Is Composite">false</isComposite><isDerived humanName="Is Derived" mode="s,e">false</isDerived><isDerivedUnion humanName="Is Derived Union" mode="s,e">false</isDerivedUnion><isID humanName="Is ID" mode="e">false</isID><isLeaf humanName="Is Leaf" mode="s,e">false</isLeaf><isOrdered humanName="Is Ordered" mode="s,e">false</isOrdered><isReadOnly humanName="Is Read Only" mode="s,e">false</isReadOnly><isStatic humanName="Is Static" mode="s,e">false</isStatic><isUnique humanName="Is Unique" mode="e">true</isUnique><lower humanName="Lower">0</lower><lowerValue classType="LiteralUnlimitedNatural" humanName="Lower Value" humanType="Literal Unlimited Natural" icon="ripples_files/icon_literalunlimitednatural_1874326541.png" name="0" refid="_17_0_5_1_43701b0_1461923350249_616316_3961" text="0"/><multiplicity humanName="Multiplicity" mode="s,e">*</multiplicity><multiplicity humanName="Multiplicity" mode="s,e">*</multiplicity><name humanName="Name" mode="s,e">declaredClasses</name><namespace classType="Class" humanName="Namespace" humanType="Class" icon="ripples_files/icon_class_1403380247.png" name="Class" refid="_17_0_5_1_43701b0_1461923350094_55897_3374"/><navigable humanName="Navigable">true</navigable><opposite classType="Property" humanName="Opposite" humanType="Property" icon="ripples_files/icon_property_932503272.png" name=" : Class" refid="_17_0_5_1_43701b0_1461923350220_106230_3863"/><ownedBy classType="Class" humanName="Owned By" humanType="Class" icon="ripples_files/icon_class_1403380247.png" name="Class" refid="_17_0_5_1_43701b0_1461923350094_55897_3374"/><ownedElement humanName="Owned Element"><literalunlimitednatural classType="LiteralUnlimitedNatural" humanType="Literal Unlimited Natural" icon="ripples_files/icon_literalunlimitednatural_1874326541.png" name="*" refid="_17_0_5_1_43701b0_1461923350249_914216_3960" text="*"/><literalunlimitednatural classType="LiteralUnlimitedNatural" humanType="Literal Unlimited Natural" icon="ripples_files/icon_literalunlimitednatural_1874326541.png" name="0" refid="_17_0_5_1_43701b0_1461923350249_616316_3961" text="0"/></ownedElement><owner classType="Class" humanName="Owner" humanType="Class" icon="ripples_files/icon_class_1403380247.png" mode="s,e" name="Class" refid="_17_0_5_1_43701b0_1461923350094_55897_3374"/><qualifiedName humanName="Qualified Name" mode="e">Java Reflection::Class::declaredClasses</qualifiedName><redefinitionContext humanName="Redefinition Context"><class classType="Class" humanType="Class" icon="ripples_files/icon_class_1403380247.png" name="Class" refid="_17_0_5_1_43701b0_1461923350094_55897_3374"/></redefinitionContext><TO_DO humanName="To Do" mode="s,e"/><type classType="Class" humanName="Type" humanType="Class" icon="ripples_files/icon_class_1403380247.png" mode="s,e" name="Class" refid="_17_0_5_1_43701b0_1461923350094_55897_3374"/><TYPE_MODIFIER humanName="Type Modifier" mode="e"/><upper humanName="Upper">-1</upper><upperValue classType="LiteralUnlimitedNatural" humanName="Upper Value" humanType="Literal Unlimited Natural" icon="ripples_files/icon_literalunlimitednatural_1874326541.png" name="*" refid="_17_0_5_1_43701b0_1461923350249_914216_3960" text="*"/><visibility humanName="Visibility" mode="s,e">private</visibility></property></magicdraw>