<?xml version="1.0" encoding="UTF-8"?><magicdraw><property classType="Property" humanType="Property" icon="ripples_files/icon_property_932503272.png" id="_17_0_5_1_43701b0_1461923350252_125866_3999"><aggregation humanName="Aggregation" mode="s,e">none</aggregation><associationEnd classType="Property" humanName="Association End" humanType="Property" icon="ripples_files/icon_property_932503272.png" name="declaredAnnotationsByType" refid="_17_0_5_1_43701b0_1461923350202_315971_3717"/><isComposite humanName="Is Composite">false</isComposite><isDerived humanName="Is Derived" mode="s,e">false</isDerived><isDerivedUnion humanName="Is Derived Union" mode="s,e">false</isDerivedUnion><isID humanName="Is ID" mode="e">false</isID><isLeaf humanName="Is Leaf" mode="s,e">false</isLeaf><isOrdered humanName="Is Ordered" mode="s,e">false</isOrdered><isReadOnly humanName="Is Read Only" mode="s,e">false</isReadOnly><isStatic humanName="Is Static" mode="s,e">false</isStatic><isUnique humanName="Is Unique" mode="e">true</isUnique><lower humanName="Lower">1</lower><multiplicity humanName="Multiplicity" mode="s,e"/><multiplicity humanName="Multiplicity" mode="s,e"/><name humanName="Name" mode="s,e">annotationClass</name><navigable humanName="Navigable">false</navigable><ownedBy classType="Property" humanName="Owned By" humanType="Property" icon="ripples_files/icon_property_932503272.png" name="declaredAnnotationsByType" refid="_17_0_5_1_43701b0_1461923350202_315971_3717"/><owner classType="Property" humanName="Owner" humanType="Property" icon="ripples_files/icon_property_932503272.png" mode="s,e" name="declaredAnnotationsByType" refid="_17_0_5_1_43701b0_1461923350202_315971_3717"/><qualifiedName humanName="Qualified Name" mode="e">Java Reflection::AnnotatedElement::declaredAnnotationsByType::annotationClass</qualifiedName><TO_DO humanName="To Do" mode="s,e"/><type classType="Class" humanName="Type" humanType="Class" icon="ripples_files/icon_class_1403380247.png" mode="s,e" name="Class" refid="_17_0_5_1_43701b0_1461923350094_55897_3374"/><TYPE_MODIFIER humanName="Type Modifier" mode="e"/><upper humanName="Upper">1</upper><visibility humanName="Visibility" mode="s,e">private</visibility></property></magicdraw>