<?xml version="1.0" encoding="UTF-8"?><magicdraw><property classType="Property" humanType="Property" icon="ripples_files/icon_property_932503272.png" id="_17_0_5_1_43701b0_1461923350202_6367_3721"><aggregation humanName="Aggregation" mode="s,e">none</aggregation><association classType="Association" humanName="Association" humanType="Association" icon="ripples_files/icon_association_399155742.png" isRelationship="true" name="Association[AnnotatedParameterizedType -&gt; annotatedActualTypeArguments:AnnotatedType]" refid="_17_0_5_1_43701b0_1461923350103_291793_3404"/><classifier classType="Interface" humanName="Classifier" humanType="Interface" icon="ripples_files/icon_interface_753692748.png" name="AnnotatedParameterizedType" refid="_17_0_5_1_43701b0_1461923350095_796446_3377"/><featuringClassifier classType="Interface" humanName="Featuring Classifier" humanType="Interface" icon="ripples_files/icon_interface_753692748.png" name="AnnotatedParameterizedType" refid="_17_0_5_1_43701b0_1461923350095_796446_3377"/><interface classType="Interface" humanName="Interface" humanType="Interface" icon="ripples_files/icon_interface_753692748.png" name="AnnotatedParameterizedType" refid="_17_0_5_1_43701b0_1461923350095_796446_3377"/><isComposite humanName="Is Composite">false</isComposite><isDerived humanName="Is Derived" mode="s,e">false</isDerived><isDerivedUnion humanName="Is Derived Union" mode="s,e">false</isDerivedUnion><isID humanName="Is ID" mode="e">false</isID><isLeaf humanName="Is Leaf" mode="s,e">false</isLeaf><isOrdered humanName="Is Ordered" mode="s,e">false</isOrdered><isReadOnly humanName="Is Read Only" mode="s,e">false</isReadOnly><isStatic humanName="Is Static" mode="s,e">false</isStatic><isUnique humanName="Is Unique" mode="e">true</isUnique><lower humanName="Lower">0</lower><lowerValue classType="LiteralUnlimitedNatural" humanName="Lower Value" humanType="Literal Unlimited Natural" icon="ripples_files/icon_literalunlimitednatural_1874326541.png" name="0" refid="_17_0_5_1_43701b0_1461923350253_72777_4004" text="0"/><multiplicity humanName="Multiplicity" mode="s,e">*</multiplicity><multiplicity humanName="Multiplicity" mode="s,e">*</multiplicity><name humanName="Name" mode="s,e">annotatedActualTypeArguments</name><namespace classType="Interface" humanName="Namespace" humanType="Interface" icon="ripples_files/icon_interface_753692748.png" name="AnnotatedParameterizedType" refid="_17_0_5_1_43701b0_1461923350095_796446_3377"/><navigable humanName="Navigable">true</navigable><opposite classType="Property" humanName="Opposite" humanType="Property" icon="ripples_files/icon_property_932503272.png" name=" : AnnotatedParameterizedType" refid="_17_0_5_1_43701b0_1461923350216_684937_3818"/><ownedBy classType="Interface" humanName="Owned By" humanType="Interface" icon="ripples_files/icon_interface_753692748.png" name="AnnotatedParameterizedType" refid="_17_0_5_1_43701b0_1461923350095_796446_3377"/><ownedElement humanName="Owned Element"><literalunlimitednatural classType="LiteralUnlimitedNatural" humanType="Literal Unlimited Natural" icon="ripples_files/icon_literalunlimitednatural_1874326541.png" name="*" refid="_17_0_5_1_43701b0_1461923350252_690769_4003" text="*"/><literalunlimitednatural classType="LiteralUnlimitedNatural" humanType="Literal Unlimited Natural" icon="ripples_files/icon_literalunlimitednatural_1874326541.png" name="0" refid="_17_0_5_1_43701b0_1461923350253_72777_4004" text="0"/></ownedElement><owner classType="Interface" humanName="Owner" humanType="Interface" icon="ripples_files/icon_interface_753692748.png" mode="s,e" name="AnnotatedParameterizedType" refid="_17_0_5_1_43701b0_1461923350095_796446_3377"/><qualifiedName humanName="Qualified Name" mode="e">Java Reflection::AnnotatedParameterizedType::annotatedActualTypeArguments</qualifiedName><redefinitionContext humanName="Redefinition Context"><interface classType="Interface" humanType="Interface" icon="ripples_files/icon_interface_753692748.png" name="AnnotatedParameterizedType" refid="_17_0_5_1_43701b0_1461923350095_796446_3377"/></redefinitionContext><TO_DO humanName="To Do" mode="s,e"/><type classType="Interface" humanName="Type" humanType="Interface" icon="ripples_files/icon_interface_753692748.png" mode="s,e" name="AnnotatedType" refid="_17_0_5_1_43701b0_1461923350096_974606_3378"/><TYPE_MODIFIER humanName="Type Modifier" mode="e"/><upper humanName="Upper">-1</upper><upperValue classType="LiteralUnlimitedNatural" humanName="Upper Value" humanType="Literal Unlimited Natural" icon="ripples_files/icon_literalunlimitednatural_1874326541.png" name="*" refid="_17_0_5_1_43701b0_1461923350252_690769_4003" text="*"/><visibility humanName="Visibility" mode="s,e">public</visibility></property></magicdraw>