<?xml version="1.0" encoding="UTF-8"?><magicdraw><interface classType="Interface" humanType="Interface" icon="ripples_files/icon_interface_753692748.png" id="_17_0_5_1_43701b0_1461923350097_986189_3381"><allGeneralClassifiers humanName="All General Classifiers"><interface classType="Interface" humanType="Interface" icon="ripples_files/icon_interface_753692748.png" name="AnnotatedElement" refid="_17_0_5_1_43701b0_1461923350095_531597_3375"/></allGeneralClassifiers><allRealizingElements humanName="All Realizing Elements"><class classType="Class" humanType="Class" icon="ripples_files/icon_class_1403380247.png" name="Class" refid="_17_0_5_1_43701b0_1461923350094_55897_3374"/><class classType="Class" humanType="Class" icon="ripples_files/icon_class_1403380247.png" name="Executable" refid="_17_0_5_1_43701b0_1461923350098_731815_3384"/></allRealizingElements><attribute humanName="Attribute"><property classType="Property" humanType="Property" icon="ripples_files/icon_property_932503272.png" name="typeParameters" refid="_17_0_5_1_43701b0_1461923350203_76101_3729"/></attribute><clientDependency humanName="Client Dependency"><dependency classType="Dependency" humanType="Dependency" icon="ripples_files/icon_dependency_804347788.png" isRelationship="true" name="defines parameters of Generic Declaration" refid="_17_0_5_1_43701b0_1471602715035_832382_4347"/></clientDependency><feature humanName="Feature"><property classType="Property" humanType="Property" icon="ripples_files/icon_property_932503272.png" name="typeParameters" refid="_17_0_5_1_43701b0_1461923350203_76101_3729"/></feature><general humanName="General"><interface classType="Interface" humanType="Interface" icon="ripples_files/icon_interface_753692748.png" name="AnnotatedElement" refid="_17_0_5_1_43701b0_1461923350095_531597_3375"/></general><generalization humanName="Generalization"><generalization classType="Generalization" humanType="Generalization" icon="ripples_files/icon_generalization_1418550995.png" isRelationship="true" refid="_17_0_5_1_43701b0_1461923350200_752483_3706"/></generalization><inheritedMember humanName="Inherited Member"><property classType="Property" humanType="Property" icon="ripples_files/icon_property_932503272.png" name="annotation" refid="_17_0_5_1_43701b0_1461923350201_640221_3712"/><property classType="Property" humanType="Property" icon="ripples_files/icon_property_932503272.png" name="annotations" refid="_17_0_5_1_43701b0_1461923350201_991593_3713"/><property classType="Property" humanType="Property" icon="ripples_files/icon_property_932503272.png" name="annotationsByType" refid="_17_0_5_1_43701b0_1461923350201_890322_3714"/><property classType="Property" humanType="Property" icon="ripples_files/icon_property_932503272.png" name="declaredAnnotation" refid="_17_0_5_1_43701b0_1461923350201_799554_3715"/><property classType="Property" humanType="Property" icon="ripples_files/icon_property_932503272.png" name="declaredAnnotations" refid="_17_0_5_1_43701b0_1461923350201_122336_3716"/><property classType="Property" humanType="Property" icon="ripples_files/icon_property_932503272.png" name="declaredAnnotationsByType" refid="_17_0_5_1_43701b0_1461923350202_315971_3717"/><operation classType="Operation" humanType="Operation" icon="ripples_files/icon_operation_1932009480.png" name="isAnnotationPresent" refid="_17_0_5_1_43701b0_1461923350200_577944_3711"/></inheritedMember><isAbstract humanName="Is Abstract" mode="s,e">false</isAbstract><isFinalSpecialization humanName="Is Final Specialization" mode="e">false</isFinalSpecialization><isLeaf humanName="Is Leaf" mode="e">false</isLeaf><member humanName="Member"><property classType="Property" humanType="Property" icon="ripples_files/icon_property_932503272.png" name="annotation" refid="_17_0_5_1_43701b0_1461923350201_640221_3712"/><property classType="Property" humanType="Property" icon="ripples_files/icon_property_932503272.png" name="annotations" refid="_17_0_5_1_43701b0_1461923350201_991593_3713"/><property classType="Property" humanType="Property" icon="ripples_files/icon_property_932503272.png" name="annotationsByType" refid="_17_0_5_1_43701b0_1461923350201_890322_3714"/><property classType="Property" humanType="Property" icon="ripples_files/icon_property_932503272.png" name="declaredAnnotation" refid="_17_0_5_1_43701b0_1461923350201_799554_3715"/><property classType="Property" humanType="Property" icon="ripples_files/icon_property_932503272.png" name="declaredAnnotations" refid="_17_0_5_1_43701b0_1461923350201_122336_3716"/><property classType="Property" humanType="Property" icon="ripples_files/icon_property_932503272.png" name="declaredAnnotationsByType" refid="_17_0_5_1_43701b0_1461923350202_315971_3717"/><operation classType="Operation" humanType="Operation" icon="ripples_files/icon_operation_1932009480.png" name="isAnnotationPresent" refid="_17_0_5_1_43701b0_1461923350200_577944_3711"/><property classType="Property" humanType="Property" icon="ripples_files/icon_property_932503272.png" name="typeParameters" refid="_17_0_5_1_43701b0_1461923350203_76101_3729"/></member><name humanName="Name" mode="s,e">GenericDeclaration</name><namespace classType="Package" humanName="Namespace" humanType="Package" icon="ripples_files/icon_package_1584688439.png" name="Java Reflection" refid="_17_0_5_1_43701b0_1462171467184_515020_8291"/><ownedAttribute humanName="Owned Attribute"><property classType="Property" humanType="Property" icon="ripples_files/icon_property_932503272.png" name="typeParameters" refid="_17_0_5_1_43701b0_1461923350203_76101_3729"/></ownedAttribute><ownedElement humanName="Owned Element"><generalization classType="Generalization" humanType="Generalization" icon="ripples_files/icon_generalization_1418550995.png" isRelationship="true" refid="_17_0_5_1_43701b0_1461923350200_752483_3706"/><property classType="Property" humanType="Property" icon="ripples_files/icon_property_932503272.png" name="typeParameters" refid="_17_0_5_1_43701b0_1461923350203_76101_3729"/></ownedElement><ownedMember humanName="Owned Member"><property classType="Property" humanType="Property" icon="ripples_files/icon_property_932503272.png" name="typeParameters" refid="_17_0_5_1_43701b0_1461923350203_76101_3729"/></ownedMember><owner classType="Package" humanName="Owner" humanType="Package" icon="ripples_files/icon_package_1584688439.png" mode="s,e" name="Java Reflection" refid="_17_0_5_1_43701b0_1462171467184_515020_8291"/><owningPackage classType="Package" humanName="Owning Package" humanType="Package" icon="ripples_files/icon_package_1584688439.png" name="Java Reflection" refid="_17_0_5_1_43701b0_1462171467184_515020_8291"/><package classType="Package" humanName="Package" humanType="Package" icon="ripples_files/icon_package_1584688439.png" name="Java Reflection" refid="_17_0_5_1_43701b0_1462171467184_515020_8291"/><qualifiedName humanName="Qualified Name" mode="e">Java Reflection::GenericDeclaration</qualifiedName><realizingClassifier humanName="Realizing Classifier"><class classType="Class" humanType="Class" icon="ripples_files/icon_class_1403380247.png" name="Class" refid="_17_0_5_1_43701b0_1461923350094_55897_3374"/><class classType="Class" humanType="Class" icon="ripples_files/icon_class_1403380247.png" name="Executable" refid="_17_0_5_1_43701b0_1461923350098_731815_3384"/></realizingClassifier><realizingElement humanName="Realizing Element"><class classType="Class" humanType="Class" icon="ripples_files/icon_class_1403380247.png" name="Class" refid="_17_0_5_1_43701b0_1461923350094_55897_3374"/><class classType="Class" humanType="Class" icon="ripples_files/icon_class_1403380247.png" name="Executable" refid="_17_0_5_1_43701b0_1461923350098_731815_3384"/></realizingElement><supplierDependency humanName="Supplier Dependency"><interfacerealization classType="InterfaceRealization" humanType="Interface Realization" icon="ripples_files/icon_interfacerealization_1172450799.png" isRelationship="true" name="Interface Realization[Class -&gt; GenericDeclaration]" refid="_17_0_5_1_43701b0_1461923350188_879423_3648"/><interfacerealization classType="InterfaceRealization" humanType="Interface Realization" icon="ripples_files/icon_interfacerealization_1172450799.png" isRelationship="true" name="Interface Realization[Executable -&gt; GenericDeclaration]" refid="_17_0_5_1_43701b0_1461923350203_467500_3728"/><dependency classType="Dependency" humanType="Dependency" icon="ripples_files/icon_dependency_804347788.png" isRelationship="true" name="parameterizes a Generic Declaration" refid="_17_0_5_1_43701b0_1471602463423_467091_4257"/></supplierDependency><TO_DO humanName="To Do" mode="s,e"/><visibility humanName="Visibility">public</visibility><appearsIn><diagram classType="Diagram" humanType="Diagram" icon="ripples_files/icon_Class Diagram_62827829.png" name="Generics Dependencies" refid="_17_0_5_1_43701b0_1471603263481_426334_4722"/><diagram classType="Diagram" humanType="Diagram" icon="ripples_files/icon_Class Diagram_62827829.png" name="Generics Associations" refid="_17_0_5_1_43701b0_1461923350141_67354_3505"/><diagram classType="Diagram" humanType="Diagram" icon="ripples_files/icon_Class Diagram_62827829.png" name="Annotations Hierarchy" refid="_17_0_5_1_43701b0_1461923350133_414887_3484"/><diagram classType="Diagram" humanType="Diagram" icon="ripples_files/icon_Class Diagram_62827829.png" name="Generics Hierarchy" refid="_17_0_5_1_43701b0_1461923350162_929744_3568"/></appearsIn></interface></magicdraw>