<?xml version="1.0" encoding="UTF-8"?><magicdraw><generalization classType="Generalization" humanType="Generalization" icon="ripples_files/icon_generalization_1418550995.png" id="_17_0_5_1_43701b0_1461923350211_273268_3781"><general classType="Class" humanName="General" humanType="Class" icon="ripples_files/icon_class_1403380247.png" mode="s,e" name="Object" refid="_17_0_5_1_43701b0_1461923350105_682820_3411"/><isSubstitutable humanName="Is Substitutable">true</isSubstitutable><owner classType="Class" humanName="Owner" humanType="Class" icon="ripples_files/icon_class_1403380247.png" mode="s,e" name="Package" refid="_17_0_5_1_43701b0_1461923350099_796054_3387"/><relatedElement humanName="Related Element"><class classType="Class" humanType="Class" icon="ripples_files/icon_class_1403380247.png" name="Object" refid="_17_0_5_1_43701b0_1461923350105_682820_3411"/><class classType="Class" humanType="Class" icon="ripples_files/icon_class_1403380247.png" name="Package" refid="_17_0_5_1_43701b0_1461923350099_796054_3387"/></relatedElement><source humanName="Source"><class classType="Class" humanType="Class" icon="ripples_files/icon_class_1403380247.png" name="Package" refid="_17_0_5_1_43701b0_1461923350099_796054_3387"/></source><specific classType="Class" humanName="Specific" humanType="Class" icon="ripples_files/icon_class_1403380247.png" mode="s,e" name="Package" refid="_17_0_5_1_43701b0_1461923350099_796054_3387"/><target humanName="Target"><class classType="Class" humanType="Class" icon="ripples_files/icon_class_1403380247.png" name="Object" refid="_17_0_5_1_43701b0_1461923350105_682820_3411"/></target><TO_DO humanName="To Do" mode="s,e"/><appearsIn><diagram classType="Diagram" humanType="Diagram" icon="ripples_files/icon_Class Diagram_62827829.png" name="Core Hierarchy" refid="_17_0_5_1_43701b0_1461923350115_398316_3462"/></appearsIn></generalization></magicdraw>