<?xml version="1.0" encoding="UTF-8"?><magicdraw><literalinteger classType="LiteralInteger" humanType="Literal Integer" icon="ripples_files/icon_literalinteger_182673449.png" id="_17_0_5_1_43701b0_1461923350252_115625_3995"><name humanName="Name"/><owner classType="Property" humanName="Owner" humanType="Property" icon="ripples_files/icon_property_932503272.png" mode="e" name="declaredAnnotation" refid="_17_0_5_1_43701b0_1461923350201_799554_3715"/><owningLower classType="Property" humanName="Owning Lower" humanType="Property" icon="ripples_files/icon_property_932503272.png" name="declaredAnnotation" refid="_17_0_5_1_43701b0_1461923350201_799554_3715"/><qualifiedName humanName="Qualified Name">Java Reflection::AnnotatedElement::declaredAnnotation::</qualifiedName><text humanName="Text" mode="standard">1</text><TO_DO humanName="To Do"/><TYPE_MODIFIER humanName="Type Modifier"/><value humanName="Value" mode="s,e">1</value><visibility humanName="Visibility">public</visibility></literalinteger></magicdraw>