<?xml version="1.0" encoding="UTF-8"?><magicdraw><class classType="Class" humanType="Class" icon="ripples_files/icon_class_1403380247.png" id="_17_0_5_1_43701b0_1461923350098_684609_3385"><allGeneralClassifiers humanName="All General Classifiers"><class classType="Class" humanType="Class" icon="ripples_files/icon_class_1403380247.png" name="AccessibleObject" refid="_17_0_5_1_43701b0_1461923350097_173006_3382"/><class classType="Class" humanType="Class" icon="ripples_files/icon_class_1403380247.png" name="Object" refid="_17_0_5_1_43701b0_1461923350105_682820_3411"/></allGeneralClassifiers><allSpecifyingElements humanName="All Specifying Elements"><interface classType="Interface" humanType="Interface" icon="ripples_files/icon_interface_753692748.png" name="Member" refid="_17_0_5_1_43701b0_1461923350105_720350_3410"/></allSpecifyingElements><attribute humanName="Attribute"><property classType="Property" humanType="Property" icon="ripples_files/icon_property_932503272.png" name="annotatedType" refid="_17_0_5_1_43701b0_1461923350210_535383_3774"/><property classType="Property" humanType="Property" icon="ripples_files/icon_property_932503272.png" name="enumConstant" refid="_17_0_5_1_43701b0_1461923350210_964943_3771"/><property classType="Property" humanType="Property" icon="ripples_files/icon_property_932503272.png" name="genericType" refid="_17_0_5_1_43701b0_1461923350210_787395_3773"/><property classType="Property" humanType="Property" icon="ripples_files/icon_property_932503272.png" name="type" refid="_17_0_5_1_43701b0_1461923350210_482075_3772"/></attribute><clientDependency humanName="Client Dependency"><interfacerealization classType="InterfaceRealization" humanType="Interface Realization" icon="ripples_files/icon_interfacerealization_1172450799.png" isRelationship="true" name="Interface Realization[Field -&gt; Member]" refid="_17_0_5_1_43701b0_1461923350206_160526_3752"/></clientDependency><feature humanName="Feature"><property classType="Property" humanType="Property" icon="ripples_files/icon_property_932503272.png" name="annotatedType" refid="_17_0_5_1_43701b0_1461923350210_535383_3774"/><property classType="Property" humanType="Property" icon="ripples_files/icon_property_932503272.png" name="enumConstant" refid="_17_0_5_1_43701b0_1461923350210_964943_3771"/><property classType="Property" humanType="Property" icon="ripples_files/icon_property_932503272.png" name="genericType" refid="_17_0_5_1_43701b0_1461923350210_787395_3773"/><operation classType="Operation" humanType="Operation" icon="ripples_files/icon_operation_1932009480.png" name="get" refid="_17_0_5_1_43701b0_1461923350207_963211_3754"/><operation classType="Operation" humanType="Operation" icon="ripples_files/icon_operation_1932009480.png" name="getBoolean" refid="_17_0_5_1_43701b0_1461923350207_96262_3755"/><operation classType="Operation" humanType="Operation" icon="ripples_files/icon_operation_1932009480.png" name="getByte" refid="_17_0_5_1_43701b0_1461923350207_529451_3756"/><operation classType="Operation" humanType="Operation" icon="ripples_files/icon_operation_1932009480.png" name="getChar" refid="_17_0_5_1_43701b0_1461923350207_660313_3757"/><operation classType="Operation" humanType="Operation" icon="ripples_files/icon_operation_1932009480.png" name="getDouble" refid="_17_0_5_1_43701b0_1461923350208_33985_3762"/><operation classType="Operation" humanType="Operation" icon="ripples_files/icon_operation_1932009480.png" name="getFloat" refid="_17_0_5_1_43701b0_1461923350208_731233_3761"/><operation classType="Operation" humanType="Operation" icon="ripples_files/icon_operation_1932009480.png" name="getInt" refid="_17_0_5_1_43701b0_1461923350208_868557_3759"/><operation classType="Operation" humanType="Operation" icon="ripples_files/icon_operation_1932009480.png" name="getLong" refid="_17_0_5_1_43701b0_1461923350208_98799_3760"/><operation classType="Operation" humanType="Operation" icon="ripples_files/icon_operation_1932009480.png" name="getShort" refid="_17_0_5_1_43701b0_1461923350208_271773_3758"/><operation classType="Operation" humanType="Operation" icon="ripples_files/icon_operation_1932009480.png" name="setBoolean" refid="_17_0_5_1_43701b0_1461923350208_286051_3763"/><operation classType="Operation" humanType="Operation" icon="ripples_files/icon_operation_1932009480.png" name="setByte" refid="_17_0_5_1_43701b0_1461923350209_506417_3764"/><operation classType="Operation" humanType="Operation" icon="ripples_files/icon_operation_1932009480.png" name="setChar" refid="_17_0_5_1_43701b0_1461923350209_858264_3765"/><operation classType="Operation" humanType="Operation" icon="ripples_files/icon_operation_1932009480.png" name="setDouble" refid="_17_0_5_1_43701b0_1461923350210_878768_3770"/><operation classType="Operation" humanType="Operation" icon="ripples_files/icon_operation_1932009480.png" name="setFloat" refid="_17_0_5_1_43701b0_1461923350210_806248_3769"/><operation classType="Operation" humanType="Operation" icon="ripples_files/icon_operation_1932009480.png" name="setInt" refid="_17_0_5_1_43701b0_1461923350209_92218_3767"/><operation classType="Operation" humanType="Operation" icon="ripples_files/icon_operation_1932009480.png" name="setLong" refid="_17_0_5_1_43701b0_1461923350209_979369_3768"/><operation classType="Operation" humanType="Operation" icon="ripples_files/icon_operation_1932009480.png" name="setShort" refid="_17_0_5_1_43701b0_1461923350209_951156_3766"/><operation classType="Operation" humanType="Operation" icon="ripples_files/icon_operation_1932009480.png" name="toGenericString" refid="_17_0_5_1_43701b0_1461923350207_351282_3753"/><property classType="Property" humanType="Property" icon="ripples_files/icon_property_932503272.png" name="type" refid="_17_0_5_1_43701b0_1461923350210_482075_3772"/></feature><generalization humanName="Generalization"><generalization classType="Generalization" humanType="Generalization" icon="ripples_files/icon_generalization_1418550995.png" isRelationship="true" refid="_17_0_5_1_43701b0_1461923350203_940181_3731"/></generalization><inheritedMember humanName="Inherited Member"><property classType="Property" humanType="Property" icon="ripples_files/icon_property_932503272.png" name="accessible" refid="_17_0_5_1_43701b0_1461923350204_3204_3734"/><operation classType="Operation" humanType="Operation" icon="ripples_files/icon_operation_1932009480.png" name="setAccessible" refid="_17_0_5_1_43701b0_1461923350203_604290_3733"/></inheritedMember><interfaceRealization humanName="Interface Realization"><interfacerealization classType="InterfaceRealization" humanType="Interface Realization" icon="ripples_files/icon_interfacerealization_1172450799.png" isRelationship="true" name="Interface Realization[Field -&gt; Member]" refid="_17_0_5_1_43701b0_1461923350206_160526_3752"/></interfaceRealization><isAbstract humanName="Is Abstract" mode="s,e">false</isAbstract><isActive humanName="Is Active" mode="s,e">false</isActive><isFinalSpecialization humanName="Is Final Specialization" mode="e">false</isFinalSpecialization><isLeaf humanName="Is Leaf" mode="s,e">false</isLeaf><member humanName="Member"><property classType="Property" humanType="Property" icon="ripples_files/icon_property_932503272.png" name="accessible" refid="_17_0_5_1_43701b0_1461923350204_3204_3734"/><property classType="Property" humanType="Property" icon="ripples_files/icon_property_932503272.png" name="annotatedType" refid="_17_0_5_1_43701b0_1461923350210_535383_3774"/><property classType="Property" humanType="Property" icon="ripples_files/icon_property_932503272.png" name="enumConstant" refid="_17_0_5_1_43701b0_1461923350210_964943_3771"/><property classType="Property" humanType="Property" icon="ripples_files/icon_property_932503272.png" name="genericType" refid="_17_0_5_1_43701b0_1461923350210_787395_3773"/><operation classType="Operation" humanType="Operation" icon="ripples_files/icon_operation_1932009480.png" name="get" refid="_17_0_5_1_43701b0_1461923350207_963211_3754"/><operation classType="Operation" humanType="Operation" icon="ripples_files/icon_operation_1932009480.png" name="getBoolean" refid="_17_0_5_1_43701b0_1461923350207_96262_3755"/><operation classType="Operation" humanType="Operation" icon="ripples_files/icon_operation_1932009480.png" name="getByte" refid="_17_0_5_1_43701b0_1461923350207_529451_3756"/><operation classType="Operation" humanType="Operation" icon="ripples_files/icon_operation_1932009480.png" name="getChar" refid="_17_0_5_1_43701b0_1461923350207_660313_3757"/><operation classType="Operation" humanType="Operation" icon="ripples_files/icon_operation_1932009480.png" name="getDouble" refid="_17_0_5_1_43701b0_1461923350208_33985_3762"/><operation classType="Operation" humanType="Operation" icon="ripples_files/icon_operation_1932009480.png" name="getFloat" refid="_17_0_5_1_43701b0_1461923350208_731233_3761"/><operation classType="Operation" humanType="Operation" icon="ripples_files/icon_operation_1932009480.png" name="getInt" refid="_17_0_5_1_43701b0_1461923350208_868557_3759"/><operation classType="Operation" humanType="Operation" icon="ripples_files/icon_operation_1932009480.png" name="getLong" refid="_17_0_5_1_43701b0_1461923350208_98799_3760"/><operation classType="Operation" humanType="Operation" icon="ripples_files/icon_operation_1932009480.png" name="getShort" refid="_17_0_5_1_43701b0_1461923350208_271773_3758"/><operation classType="Operation" humanType="Operation" icon="ripples_files/icon_operation_1932009480.png" name="setAccessible" refid="_17_0_5_1_43701b0_1461923350203_604290_3733"/><operation classType="Operation" humanType="Operation" icon="ripples_files/icon_operation_1932009480.png" name="setBoolean" refid="_17_0_5_1_43701b0_1461923350208_286051_3763"/><operation classType="Operation" humanType="Operation" icon="ripples_files/icon_operation_1932009480.png" name="setByte" refid="_17_0_5_1_43701b0_1461923350209_506417_3764"/><operation classType="Operation" humanType="Operation" icon="ripples_files/icon_operation_1932009480.png" name="setChar" refid="_17_0_5_1_43701b0_1461923350209_858264_3765"/><operation classType="Operation" humanType="Operation" icon="ripples_files/icon_operation_1932009480.png" name="setDouble" refid="_17_0_5_1_43701b0_1461923350210_878768_3770"/><operation classType="Operation" humanType="Operation" icon="ripples_files/icon_operation_1932009480.png" name="setFloat" refid="_17_0_5_1_43701b0_1461923350210_806248_3769"/><operation classType="Operation" humanType="Operation" icon="ripples_files/icon_operation_1932009480.png" name="setInt" refid="_17_0_5_1_43701b0_1461923350209_92218_3767"/><operation classType="Operation" humanType="Operation" icon="ripples_files/icon_operation_1932009480.png" name="setLong" refid="_17_0_5_1_43701b0_1461923350209_979369_3768"/><operation classType="Operation" humanType="Operation" icon="ripples_files/icon_operation_1932009480.png" name="setShort" refid="_17_0_5_1_43701b0_1461923350209_951156_3766"/><operation classType="Operation" humanType="Operation" icon="ripples_files/icon_operation_1932009480.png" name="toGenericString" refid="_17_0_5_1_43701b0_1461923350207_351282_3753"/><property classType="Property" humanType="Property" icon="ripples_files/icon_property_932503272.png" name="type" refid="_17_0_5_1_43701b0_1461923350210_482075_3772"/></member><name humanName="Name" mode="s,e">Field</name><namespace classType="Package" humanName="Namespace" humanType="Package" icon="ripples_files/icon_package_1584688439.png" name="Java Reflection" refid="_17_0_5_1_43701b0_1462171467184_515020_8291"/><ownedAttribute humanName="Owned Attribute"><property classType="Property" humanType="Property" icon="ripples_files/icon_property_932503272.png" name="annotatedType" refid="_17_0_5_1_43701b0_1461923350210_535383_3774"/><property classType="Property" humanType="Property" icon="ripples_files/icon_property_932503272.png" name="enumConstant" refid="_17_0_5_1_43701b0_1461923350210_964943_3771"/><property classType="Property" humanType="Property" icon="ripples_files/icon_property_932503272.png" name="genericType" refid="_17_0_5_1_43701b0_1461923350210_787395_3773"/><property classType="Property" humanType="Property" icon="ripples_files/icon_property_932503272.png" name="type" refid="_17_0_5_1_43701b0_1461923350210_482075_3772"/></ownedAttribute><ownedElement humanName="Owned Element"><generalization classType="Generalization" humanType="Generalization" icon="ripples_files/icon_generalization_1418550995.png" isRelationship="true" refid="_17_0_5_1_43701b0_1461923350203_940181_3731"/><property classType="Property" humanType="Property" icon="ripples_files/icon_property_932503272.png" name="annotatedType" refid="_17_0_5_1_43701b0_1461923350210_535383_3774"/><property classType="Property" humanType="Property" icon="ripples_files/icon_property_932503272.png" name="enumConstant" refid="_17_0_5_1_43701b0_1461923350210_964943_3771"/><property classType="Property" humanType="Property" icon="ripples_files/icon_property_932503272.png" name="genericType" refid="_17_0_5_1_43701b0_1461923350210_787395_3773"/><operation classType="Operation" humanType="Operation" icon="ripples_files/icon_operation_1932009480.png" name="get" refid="_17_0_5_1_43701b0_1461923350207_963211_3754"/><operation classType="Operation" humanType="Operation" icon="ripples_files/icon_operation_1932009480.png" name="getBoolean" refid="_17_0_5_1_43701b0_1461923350207_96262_3755"/><operation classType="Operation" humanType="Operation" icon="ripples_files/icon_operation_1932009480.png" name="getByte" refid="_17_0_5_1_43701b0_1461923350207_529451_3756"/><operation classType="Operation" humanType="Operation" icon="ripples_files/icon_operation_1932009480.png" name="getChar" refid="_17_0_5_1_43701b0_1461923350207_660313_3757"/><operation classType="Operation" humanType="Operation" icon="ripples_files/icon_operation_1932009480.png" name="getDouble" refid="_17_0_5_1_43701b0_1461923350208_33985_3762"/><operation classType="Operation" humanType="Operation" icon="ripples_files/icon_operation_1932009480.png" name="getFloat" refid="_17_0_5_1_43701b0_1461923350208_731233_3761"/><operation classType="Operation" humanType="Operation" icon="ripples_files/icon_operation_1932009480.png" name="getInt" refid="_17_0_5_1_43701b0_1461923350208_868557_3759"/><operation classType="Operation" humanType="Operation" icon="ripples_files/icon_operation_1932009480.png" name="getLong" refid="_17_0_5_1_43701b0_1461923350208_98799_3760"/><operation classType="Operation" humanType="Operation" icon="ripples_files/icon_operation_1932009480.png" name="getShort" refid="_17_0_5_1_43701b0_1461923350208_271773_3758"/><interfacerealization classType="InterfaceRealization" humanType="Interface Realization" icon="ripples_files/icon_interfacerealization_1172450799.png" isRelationship="true" name="Interface Realization[Field -&gt; Member]" refid="_17_0_5_1_43701b0_1461923350206_160526_3752"/><operation classType="Operation" humanType="Operation" icon="ripples_files/icon_operation_1932009480.png" name="setBoolean" refid="_17_0_5_1_43701b0_1461923350208_286051_3763"/><operation classType="Operation" humanType="Operation" icon="ripples_files/icon_operation_1932009480.png" name="setByte" refid="_17_0_5_1_43701b0_1461923350209_506417_3764"/><operation classType="Operation" humanType="Operation" icon="ripples_files/icon_operation_1932009480.png" name="setChar" refid="_17_0_5_1_43701b0_1461923350209_858264_3765"/><operation classType="Operation" humanType="Operation" icon="ripples_files/icon_operation_1932009480.png" name="setDouble" refid="_17_0_5_1_43701b0_1461923350210_878768_3770"/><operation classType="Operation" humanType="Operation" icon="ripples_files/icon_operation_1932009480.png" name="setFloat" refid="_17_0_5_1_43701b0_1461923350210_806248_3769"/><operation classType="Operation" humanType="Operation" icon="ripples_files/icon_operation_1932009480.png" name="setInt" refid="_17_0_5_1_43701b0_1461923350209_92218_3767"/><operation classType="Operation" humanType="Operation" icon="ripples_files/icon_operation_1932009480.png" name="setLong" refid="_17_0_5_1_43701b0_1461923350209_979369_3768"/><operation classType="Operation" humanType="Operation" icon="ripples_files/icon_operation_1932009480.png" name="setShort" refid="_17_0_5_1_43701b0_1461923350209_951156_3766"/><operation classType="Operation" humanType="Operation" icon="ripples_files/icon_operation_1932009480.png" name="toGenericString" refid="_17_0_5_1_43701b0_1461923350207_351282_3753"/><property classType="Property" humanType="Property" icon="ripples_files/icon_property_932503272.png" name="type" refid="_17_0_5_1_43701b0_1461923350210_482075_3772"/></ownedElement><ownedMember humanName="Owned Member"><property classType="Property" humanType="Property" icon="ripples_files/icon_property_932503272.png" name="annotatedType" refid="_17_0_5_1_43701b0_1461923350210_535383_3774"/><property classType="Property" humanType="Property" icon="ripples_files/icon_property_932503272.png" name="enumConstant" refid="_17_0_5_1_43701b0_1461923350210_964943_3771"/><property classType="Property" humanType="Property" icon="ripples_files/icon_property_932503272.png" name="genericType" refid="_17_0_5_1_43701b0_1461923350210_787395_3773"/><operation classType="Operation" humanType="Operation" icon="ripples_files/icon_operation_1932009480.png" name="get" refid="_17_0_5_1_43701b0_1461923350207_963211_3754"/><operation classType="Operation" humanType="Operation" icon="ripples_files/icon_operation_1932009480.png" name="getBoolean" refid="_17_0_5_1_43701b0_1461923350207_96262_3755"/><operation classType="Operation" humanType="Operation" icon="ripples_files/icon_operation_1932009480.png" name="getByte" refid="_17_0_5_1_43701b0_1461923350207_529451_3756"/><operation classType="Operation" humanType="Operation" icon="ripples_files/icon_operation_1932009480.png" name="getChar" refid="_17_0_5_1_43701b0_1461923350207_660313_3757"/><operation classType="Operation" humanType="Operation" icon="ripples_files/icon_operation_1932009480.png" name="getDouble" refid="_17_0_5_1_43701b0_1461923350208_33985_3762"/><operation classType="Operation" humanType="Operation" icon="ripples_files/icon_operation_1932009480.png" name="getFloat" refid="_17_0_5_1_43701b0_1461923350208_731233_3761"/><operation classType="Operation" humanType="Operation" icon="ripples_files/icon_operation_1932009480.png" name="getInt" refid="_17_0_5_1_43701b0_1461923350208_868557_3759"/><operation classType="Operation" humanType="Operation" icon="ripples_files/icon_operation_1932009480.png" name="getLong" refid="_17_0_5_1_43701b0_1461923350208_98799_3760"/><operation classType="Operation" humanType="Operation" icon="ripples_files/icon_operation_1932009480.png" name="getShort" refid="_17_0_5_1_43701b0_1461923350208_271773_3758"/><operation classType="Operation" humanType="Operation" icon="ripples_files/icon_operation_1932009480.png" name="setBoolean" refid="_17_0_5_1_43701b0_1461923350208_286051_3763"/><operation classType="Operation" humanType="Operation" icon="ripples_files/icon_operation_1932009480.png" name="setByte" refid="_17_0_5_1_43701b0_1461923350209_506417_3764"/><operation classType="Operation" humanType="Operation" icon="ripples_files/icon_operation_1932009480.png" name="setChar" refid="_17_0_5_1_43701b0_1461923350209_858264_3765"/><operation classType="Operation" humanType="Operation" icon="ripples_files/icon_operation_1932009480.png" name="setDouble" refid="_17_0_5_1_43701b0_1461923350210_878768_3770"/><operation classType="Operation" humanType="Operation" icon="ripples_files/icon_operation_1932009480.png" name="setFloat" refid="_17_0_5_1_43701b0_1461923350210_806248_3769"/><operation classType="Operation" humanType="Operation" icon="ripples_files/icon_operation_1932009480.png" name="setInt" refid="_17_0_5_1_43701b0_1461923350209_92218_3767"/><operation classType="Operation" humanType="Operation" icon="ripples_files/icon_operation_1932009480.png" name="setLong" refid="_17_0_5_1_43701b0_1461923350209_979369_3768"/><operation classType="Operation" humanType="Operation" icon="ripples_files/icon_operation_1932009480.png" name="setShort" refid="_17_0_5_1_43701b0_1461923350209_951156_3766"/><operation classType="Operation" humanType="Operation" icon="ripples_files/icon_operation_1932009480.png" name="toGenericString" refid="_17_0_5_1_43701b0_1461923350207_351282_3753"/><property classType="Property" humanType="Property" icon="ripples_files/icon_property_932503272.png" name="type" refid="_17_0_5_1_43701b0_1461923350210_482075_3772"/></ownedMember><ownedOperation humanName="Owned Operation"><operation classType="Operation" humanType="Operation" icon="ripples_files/icon_operation_1932009480.png" name="get" refid="_17_0_5_1_43701b0_1461923350207_963211_3754"/><operation classType="Operation" humanType="Operation" icon="ripples_files/icon_operation_1932009480.png" name="getBoolean" refid="_17_0_5_1_43701b0_1461923350207_96262_3755"/><operation classType="Operation" humanType="Operation" icon="ripples_files/icon_operation_1932009480.png" name="getByte" refid="_17_0_5_1_43701b0_1461923350207_529451_3756"/><operation classType="Operation" humanType="Operation" icon="ripples_files/icon_operation_1932009480.png" name="getChar" refid="_17_0_5_1_43701b0_1461923350207_660313_3757"/><operation classType="Operation" humanType="Operation" icon="ripples_files/icon_operation_1932009480.png" name="getDouble" refid="_17_0_5_1_43701b0_1461923350208_33985_3762"/><operation classType="Operation" humanType="Operation" icon="ripples_files/icon_operation_1932009480.png" name="getFloat" refid="_17_0_5_1_43701b0_1461923350208_731233_3761"/><operation classType="Operation" humanType="Operation" icon="ripples_files/icon_operation_1932009480.png" name="getInt" refid="_17_0_5_1_43701b0_1461923350208_868557_3759"/><operation classType="Operation" humanType="Operation" icon="ripples_files/icon_operation_1932009480.png" name="getLong" refid="_17_0_5_1_43701b0_1461923350208_98799_3760"/><operation classType="Operation" humanType="Operation" icon="ripples_files/icon_operation_1932009480.png" name="getShort" refid="_17_0_5_1_43701b0_1461923350208_271773_3758"/><operation classType="Operation" humanType="Operation" icon="ripples_files/icon_operation_1932009480.png" name="setBoolean" refid="_17_0_5_1_43701b0_1461923350208_286051_3763"/><operation classType="Operation" humanType="Operation" icon="ripples_files/icon_operation_1932009480.png" name="setByte" refid="_17_0_5_1_43701b0_1461923350209_506417_3764"/><operation classType="Operation" humanType="Operation" icon="ripples_files/icon_operation_1932009480.png" name="setChar" refid="_17_0_5_1_43701b0_1461923350209_858264_3765"/><operation classType="Operation" humanType="Operation" icon="ripples_files/icon_operation_1932009480.png" name="setDouble" refid="_17_0_5_1_43701b0_1461923350210_878768_3770"/><operation classType="Operation" humanType="Operation" icon="ripples_files/icon_operation_1932009480.png" name="setFloat" refid="_17_0_5_1_43701b0_1461923350210_806248_3769"/><operation classType="Operation" humanType="Operation" icon="ripples_files/icon_operation_1932009480.png" name="setInt" refid="_17_0_5_1_43701b0_1461923350209_92218_3767"/><operation classType="Operation" humanType="Operation" icon="ripples_files/icon_operation_1932009480.png" name="setLong" refid="_17_0_5_1_43701b0_1461923350209_979369_3768"/><operation classType="Operation" humanType="Operation" icon="ripples_files/icon_operation_1932009480.png" name="setShort" refid="_17_0_5_1_43701b0_1461923350209_951156_3766"/><operation classType="Operation" humanType="Operation" icon="ripples_files/icon_operation_1932009480.png" name="toGenericString" refid="_17_0_5_1_43701b0_1461923350207_351282_3753"/></ownedOperation><owner classType="Package" humanName="Owner" humanType="Package" icon="ripples_files/icon_package_1584688439.png" mode="s,e" name="Java Reflection" refid="_17_0_5_1_43701b0_1462171467184_515020_8291"/><owningPackage classType="Package" humanName="Owning Package" humanType="Package" icon="ripples_files/icon_package_1584688439.png" name="Java Reflection" refid="_17_0_5_1_43701b0_1462171467184_515020_8291"/><package classType="Package" humanName="Package" humanType="Package" icon="ripples_files/icon_package_1584688439.png" name="Java Reflection" refid="_17_0_5_1_43701b0_1462171467184_515020_8291"/><qualifiedName humanName="Qualified Name" mode="e">Java Reflection::Field</qualifiedName><realizedInterfaces humanName="Realized Interface" mode="s,e"><interface classType="Interface" humanType="Interface" icon="ripples_files/icon_interface_753692748.png" name="Member" refid="_17_0_5_1_43701b0_1461923350105_720350_3410"/></realizedInterfaces><role humanName="Role"><property classType="Property" humanType="Property" icon="ripples_files/icon_property_932503272.png" name="annotatedType" refid="_17_0_5_1_43701b0_1461923350210_535383_3774"/><property classType="Property" humanType="Property" icon="ripples_files/icon_property_932503272.png" name="enumConstant" refid="_17_0_5_1_43701b0_1461923350210_964943_3771"/><property classType="Property" humanType="Property" icon="ripples_files/icon_property_932503272.png" name="genericType" refid="_17_0_5_1_43701b0_1461923350210_787395_3773"/><property classType="Property" humanType="Property" icon="ripples_files/icon_property_932503272.png" name="type" refid="_17_0_5_1_43701b0_1461923350210_482075_3772"/></role><specifyingElement humanName="Specifying Element"><interface classType="Interface" humanType="Interface" icon="ripples_files/icon_interface_753692748.png" name="Member" refid="_17_0_5_1_43701b0_1461923350105_720350_3410"/></specifyingElement><superClass humanName="Super Class"><class classType="Class" humanType="Class" icon="ripples_files/icon_class_1403380247.png" name="AccessibleObject" refid="_17_0_5_1_43701b0_1461923350097_173006_3382"/></superClass><TO_DO humanName="To Do" mode="s,e"/><visibility humanName="Visibility" mode="e">public</visibility><appearsIn><diagram classType="Diagram" humanType="Diagram" icon="ripples_files/icon_Class Diagram_62827829.png" name="Generics Associations" refid="_17_0_5_1_43701b0_1461923350141_67354_3505"/><diagram classType="Diagram" humanType="Diagram" icon="ripples_files/icon_Class Diagram_62827829.png" name="Core Hierarchy" refid="_17_0_5_1_43701b0_1461923350115_398316_3462"/><diagram classType="Diagram" humanType="Diagram" icon="ripples_files/icon_Class Diagram_62827829.png" name="Core Relationships" refid="_17_0_5_1_43701b0_1461923350148_642350_3526"/><diagram classType="Diagram" humanType="Diagram" icon="ripples_files/icon_Class Diagram_62827829.png" name="Annotations Relationships" refid="_17_0_5_1_43701b0_1461923350169_961248_3589"/></appearsIn></class></magicdraw>