<?xml version="1.0" encoding="UTF-8"?><magicdraw><diagram classType="Diagram" diagramType="Class Diagram" height="315" humanType="Diagram" icon="ripples_files/icon_Class Diagram_62827829.png" id="_17_0_5_1_43701b0_1461923350162_929744_3568" src="ripples_files/_17_0_5_1_43701b0_1461923350162_929744_3568.png" width="344"><APPLIED_STEREOTYPES humanName="Applied Stereotype" mode="s,e"><stereotype classType="Stereotype" humanType="Stereotype" icon="ripples_files/icon_stereotype_1934908288.png" name="DiagramInfo" refid="_9_0_be00301_1108044380615_150487_0"/></APPLIED_STEREOTYPES><appliedStereotype humanName="Applied Stereotype" mode="s,e"><stereotype classType="Stereotype" humanType="Stereotype" icon="ripples_files/icon_stereotype_1934908288.png" name="DiagramInfo" refid="_9_0_be00301_1108044380615_150487_0"><property classType="Property" humanName="Author" humanType="Property" icon="ripples_files/icon_property_932503272.png" name="Author" refid="_be00301_1077726770128_871366_1"><String>john</String></property><property classType="Property" humanName="Base_ Diagram" humanType="Property" icon="ripples_files/icon_property_932503272.png" name="base_Diagram" refid="_10_0EAPbeta_be00301_1123081772498_901864_356"/><property classType="Property" humanName="Base_ Element" humanType="Property" icon="ripples_files/icon_property_932503272.png" name="base_Element" refid="_10_0EAPbeta_be00301_1123081772098_411862_275"/><property classType="Property" humanName="Creation Date" humanType="Property" icon="ripples_files/icon_property_932503272.png" name="Creation date" refid="_be00301_1073306188629_537791_2"><String>4/29/16 11:49 AM</String></property><property classType="Property" humanName="Last modified by" humanType="Property" icon="ripples_files/icon_property_932503272.png" name="Last modified by" refid="_16_8beta_8ca0285_1257244649124_794756_344"><String>john</String></property><property classType="Property" humanName="Modification Date" humanType="Property" icon="ripples_files/icon_property_932503272.png" name="Modification date" refid="_be00301_1073394345322_922552_1"><String>8/19/16 1:12 PM</String></property></stereotype></appliedStereotype><appliedStereotypeInstance classType="InstanceSpecification" humanName="Applied Stereotype Instance" humanType="Instance Specification" icon="ripples_files/icon_instancespecification_1939970407.png" name=" : DiagramInfo" refid="_17_0_5_1_43701b0_1461923350235_674824_3878"/><map><area isNotContentShape="false" name="Generalization" refid="_17_0_5_1_43701b0_1461923350185_877411_3634" shape="poly" type="0"><point x="127" y="111"/><point x="127" y="125"/><point x="125" y="127"/><point x="125" y="113"/></area><area isNotContentShape="false" name="Generalization" refid="_17_0_5_1_43701b0_1461923350185_660278_3632" shape="poly" type="0"><point x="201" y="111"/><point x="201" y="125"/><point x="199" y="127"/><point x="199" y="113"/></area><area isNotContentShape="false" name="Interface Realization" refid="_17_0_5_1_43701b0_1461923350188_879423_3648" shape="poly" type="0"><point x="167" y="233"/><point x="187" y="265"/><point x="185" y="267"/><point x="165" y="235"/></area><area isNotContentShape="false" name="Interface Realization" refid="_17_0_5_1_43701b0_1461923350203_467500_3728" shape="poly" type="0"><point x="154" y="233"/><point x="137" y="265"/><point x="135" y="267"/><point x="152" y="235"/></area><area isNotContentShape="false" name="Interface Realization" refid="_17_0_5_1_43701b0_1461923350185_923782_3633" shape="poly" type="0"><point x="213" y="85"/><point x="246" y="96"/><point x="244" y="98"/><point x="211" y="87"/></area><area isNotContentShape="false" name="Generalization" refid="_17_0_5_1_43701b0_1461923350185_736009_3635" shape="poly" type="0"><point x="148" y="111"/><point x="148" y="160"/><point x="146" y="162"/><point x="146" y="113"/></area><area isNotContentShape="false" name="Generalization" refid="_17_0_5_1_43701b0_1461923350185_600019_3631" shape="poly" type="0"><point x="176" y="111"/><point x="176" y="160"/><point x="174" y="162"/><point x="174" y="113"/></area><area isNotContentShape="false" name="Class Class" refid="_17_0_5_1_43701b0_1461923350094_55897_3374" shape="rect" type="0"><point x="175" y="266"/><point x="212" y="266"/><point x="212" y="291"/><point x="175" y="291"/></area><area isNotContentShape="false" name="Class Class" refid="_17_0_5_1_43701b0_1461923350094_55897_3374" shape="rect" type="0"><point x="245" y="91"/><point x="282" y="91"/><point x="282" y="116"/><point x="245" y="116"/></area><area isNotContentShape="false" name="Class Executable" refid="_17_0_5_1_43701b0_1461923350098_731815_3384" shape="rect" type="0"><point x="98" y="266"/><point x="164" y="266"/><point x="164" y="291"/><point x="98" y="291"/></area><area isNotContentShape="false" name="Interface TypeVariable" refid="_17_0_5_1_43701b0_1461923350093_956120_3372" shape="rect" type="0"><point x="168" y="161"/><point x="259" y="161"/><point x="259" y="186"/><point x="168" y="186"/></area><area isNotContentShape="false" name="Interface WildcardType" refid="_17_0_5_1_43701b0_1461923350093_426228_3373" shape="rect" type="0"><point x="189" y="126"/><point x="284" y="126"/><point x="284" y="151"/><point x="189" y="151"/></area><area isNotContentShape="false" name="Property typeName" refid="_17_0_5_1_43701b0_1461923350185_60187_3636" shape="rect" type="0"><point x="115" y="71"/><point x="210" y="71"/><point x="210" y="85"/><point x="115" y="85"/></area><area isNotContentShape="false" name="Interface Type" refid="_17_0_5_1_43701b0_1461923350088_841582_3369" shape="rect" type="0"><point x="112" y="49"/><point x="213" y="49"/><point x="213" y="91"/><point x="112" y="91"/></area><area isNotContentShape="false" name="Interface GenericArrayType" refid="_17_0_5_1_43701b0_1461923350092_886739_3370" shape="rect" type="0"><point x="21" y="126"/><point x="139" y="126"/><point x="139" y="151"/><point x="21" y="151"/></area><area isNotContentShape="false" name="Interface GenericDeclaration" refid="_17_0_5_1_43701b0_1461923350097_986189_3381" shape="rect" type="0"><point x="98" y="210"/><point x="222" y="210"/><point x="222" y="235"/><point x="98" y="235"/></area><area isNotContentShape="false" name="Interface ParameterizedType" refid="_17_0_5_1_43701b0_1461923350093_436421_3371" shape="rect" type="0"><point x="35" y="161"/><point x="159" y="161"/><point x="159" y="186"/><point x="35" y="186"/></area></map><name humanName="Name" mode="s,e">Generics Hierarchy</name><namespace classType="Package" humanName="Namespace" humanType="Package" icon="ripples_files/icon_package_1584688439.png" name="Java Reflection" refid="_17_0_5_1_43701b0_1462171467184_515020_8291"/><ownedElement humanName="Owned Element"><instancespecification classType="InstanceSpecification" humanType="Instance Specification" icon="ripples_files/icon_instancespecification_1939970407.png" name=" : DiagramInfo" refid="_17_0_5_1_43701b0_1461923350235_674824_3878"/></ownedElement><owner classType="Package" humanName="Owner" humanType="Package" icon="ripples_files/icon_package_1584688439.png" mode="s,e" name="Java Reflection" refid="_17_0_5_1_43701b0_1462171467184_515020_8291"/><ownerOfDiagram classType="Package" humanName="Owner Of Diagram" humanType="Package" icon="ripples_files/icon_package_1584688439.png" name="Java Reflection" refid="_17_0_5_1_43701b0_1462171467184_515020_8291"/><qualifiedName humanName="Qualified Name" mode="e">Java Reflection::Generics Hierarchy</qualifiedName><TO_DO humanName="To Do" mode="s,e"/><DIAGRAM_TYPE_DERIVED_PROPERTY humanName="Type">Class Diagram</DIAGRAM_TYPE_DERIVED_PROPERTY><visibility humanName="Visibility">public</visibility><appearsIn><diagram classType="Diagram" humanType="Diagram" icon="ripples_files/icon_Class Diagram_62827829.png" name="Overview" refid="_17_0_5_1_43701b0_1461923350177_263390_3610"/><diagram classType="Diagram" humanType="Diagram" icon="ripples_files/icon_Class Diagram_62827829.png" name="Java Reflection Overview" refid="_17_0_5_1_43701b0_1461923439215_855377_7821"/></appearsIn></diagram></magicdraw>