<?xml version="1.0" encoding="UTF-8"?><magicdraw><diagram classType="Diagram" diagramType="Class Diagram" height="753" humanType="Diagram" icon="ripples_files/icon_Class Diagram_62827829.png" id="_17_0_5_1_43701b0_1461923350169_961248_3589" src="ripples_files/_17_0_5_1_43701b0_1461923350169_961248_3589.png" width="867"><APPLIED_STEREOTYPES humanName="Applied Stereotype" mode="s,e"><stereotype classType="Stereotype" humanType="Stereotype" icon="ripples_files/icon_stereotype_1934908288.png" name="DiagramInfo" refid="_9_0_be00301_1108044380615_150487_0"/></APPLIED_STEREOTYPES><appliedStereotype humanName="Applied Stereotype" mode="s,e"><stereotype classType="Stereotype" humanType="Stereotype" icon="ripples_files/icon_stereotype_1934908288.png" name="DiagramInfo" refid="_9_0_be00301_1108044380615_150487_0"><property classType="Property" humanName="Author" humanType="Property" icon="ripples_files/icon_property_932503272.png" name="Author" refid="_be00301_1077726770128_871366_1"><String>john</String></property><property classType="Property" humanName="Base_ Diagram" humanType="Property" icon="ripples_files/icon_property_932503272.png" name="base_Diagram" refid="_10_0EAPbeta_be00301_1123081772498_901864_356"/><property classType="Property" humanName="Base_ Element" humanType="Property" icon="ripples_files/icon_property_932503272.png" name="base_Element" refid="_10_0EAPbeta_be00301_1123081772098_411862_275"/><property classType="Property" humanName="Creation Date" humanType="Property" icon="ripples_files/icon_property_932503272.png" name="Creation date" refid="_be00301_1073306188629_537791_2"><String>4/29/16 11:49 AM</String></property><property classType="Property" humanName="Last modified by" humanType="Property" icon="ripples_files/icon_property_932503272.png" name="Last modified by" refid="_16_8beta_8ca0285_1257244649124_794756_344"><String>john</String></property><property classType="Property" humanName="Modification Date" humanType="Property" icon="ripples_files/icon_property_932503272.png" name="Modification date" refid="_be00301_1073394345322_922552_1"><String>8/19/16 1:12 PM</String></property></stereotype></appliedStereotype><appliedStereotypeInstance classType="InstanceSpecification" humanName="Applied Stereotype Instance" humanType="Instance Specification" icon="ripples_files/icon_instancespecification_1939970407.png" name=" : DiagramInfo" refid="_17_0_5_1_43701b0_1461923350237_869559_3879"/><map><area isNotContentShape="false" name="Property annotationsByType" refid="_17_0_5_1_43701b0_1461923350201_890322_3714" shape="rect" type="0"><point x="550" y="149"/><point x="561" y="149"/><point x="561" y="160"/><point x="550" y="160"/></area><area isNotContentShape="false" name="Property" refid="_17_0_5_1_43701b0_1461923350216_337395_3814" shape="rect" type="0"><point x="281" y="149"/><point x="292" y="149"/><point x="292" y="160"/><point x="281" y="160"/></area><area isNotContentShape="false" name="Property declaredAnnotations" refid="_17_0_5_1_43701b0_1461923350201_122336_3716" shape="rect" type="0"><point x="550" y="230"/><point x="561" y="230"/><point x="561" y="241"/><point x="550" y="241"/></area><area isNotContentShape="false" name="Property" refid="_17_0_5_1_43701b0_1461923350216_131054_3816" shape="rect" type="0"><point x="281" y="230"/><point x="292" y="230"/><point x="292" y="241"/><point x="281" y="241"/></area><area isNotContentShape="false" name="Property annotation" refid="_17_0_5_1_43701b0_1461923350201_640221_3712" shape="rect" type="0"><point x="550" y="56"/><point x="561" y="56"/><point x="561" y="67"/><point x="550" y="67"/></area><area isNotContentShape="false" name="Property" refid="_17_0_5_1_43701b0_1461923350215_859340_3812" shape="rect" type="0"><point x="281" y="56"/><point x="292" y="56"/><point x="292" y="67"/><point x="281" y="67"/></area><area isNotContentShape="false" name="Property annotations" refid="_17_0_5_1_43701b0_1461923350201_991593_3713" shape="rect" type="0"><point x="550" y="104"/><point x="561" y="104"/><point x="561" y="115"/><point x="550" y="115"/></area><area isNotContentShape="false" name="Property" refid="_17_0_5_1_43701b0_1461923350216_269441_3813" shape="rect" type="0"><point x="281" y="104"/><point x="292" y="104"/><point x="292" y="115"/><point x="281" y="115"/></area><area isNotContentShape="false" name="Property declaredAnnotation" refid="_17_0_5_1_43701b0_1461923350201_799554_3715" shape="rect" type="0"><point x="550" y="188"/><point x="561" y="188"/><point x="561" y="199"/><point x="550" y="199"/></area><area isNotContentShape="false" name="Property" refid="_17_0_5_1_43701b0_1461923350216_222883_3815" shape="rect" type="0"><point x="281" y="188"/><point x="292" y="188"/><point x="292" y="199"/><point x="281" y="199"/></area><area isNotContentShape="false" name="Property declaredAnnotationsByType" refid="_17_0_5_1_43701b0_1461923350202_315971_3717" shape="rect" type="0"><point x="550" y="272"/><point x="561" y="272"/><point x="561" y="283"/><point x="550" y="283"/></area><area isNotContentShape="false" name="Property" refid="_17_0_5_1_43701b0_1461923350216_216963_3817" shape="rect" type="0"><point x="281" y="272"/><point x="292" y="272"/><point x="292" y="283"/><point x="281" y="283"/></area><area isNotContentShape="false" name="Property parameterAnnotations" refid="_17_0_5_1_43701b0_1461923350206_293589_3747" shape="rect" type="0"><point x="644" y="68"/><point x="655" y="68"/><point x="655" y="79"/><point x="644" y="79"/></area><area isNotContentShape="false" name="Property" refid="_17_0_5_1_43701b0_1461923350218_80249_3836" shape="rect" type="0"><point x="767" y="68"/><point x="778" y="68"/><point x="778" y="79"/><point x="767" y="79"/></area><area isNotContentShape="false" name="Property annotatedActualTypeArguments" refid="_17_0_5_1_43701b0_1461923350202_6367_3721" shape="rect" type="0"><point x="410" y="427"/><point x="421" y="427"/><point x="421" y="438"/><point x="410" y="438"/></area><area isNotContentShape="false" name="Property" refid="_17_0_5_1_43701b0_1461923350216_684937_3818" shape="rect" type="0"><point x="220" y="427"/><point x="231" y="427"/><point x="231" y="438"/><point x="220" y="438"/></area><area isNotContentShape="false" name="Property annotatedType" refid="_17_0_5_1_43701b0_1461923350214_769541_3801" shape="rect" type="0"><point x="546" y="523"/><point x="557" y="523"/><point x="557" y="534"/><point x="546" y="534"/></area><area isNotContentShape="false" name="Property" refid="_17_0_5_1_43701b0_1461923350218_709291_3842" shape="rect" type="0"><point x="697" y="523"/><point x="708" y="523"/><point x="708" y="534"/><point x="697" y="534"/></area><area isNotContentShape="false" name="Property annotatedBounds" refid="_17_0_5_1_43701b0_1461923350203_920797_3725" shape="rect" type="0"><point x="410" y="469"/><point x="421" y="469"/><point x="421" y="480"/><point x="410" y="480"/></area><area isNotContentShape="false" name="Property" refid="_17_0_5_1_43701b0_1461923350216_681673_3819" shape="rect" type="0"><point x="223" y="469"/><point x="234" y="469"/><point x="234" y="480"/><point x="223" y="480"/></area><area isNotContentShape="false" name="Property annotatedGenericComponentType" refid="_17_0_5_1_43701b0_1461923350202_288925_3719" shape="rect" type="0"><point x="410" y="385"/><point x="421" y="385"/><point x="421" y="396"/><point x="410" y="396"/></area><area isNotContentShape="false" name="Property" refid="_17_0_5_1_43701b0_1461923350215_947841_3811" shape="rect" type="0"><point x="223" y="385"/><point x="234" y="385"/><point x="234" y="396"/><point x="223" y="396"/></area><area isNotContentShape="false" name="Property" refid="_17_0_5_1_43701b0_1461923350216_276907_3822" shape="rect" type="0"><point x="223" y="597"/><point x="234" y="597"/><point x="234" y="608"/><point x="223" y="608"/></area><area isNotContentShape="false" name="Property annotatedBounds" refid="_17_0_5_1_43701b0_1461923350187_431230_3643" shape="rect" type="0"><point x="410" y="597"/><point x="421" y="597"/><point x="421" y="608"/><point x="410" y="608"/></area><area isNotContentShape="false" name="Property annotatedInterfaces" refid="_17_0_5_1_43701b0_1461923350200_596301_3705" shape="rect" type="0"><point x="546" y="440"/><point x="557" y="440"/><point x="557" y="451"/><point x="546" y="451"/></area><area isNotContentShape="false" name="Property" refid="_17_0_5_1_43701b0_1461923350221_26757_3872" shape="rect" type="0"><point x="697" y="440"/><point x="708" y="440"/><point x="708" y="451"/><point x="697" y="451"/></area><area isNotContentShape="false" name="Property annotatedLowerBounds" refid="_17_0_5_1_43701b0_1461923350203_646075_3726" shape="rect" type="0"><point x="410" y="511"/><point x="421" y="511"/><point x="421" y="522"/><point x="410" y="522"/></area><area isNotContentShape="false" name="Property" refid="_17_0_5_1_43701b0_1461923350216_725753_3820" shape="rect" type="0"><point x="224" y="511"/><point x="235" y="511"/><point x="235" y="522"/><point x="224" y="522"/></area><area isNotContentShape="false" name="Property annotatedExceptionTypes" refid="_17_0_5_1_43701b0_1461923350204_932164_3740" shape="rect" type="0"><point x="546" y="569"/><point x="557" y="569"/><point x="557" y="580"/><point x="546" y="580"/></area><area isNotContentShape="false" name="Property" refid="_17_0_5_1_43701b0_1461923350217_479204_3829" shape="rect" type="0"><point x="697" y="569"/><point x="708" y="569"/><point x="708" y="580"/><point x="697" y="580"/></area><area isNotContentShape="false" name="Property annotatedParameterTypes" refid="_17_0_5_1_43701b0_1461923350205_116167_3741" shape="rect" type="0"><point x="546" y="611"/><point x="557" y="611"/><point x="557" y="622"/><point x="546" y="622"/></area><area isNotContentShape="false" name="Property" refid="_17_0_5_1_43701b0_1461923350217_947111_3830" shape="rect" type="0"><point x="697" y="611"/><point x="708" y="611"/><point x="708" y="622"/><point x="697" y="622"/></area><area isNotContentShape="false" name="Property annotatedSuperclass" refid="_17_0_5_1_43701b0_1461923350200_564761_3704" shape="rect" type="0"><point x="546" y="398"/><point x="557" y="398"/><point x="557" y="409"/><point x="546" y="409"/></area><area isNotContentShape="false" name="Property" refid="_17_0_5_1_43701b0_1461923350221_330619_3871" shape="rect" type="0"><point x="697" y="398"/><point x="708" y="398"/><point x="708" y="409"/><point x="697" y="409"/></area><area isNotContentShape="false" name="Property annotatedReceiverType" refid="_17_0_5_1_43701b0_1461923350205_919989_3742" shape="rect" type="0"><point x="546" y="660"/><point x="557" y="660"/><point x="557" y="671"/><point x="546" y="671"/></area><area isNotContentShape="false" name="Property" refid="_17_0_5_1_43701b0_1461923350217_549684_3831" shape="rect" type="0"><point x="697" y="660"/><point x="708" y="660"/><point x="708" y="671"/><point x="697" y="671"/></area><area isNotContentShape="false" name="Property annotatedUpperBounds" refid="_17_0_5_1_43701b0_1461923350203_896839_3727" shape="rect" type="0"><point x="410" y="555"/><point x="421" y="555"/><point x="421" y="566"/><point x="410" y="566"/></area><area isNotContentShape="false" name="Property" refid="_17_0_5_1_43701b0_1461923350216_260652_3821" shape="rect" type="0"><point x="224" y="555"/><point x="235" y="555"/><point x="235" y="566"/><point x="224" y="566"/></area><area isNotContentShape="false" name="Property annotatedReturnType" refid="_17_0_5_1_43701b0_1461923350205_779157_3743" shape="rect" type="0"><point x="546" y="706"/><point x="557" y="706"/><point x="557" y="717"/><point x="546" y="717"/></area><area isNotContentShape="false" name="Property" refid="_17_0_5_1_43701b0_1461923350217_518650_3832" shape="rect" type="0"><point x="697" y="706"/><point x="708" y="706"/><point x="708" y="717"/><point x="697" y="717"/></area><area isNotContentShape="false" name="Property annotatedType" refid="_17_0_5_1_43701b0_1461923350210_535383_3774" shape="rect" type="0"><point x="546" y="485"/><point x="557" y="485"/><point x="557" y="496"/><point x="546" y="496"/></area><area isNotContentShape="false" name="Property" refid="_17_0_5_1_43701b0_1461923350219_399294_3845" shape="rect" type="0"><point x="697" y="485"/><point x="708" y="485"/><point x="708" y="496"/><point x="697" y="496"/></area><area isNotContentShape="false" name="Property" refid="_17_0_5_1_43701b0_1462220088731_966005_4916" shape="rect" type="0"><point x="644" y="104"/><point x="655" y="104"/><point x="655" y="115"/><point x="644" y="115"/></area><area isNotContentShape="false" name="Property annotation type" refid="_17_0_5_1_43701b0_1462220088731_218784_4915" shape="rect" type="0"><point x="767" y="104"/><point x="778" y="104"/><point x="778" y="115"/><point x="767" y="115"/></area><area isNotContentShape="false" name="Property annotation" refid="_17_0_5_1_43701b0_1461923350201_640221_3712" shape="rect" type="0"><point x="497" y="42"/><point x="554" y="42"/><point x="554" y="56"/><point x="497" y="56"/></area><area isNotContentShape="false" name="Property annotations" refid="_17_0_5_1_43701b0_1461923350201_991593_3713" shape="rect" type="0"><point x="490" y="91"/><point x="554" y="91"/><point x="554" y="105"/><point x="490" y="105"/></area><area isNotContentShape="false" name="Property annotatedType" refid="_17_0_5_1_43701b0_1461923350210_535383_3774" shape="rect" type="0"><point x="549" y="474"/><point x="628" y="474"/><point x="628" y="488"/><point x="549" y="488"/></area><area isNotContentShape="false" name="Property annotatedType" refid="_17_0_5_1_43701b0_1461923350214_769541_3801" shape="rect" type="0"><point x="549" y="512"/><point x="628" y="512"/><point x="628" y="526"/><point x="549" y="526"/></area><area isNotContentShape="false" name="Property annotation type" refid="_17_0_5_1_43701b0_1462220088731_218784_4915" shape="rect" type="0"><point x="693" y="91"/><point x="775" y="91"/><point x="775" y="105"/><point x="693" y="105"/></area><area isNotContentShape="false" name="Property annotatedBounds" refid="_17_0_5_1_43701b0_1461923350203_920797_3725" shape="rect" type="0"><point x="322" y="455"/><point x="415" y="455"/><point x="415" y="469"/><point x="322" y="469"/></area><area isNotContentShape="false" name="Property annotatedBounds" refid="_17_0_5_1_43701b0_1461923350187_431230_3643" shape="rect" type="0"><point x="325" y="586"/><point x="418" y="586"/><point x="418" y="600"/><point x="325" y="600"/></area><area isNotContentShape="false" name="Property declaredAnnotation" refid="_17_0_5_1_43701b0_1461923350201_799554_3715" shape="rect" type="0"><point x="455" y="175"/><point x="556" y="175"/><point x="556" y="189"/><point x="455" y="189"/></area><area isNotContentShape="false" name="Property annotationsByType" refid="_17_0_5_1_43701b0_1461923350201_890322_3714" shape="rect" type="0"><point x="455" y="133"/><point x="557" y="133"/><point x="557" y="147"/><point x="455" y="147"/></area><area isNotContentShape="false" name="Property annotatedInterfaces" refid="_17_0_5_1_43701b0_1461923350200_596301_3705" shape="rect" type="0"><point x="549" y="429"/><point x="652" y="429"/><point x="652" y="443"/><point x="549" y="443"/></area><area isNotContentShape="false" name="Property declaredAnnotations" refid="_17_0_5_1_43701b0_1461923350201_122336_3716" shape="rect" type="0"><point x="448" y="214"/><point x="555" y="214"/><point x="555" y="228"/><point x="448" y="228"/></area><area isNotContentShape="false" name="Property annotatedSuperclass" refid="_17_0_5_1_43701b0_1461923350200_564761_3704" shape="rect" type="0"><point x="549" y="387"/><point x="658" y="387"/><point x="658" y="401"/><point x="549" y="401"/></area><area isNotContentShape="false" name="Property annotatedReturnType" refid="_17_0_5_1_43701b0_1461923350205_779157_3743" shape="rect" type="0"><point x="549" y="695"/><point x="661" y="695"/><point x="661" y="709"/><point x="549" y="709"/></area><area isNotContentShape="false" name="Property parameterAnnotations" refid="_17_0_5_1_43701b0_1461923350206_293589_3747" shape="rect" type="0"><point x="647" y="57"/><point x="760" y="57"/><point x="760" y="71"/><point x="647" y="71"/></area><area isNotContentShape="false" name="Property annotatedReceiverType" refid="_17_0_5_1_43701b0_1461923350205_919989_3742" shape="rect" type="0"><point x="549" y="649"/><point x="672" y="649"/><point x="672" y="663"/><point x="549" y="663"/></area><area isNotContentShape="false" name="Property annotatedLowerBounds" refid="_17_0_5_1_43701b0_1461923350203_646075_3726" shape="rect" type="0"><point x="294" y="497"/><point x="417" y="497"/><point x="417" y="511"/><point x="294" y="511"/></area><area isNotContentShape="false" name="Property annotatedUpperBounds" refid="_17_0_5_1_43701b0_1461923350203_896839_3727" shape="rect" type="0"><point x="294" y="539"/><point x="417" y="539"/><point x="417" y="553"/><point x="294" y="553"/></area><area isNotContentShape="false" name="Property annotatedExceptionTypes" refid="_17_0_5_1_43701b0_1461923350204_932164_3740" shape="rect" type="0"><point x="549" y="558"/><point x="682" y="558"/><point x="682" y="572"/><point x="549" y="572"/></area><area isNotContentShape="false" name="Property annotatedParameterTypes" refid="_17_0_5_1_43701b0_1461923350205_116167_3741" shape="rect" type="0"><point x="549" y="600"/><point x="685" y="600"/><point x="685" y="614"/><point x="549" y="614"/></area><area isNotContentShape="false" name="Property declaredAnnotationsByType" refid="_17_0_5_1_43701b0_1461923350202_315971_3717" shape="rect" type="0"><point x="413" y="259"/><point x="558" y="259"/><point x="558" y="273"/><point x="413" y="273"/></area><area isNotContentShape="false" name="Property annotatedActualTypeArguments" refid="_17_0_5_1_43701b0_1461923350202_6367_3721" shape="rect" type="0"><point x="252" y="413"/><point x="416" y="413"/><point x="416" y="427"/><point x="252" y="427"/></area><area isNotContentShape="false" name="Property annotatedGenericComponentType" refid="_17_0_5_1_43701b0_1461923350202_288925_3719" shape="rect" type="0"><point x="242" y="374"/><point x="418" y="374"/><point x="418" y="388"/><point x="242" y="388"/></area><area isNotContentShape="false" name="Association" refid="_17_0_5_1_43701b0_1461923350107_869355_3420" shape="poly" type="0"><point x="645" y="72"/><point x="778" y="72"/><point x="776" y="74"/><point x="643" y="74"/></area><area isNotContentShape="false" name="Association" refid="_17_0_5_1_43701b0_1462220088731_725279_4914" shape="poly" type="0"><point x="778" y="108"/><point x="645" y="108"/><point x="643" y="110"/><point x="776" y="110"/></area><area isNotContentShape="false" name="Association" refid="_17_0_5_1_43701b0_1461923350105_382750_3413" shape="poly" type="0"><point x="547" y="573"/><point x="708" y="573"/><point x="706" y="575"/><point x="545" y="575"/></area><area isNotContentShape="false" name="Association" refid="_17_0_5_1_43701b0_1461923350114_439196_3461" shape="poly" type="0"><point x="547" y="444"/><point x="708" y="444"/><point x="706" y="446"/><point x="545" y="446"/></area><area isNotContentShape="false" name="Association" refid="_17_0_5_1_43701b0_1461923350114_879364_3460" shape="poly" type="0"><point x="547" y="402"/><point x="708" y="402"/><point x="706" y="404"/><point x="545" y="404"/></area><area isNotContentShape="false" name="Association" refid="_17_0_5_1_43701b0_1461923350106_992539_3416" shape="poly" type="0"><point x="547" y="710"/><point x="708" y="710"/><point x="706" y="712"/><point x="545" y="712"/></area><area isNotContentShape="false" name="Association" refid="_17_0_5_1_43701b0_1461923350108_980498_3428" shape="poly" type="0"><point x="547" y="527"/><point x="708" y="527"/><point x="706" y="529"/><point x="545" y="529"/></area><area isNotContentShape="false" name="Association" refid="_17_0_5_1_43701b0_1461923350109_540645_3431" shape="poly" type="0"><point x="547" y="489"/><point x="708" y="489"/><point x="706" y="491"/><point x="545" y="491"/></area><area isNotContentShape="false" name="Association" refid="_17_0_5_1_43701b0_1461923350106_476357_3415" shape="poly" type="0"><point x="547" y="664"/><point x="708" y="664"/><point x="706" y="666"/><point x="545" y="666"/></area><area isNotContentShape="false" name="Association" refid="_17_0_5_1_43701b0_1461923350106_153707_3414" shape="poly" type="0"><point x="547" y="615"/><point x="708" y="615"/><point x="706" y="617"/><point x="545" y="617"/></area><area isNotContentShape="false" name="Association" refid="_17_0_5_1_43701b0_1461923350104_675475_3406" shape="poly" type="0"><point x="421" y="515"/><point x="225" y="515"/><point x="223" y="517"/><point x="419" y="517"/></area><area isNotContentShape="false" name="Association" refid="_17_0_5_1_43701b0_1461923350104_275356_3407" shape="poly" type="0"><point x="421" y="559"/><point x="225" y="559"/><point x="223" y="561"/><point x="419" y="561"/></area><area isNotContentShape="false" name="Association" refid="_17_0_5_1_43701b0_1461923350102_586486_3395" shape="poly" type="0"><point x="421" y="389"/><point x="224" y="389"/><point x="222" y="391"/><point x="419" y="391"/></area><area isNotContentShape="false" name="Association" refid="_17_0_5_1_43701b0_1461923350104_611507_3408" shape="poly" type="0"><point x="224" y="601"/><point x="421" y="601"/><point x="419" y="603"/><point x="222" y="603"/></area><area isNotContentShape="false" name="Association" refid="_17_0_5_1_43701b0_1461923350104_754397_3405" shape="poly" type="0"><point x="421" y="473"/><point x="224" y="473"/><point x="222" y="475"/><point x="419" y="475"/></area><area isNotContentShape="false" name="Association" refid="_17_0_5_1_43701b0_1461923350103_291793_3404" shape="poly" type="0"><point x="421" y="431"/><point x="221" y="431"/><point x="219" y="433"/><point x="419" y="433"/></area><area isNotContentShape="false" name="Association" refid="_17_0_5_1_43701b0_1461923350103_636465_3401" shape="poly" type="0"><point x="561" y="192"/><point x="282" y="192"/><point x="280" y="194"/><point x="559" y="194"/></area><area isNotContentShape="false" name="Association" refid="_17_0_5_1_43701b0_1461923350103_533751_3402" shape="poly" type="0"><point x="561" y="234"/><point x="282" y="234"/><point x="280" y="236"/><point x="559" y="236"/></area><area isNotContentShape="false" name="Association" refid="_17_0_5_1_43701b0_1461923350102_971614_3399" shape="poly" type="0"><point x="561" y="108"/><point x="282" y="108"/><point x="280" y="110"/><point x="559" y="110"/></area><area isNotContentShape="false" name="Association" refid="_17_0_5_1_43701b0_1461923350102_388870_3398" shape="poly" type="0"><point x="561" y="60"/><point x="282" y="60"/><point x="280" y="62"/><point x="559" y="62"/></area><area isNotContentShape="false" name="Association" refid="_17_0_5_1_43701b0_1461923350103_476896_3403" shape="poly" type="0"><point x="561" y="276"/><point x="282" y="276"/><point x="280" y="278"/><point x="559" y="278"/></area><area isNotContentShape="false" name="Association" refid="_17_0_5_1_43701b0_1461923350103_798553_3400" shape="poly" type="0"><point x="561" y="153"/><point x="282" y="153"/><point x="280" y="155"/><point x="559" y="155"/></area><area isNotContentShape="false" name="Class Field" refid="_17_0_5_1_43701b0_1461923350098_684609_3385" shape="rect" type="0"><point x="707" y="476"/><point x="744" y="476"/><point x="744" y="501"/><point x="707" y="501"/></area><area isNotContentShape="false" name="Class Class" refid="_17_0_5_1_43701b0_1461923350094_55897_3374" shape="rect" type="0"><point x="777" y="98"/><point x="814" y="98"/><point x="814" y="123"/><point x="777" y="123"/></area><area isNotContentShape="false" name="Class Parameter" refid="_17_0_5_1_43701b0_1461923350100_6410_3388" shape="rect" type="0"><point x="707" y="511"/><point x="768" y="511"/><point x="768" y="536"/><point x="707" y="536"/></area><area isNotContentShape="false" name="Class Executable" refid="_17_0_5_1_43701b0_1461923350098_731815_3384" shape="rect" type="0"><point x="777" y="56"/><point x="843" y="56"/><point x="843" y="81"/><point x="777" y="81"/></area><area isNotContentShape="false" name="Class Class" refid="_17_0_5_1_43701b0_1461923350094_55897_3374" shape="rect" type="0"><point x="707" y="378"/><point x="778" y="378"/><point x="778" y="463"/><point x="707" y="463"/></area><area isNotContentShape="false" name="Interface TypeVariable" refid="_17_0_5_1_43701b0_1461923350093_956120_3372" shape="rect" type="0"><point x="133" y="588"/><point x="224" y="588"/><point x="224" y="613"/><point x="133" y="613"/></area><area isNotContentShape="false" name="Property type" refid="_17_0_5_1_43701b0_1461923350202_867263_3724" shape="rect" type="0"><point x="423" y="400"/><point x="544" y="400"/><point x="544" y="414"/><point x="423" y="414"/></area><area isNotContentShape="false" name="Property declaredAnnotation" refid="_17_0_5_1_43701b0_1461923350201_799554_3715" shape="rect" type="0"><point x="281" y="184"/><point x="404" y="184"/><point x="404" y="204"/><point x="281" y="204"/></area><area isNotContentShape="false" name="Property annotation" refid="_17_0_5_1_43701b0_1461923350201_640221_3712" shape="rect" type="0"><point x="281" y="52"/><point x="404" y="52"/><point x="404" y="72"/><point x="281" y="72"/></area><area isNotContentShape="false" name="Property declaredAnnotationsByType" refid="_17_0_5_1_43701b0_1461923350202_315971_3717" shape="rect" type="0"><point x="281" y="268"/><point x="404" y="268"/><point x="404" y="288"/><point x="281" y="288"/></area><area isNotContentShape="false" name="Property annotationsByType" refid="_17_0_5_1_43701b0_1461923350201_890322_3714" shape="rect" type="0"><point x="281" y="145"/><point x="404" y="145"/><point x="404" y="165"/><point x="281" y="165"/></area><area isNotContentShape="false" name="Interface AnnotatedArrayType" refid="_17_0_5_1_43701b0_1461923350095_11525_3376" shape="rect" type="0"><point x="91" y="378"/><point x="224" y="378"/><point x="224" y="403"/><point x="91" y="403"/></area><area isNotContentShape="false" name="Interface AnnotatedTypeVariable" refid="_17_0_5_1_43701b0_1461923350096_329202_3379" shape="rect" type="0"><point x="77" y="462"/><point x="224" y="462"/><point x="224" y="487"/><point x="77" y="487"/></area><area isNotContentShape="false" name="Interface AnnotatedWildcardType" refid="_17_0_5_1_43701b0_1461923350096_78956_3380" shape="rect" type="0"><point x="70" y="504"/><point x="225" y="504"/><point x="225" y="575"/><point x="70" y="575"/></area><area isNotContentShape="false" name="Interface AnnotatedParameterizedType" refid="_17_0_5_1_43701b0_1461923350095_796446_3377" shape="rect" type="0"><point x="42" y="420"/><point x="221" y="420"/><point x="221" y="445"/><point x="42" y="445"/></area><area isNotContentShape="false" name="Class Executable" refid="_17_0_5_1_43701b0_1461923350098_731815_3384" shape="rect" type="0"><point x="707" y="546"/><point x="799" y="546"/><point x="799" y="729"/><point x="707" y="729"/></area><area isNotContentShape="false" name="Operation isAnnotationPresent" refid="_17_0_5_1_43701b0_1461923350200_577944_3711" shape="rect" type="0"><point x="45" y="71"/><point x="279" y="71"/><point x="279" y="85"/><point x="45" y="85"/></area><area isNotContentShape="false" name="Interface AnnotatedElement" refid="_17_0_5_1_43701b0_1461923350095_531597_3375" shape="rect" type="0"><point x="42" y="49"/><point x="282" y="49"/><point x="282" y="302"/><point x="42" y="302"/></area><area isNotContentShape="false" name="Interface Annotation" refid="_17_0_5_1_43701b0_1461923350102_794940_3397" shape="rect" type="0"><point x="560" y="49"/><point x="645" y="49"/><point x="645" y="344"/><point x="560" y="344"/></area><area isNotContentShape="false" name="Interface AnnotatedType" refid="_17_0_5_1_43701b0_1461923350096_974606_3378" shape="rect" type="0"><point x="420" y="378"/><point x="547" y="378"/><point x="547" y="729"/><point x="420" y="729"/></area></map><name humanName="Name" mode="s,e">Annotations Relationships</name><namespace classType="Package" humanName="Namespace" humanType="Package" icon="ripples_files/icon_package_1584688439.png" name="Java Reflection" refid="_17_0_5_1_43701b0_1462171467184_515020_8291"/><ownedElement humanName="Owned Element"><instancespecification classType="InstanceSpecification" humanType="Instance Specification" icon="ripples_files/icon_instancespecification_1939970407.png" name=" : DiagramInfo" refid="_17_0_5_1_43701b0_1461923350237_869559_3879"/></ownedElement><owner classType="Package" humanName="Owner" humanType="Package" icon="ripples_files/icon_package_1584688439.png" mode="s,e" name="Java Reflection" refid="_17_0_5_1_43701b0_1462171467184_515020_8291"/><ownerOfDiagram classType="Package" humanName="Owner Of Diagram" humanType="Package" icon="ripples_files/icon_package_1584688439.png" name="Java Reflection" refid="_17_0_5_1_43701b0_1462171467184_515020_8291"/><qualifiedName humanName="Qualified Name" mode="e">Java Reflection::Annotations Relationships</qualifiedName><TO_DO humanName="To Do" mode="s,e"/><DIAGRAM_TYPE_DERIVED_PROPERTY humanName="Type">Class Diagram</DIAGRAM_TYPE_DERIVED_PROPERTY><visibility humanName="Visibility">public</visibility><appearsIn><diagram classType="Diagram" humanType="Diagram" icon="ripples_files/icon_Class Diagram_62827829.png" name="Overview" refid="_17_0_5_1_43701b0_1461923350177_263390_3610"/><diagram classType="Diagram" humanType="Diagram" icon="ripples_files/icon_Class Diagram_62827829.png" name="Java Reflection Overview" refid="_17_0_5_1_43701b0_1461923439215_855377_7821"/></appearsIn></diagram></magicdraw>